sheet	range	group	formula	count	cached	error
تعداد فیش هرشب	D2:D575	1	CN - BN	574	20	
تعداد فیش هرشب	B3		LET(\n  inputDate, AN,\n  sheetName, "اهداف فروش",\n  dataRange, "A:G",\n  result,\n    IF(\n      ISBLANK(inputDate),\n      "",\n      LET(\n        date, GREG_TO_JALALI(inputDate),\n        monthName, GET_JALALI_MONTH_NAME(date),\n        year, GET_JALALI_YEAR(date),\n        data, IMPORT_FROM_SHEET(SheetsFileId_Accounting_Chalebagh, sheetName, dataRange),\n        filteredData, FILTER(data, INDEX(data,,2) = monthName, INDEX(data,,3) = year),\n        INDEX(filteredData,,4)\n      )\n    ),\n  result\n)	1	#N/A	#N/A
تعداد فیش هرشب	B4		LET(\n  inputDate, AN,\n  sheetName, "اهداف فروش",\n  dataRange, "A:G",\n  result,\n    IF(\n      ISBLANK(inputDate),\n      "",\n      LET(\n        date, GREG_TO_JALALI(inputDate),\n        monthName, GET_JALALI_MONTH_NAME(date),\n        year, GET_JALALI_YEAR(date),\n        data, IMPORT_FROM_SHEET(SheetsFileId_Accounting_Chalebagh, sheetName, dataRange),\n        filteredData, FILTER(data, INDEX(data,,2) = monthName, INDEX(data,,3) = year),\n        INDEX(filteredData,,4)\n      )\n    ),\n  result\n)	1	#N/A	#N/A
تعداد فیش هرشب	B5		LET(\n  inputDate, AN,\n  sheetName, "اهداف فروش",\n  dataRange, "A:G",\n  result,\n    IF(\n      ISBLANK(inputDate),\n      "",\n      LET(\n        date, GREG_TO_JALALI(inputDate),\n        monthName, GET_JALALI_MONTH_NAME(date),\n        year, GET_JALALI_YEAR(date),\n        data, IMPORT_FROM_SHEET(SheetsFileId_Accounting_Chalebagh, sheetName, dataRange),\n        filteredData, FILTER(data, INDEX(data,,2) = monthName, INDEX(data,,3) = year),\n        INDEX(filteredData,,4)\n      )\n    ),\n  result\n)	1	#N/A	#N/A
تعداد فیش هرشب	B6		LET(\n  inputDate, AN,\n  sheetName, "اهداف فروش",\n  dataRange, "A:G",\n  result,\n    IF(\n      ISBLANK(inputDate),\n      "",\n      LET(\n        date, GREG_TO_JALALI(inputDate),\n        monthName, GET_JALALI_MONTH_NAME(date),\n        year, GET_JALALI_YEAR(date),\n        data, IMPORT_FROM_SHEET(SheetsFileId_Accounting_Chalebagh, sheetName, dataRange),\n        filteredData, FILTER(data, INDEX(data,,2) = monthName, INDEX(data,,3) = year),\n        INDEX(filteredData,,4)\n      )\n    ),\n  result\n)	1	#N/A	#N/A
تعداد فیش هرشب	B7		LET(\n  inputDate, AN,\n  sheetName, "اهداف فروش",\n  dataRange, "A:G",\n  result,\n    IF(\n      ISBLANK(inputDate),\n      "",\n      LET(\n        date, GREG_TO_JALALI(inputDate),\n        monthName, GET_JALALI_MONTH_NAME(date),\n        year, GET_JALALI_YEAR(date),\n        data, IMPORT_FROM_SHEET(SheetsFileId_Accounting_Chalebagh, sheetName, dataRange),\n        filteredData, FILTER(data, INDEX(data,,2) = monthName, INDEX(data,,3) = year),\n        INDEX(filteredData,,4)\n      )\n    ),\n  result\n)	1	#N/A	#N/A
تعداد فیش هرشب	B8		LET(\n  inputDate, AN,\n  sheetName, "اهداف فروش",\n  dataRange, "A:G",\n  result,\n    IF(\n      ISBLANK(inputDate),\n      "",\n      LET(\n        date, GREG_TO_JALALI(inputDate),\n        monthName, GET_JALALI_MONTH_NAME(date),\n        year, GET_JALALI_YEAR(date),\n        data, IMPORT_FROM_SHEET(SheetsFileId_Accounting_Chalebagh, sheetName, dataRange),\n        filteredData, FILTER(data, INDEX(data,,2) = monthName, INDEX(data,,3) = year),\n        INDEX(filteredData,,4)\n      )\n    ),\n  result\n)	1	#N/A	#N/A
تعداد فیش هرشب	B9		LET(\n  inputDate, AN,\n  sheetName, "اهداف فروش",\n  dataRange, "A:G",\n  result,\n    IF(\n      ISBLANK(inputDate),\n      "",\n      LET(\n        date, GREG_TO_JALALI(inputDate),\n        monthName, GET_JALALI_MONTH_NAME(date),\n        year, GET_JALALI_YEAR(date),\n        data, IMPORT_FROM_SHEET(SheetsFileId_Accounting_Chalebagh, sheetName, dataRange),\n        filteredData, FILTER(data, INDEX(data,,2) = monthName, INDEX(data,,3) = year),\n        INDEX(filteredData,,4)\n      )\n    ),\n  result\n)	1	#N/A	#N/A
تعداد فیش هرشب	B10		LET(\n  inputDate, AN,\n  sheetName, "اهداف فروش",\n  dataRange, "A:G",\n  result,\n    IF(\n      ISBLANK(inputDate),\n      "",\n      LET(\n        date, GREG_TO_JALALI(inputDate),\n        monthName, GET_JALALI_MONTH_NAME(date),\n        year, GET_JALALI_YEAR(date),\n        data, IMPORT_FROM_SHEET(SheetsFileId_Accounting_Chalebagh, sheetName, dataRange),\n        filteredData, FILTER(data, INDEX(data,,2) = monthName, INDEX(data,,3) = year),\n        INDEX(filteredData,,4)\n      )\n    ),\n  result\n)	1	#N/A	#N/A
تعداد فیش هرشب	B11		LET(\n  inputDate, AN,\n  sheetName, "اهداف فروش",\n  dataRange, "A:G",\n  result,\n    IF(\n      ISBLANK(inputDate),\n      "",\n      LET(\n        date, GREG_TO_JALALI(inputDate),\n        monthName, GET_JALALI_MONTH_NAME(date),\n        year, GET_JALALI_YEAR(date),\n        data, IMPORT_FROM_SHEET(SheetsFileId_Accounting_Chalebagh, sheetName, dataRange),\n        filteredData, FILTER(data, INDEX(data,,2) = monthName, INDEX(data,,3) = year),\n        INDEX(filteredData,,4)\n      )\n    ),\n  result\n)	1	#N/A	#N/A
تعداد فیش هرشب	B12		LET(\n  inputDate, AN,\n  sheetName, "اهداف فروش",\n  dataRange, "A:G",\n  result,\n    IF(\n      ISBLANK(inputDate),\n      "",\n      LET(\n        date, GREG_TO_JALALI(inputDate),\n        monthName, GET_JALALI_MONTH_NAME(date),\n        year, GET_JALALI_YEAR(date),\n        data, IMPORT_FROM_SHEET(SheetsFileId_Accounting_Chalebagh, sheetName, dataRange),\n        filteredData, FILTER(data, INDEX(data,,2) = monthName, INDEX(data,,3) = year),\n        INDEX(filteredData,,4)\n      )\n    ),\n  result\n)	1	#N/A	#N/A
تعداد فیش هرشب	B13		LET(\n  inputDate, AN,\n  sheetName, "اهداف فروش",\n  dataRange, "A:G",\n  result,\n    IF(\n      ISBLANK(inputDate),\n      "",\n      LET(\n        date, GREG_TO_JALALI(inputDate),\n        monthName, GET_JALALI_MONTH_NAME(date),\n        year, GET_JALALI_YEAR(date),\n        data, IMPORT_FROM_SHEET(SheetsFileId_Accounting_Chalebagh, sheetName, dataRange),\n        filteredData, FILTER(data, INDEX(data,,2) = monthName, INDEX(data,,3) = year),\n        INDEX(filteredData,,4)\n      )\n    ),\n  result\n)	1	#N/A	#N/A
تعداد فیش هرشب	B14		LET(\n  inputDate, AN,\n  sheetName, "اهداف فروش",\n  dataRange, "A:G",\n  result,\n    IF(\n      ISBLANK(inputDate),\n      "",\n      LET(\n        date, GREG_TO_JALALI(inputDate),\n        monthName, GET_JALALI_MONTH_NAME(date),\n        year, GET_JALALI_YEAR(date),\n        data, IMPORT_FROM_SHEET(SheetsFileId_Accounting_Chalebagh, sheetName, dataRange),\n        filteredData, FILTER(data, INDEX(data,,2) = monthName, INDEX(data,,3) = year),\n        INDEX(filteredData,,4)\n      )\n    ),\n  result\n)	1	#N/A	#N/A
تعداد فیش هرشب	B15		LET(\n  inputDate, AN,\n  sheetName, "اهداف فروش",\n  dataRange, "A:G",\n  result,\n    IF(\n      ISBLANK(inputDate),\n      "",\n      LET(\n        date, GREG_TO_JALALI(inputDate),\n        monthName, GET_JALALI_MONTH_NAME(date),\n        year, GET_JALALI_YEAR(date),\n        data, IMPORT_FROM_SHEET(SheetsFileId_Accounting_Chalebagh, sheetName, dataRange),\n        filteredData, FILTER(data, INDEX(data,,2) = monthName, INDEX(data,,3) = year),\n        INDEX(filteredData,,4)\n      )\n    ),\n  result\n)	1	#N/A	#N/A
تعداد فیش هرشب	B16		LET(\n  inputDate, AN,\n  sheetName, "اهداف فروش",\n  dataRange, "A:G",\n  result,\n    IF(\n      ISBLANK(inputDate),\n      "",\n      LET(\n        date, GREG_TO_JALALI(inputDate),\n        monthName, GET_JALALI_MONTH_NAME(date),\n        year, GET_JALALI_YEAR(date),\n        data, IMPORT_FROM_SHEET(SheetsFileId_Accounting_Chalebagh, sheetName, dataRange),\n        filteredData, FILTER(data, INDEX(data,,2) = monthName, INDEX(data,,3) = year),\n        INDEX(filteredData,,4)\n      )\n    ),\n  result\n)	1	#N/A	#N/A
تعداد فیش هرشب	B17		LET(\n  inputDate, AN,\n  sheetName, "اهداف فروش",\n  dataRange, "A:G",\n  result,\n    IF(\n      ISBLANK(inputDate),\n      "",\n      LET(\n        date, GREG_TO_JALALI(inputDate),\n        monthName, GET_JALALI_MONTH_NAME(date),\n        year, GET_JALALI_YEAR(date),\n        data, IMPORT_FROM_SHEET(SheetsFileId_Accounting_Chalebagh, sheetName, dataRange),\n        filteredData, FILTER(data, INDEX(data,,2) = monthName, INDEX(data,,3) = year),\n        INDEX(filteredData,,4)\n      )\n    ),\n  result\n)	1	#N/A	#N/A
تعداد فیش هرشب	B18		LET(\n  inputDate, AN,\n  sheetName, "اهداف فروش",\n  dataRange, "A:G",\n  result,\n    IF(\n      ISBLANK(inputDate),\n      "",\n      LET(\n        date, GREG_TO_JALALI(inputDate),\n        monthName, GET_JALALI_MONTH_NAME(date),\n        year, GET_JALALI_YEAR(date),\n        data, IMPORT_FROM_SHEET(SheetsFileId_Accounting_Chalebagh, sheetName, dataRange),\n        filteredData, FILTER(data, INDEX(data,,2) = monthName, INDEX(data,,3) = year),\n        INDEX(filteredData,,4)\n      )\n    ),\n  result\n)	1	#N/A	#N/A
تعداد فیش هرشب	B19		LET(\n  inputDate, AN,\n  sheetName, "اهداف فروش",\n  dataRange, "A:G",\n  result,\n    IF(\n      ISBLANK(inputDate),\n      "",\n      LET(\n        date, GREG_TO_JALALI(inputDate),\n        monthName, GET_JALALI_MONTH_NAME(date),\n        year, GET_JALALI_YEAR(date),\n        data, IMPORT_FROM_SHEET(SheetsFileId_Accounting_Chalebagh, sheetName, dataRange),\n        filteredData, FILTER(data, INDEX(data,,2) = monthName, INDEX(data,,3) = year),\n        INDEX(filteredData,,4)\n      )\n    ),\n  result\n)	1	#N/A	#N/A
تعداد فیش هرشب	B20		LET(\n  inputDate, AN,\n  sheetName, "اهداف فروش",\n  dataRange, "A:G",\n  result,\n    IF(\n      ISBLANK(inputDate),\n      "",\n      LET(\n        date, GREG_TO_JALALI(inputDate),\n        monthName, GET_JALALI_MONTH_NAME(date),\n        year, GET_JALALI_YEAR(date),\n        data, IMPORT_FROM_SHEET(SheetsFileId_Accounting_Chalebagh, sheetName, dataRange),\n        filteredData, FILTER(data, INDEX(data,,2) = monthName, INDEX(data,,3) = year),\n        INDEX(filteredData,,4)\n      )\n    ),\n  result\n)	1	#N/A	#N/A
تعداد فیش هرشب	B21		LET(\n  inputDate, AN,\n  sheetName, "اهداف فروش",\n  dataRange, "A:G",\n  result,\n    IF(\n      ISBLANK(inputDate),\n      "",\n      LET(\n        date, GREG_TO_JALALI(inputDate),\n        monthName, GET_JALALI_MONTH_NAME(date),\n        year, GET_JALALI_YEAR(date),\n        data, IMPORT_FROM_SHEET(SheetsFileId_Accounting_Chalebagh, sheetName, dataRange),\n        filteredData, FILTER(data, INDEX(data,,2) = monthName, INDEX(data,,3) = year),\n        INDEX(filteredData,,4)\n      )\n    ),\n  result\n)	1	#N/A	#N/A
تعداد فیش هرشب	B22		LET(\n  inputDate, AN,\n  sheetName, "اهداف فروش",\n  dataRange, "A:G",\n  result,\n    IF(\n      ISBLANK(inputDate),\n      "",\n      LET(\n        date, GREG_TO_JALALI(inputDate),\n        monthName, GET_JALALI_MONTH_NAME(date),\n        year, GET_JALALI_YEAR(date),\n        data, IMPORT_FROM_SHEET(SheetsFileId_Accounting_Chalebagh, sheetName, dataRange),\n        filteredData, FILTER(data, INDEX(data,,2) = monthName, INDEX(data,,3) = year),\n        INDEX(filteredData,,4)\n      )\n    ),\n  result\n)	1	#N/A	#N/A
تعداد فیش هرشب	B23		LET(\n  inputDate, AN,\n  sheetName, "اهداف فروش",\n  dataRange, "A:G",\n  result,\n    IF(\n      ISBLANK(inputDate),\n      "",\n      LET(\n        date, GREG_TO_JALALI(inputDate),\n        monthName, GET_JALALI_MONTH_NAME(date),\n        year, GET_JALALI_YEAR(date),\n        data, IMPORT_FROM_SHEET(SheetsFileId_Accounting_Chalebagh, sheetName, dataRange),\n        filteredData, FILTER(data, INDEX(data,,2) = monthName, INDEX(data,,3) = year),\n        INDEX(filteredData,,4)\n      )\n    ),\n  result\n)	1	#N/A	#N/A
تعداد فیش هرشب	B24		LET(\n  inputDate, AN,\n  sheetName, "اهداف فروش",\n  dataRange, "A:G",\n  result,\n    IF(\n      ISBLANK(inputDate),\n      "",\n      LET(\n        date, GREG_TO_JALALI(inputDate),\n        monthName, GET_JALALI_MONTH_NAME(date),\n        year, GET_JALALI_YEAR(date),\n        data, IMPORT_FROM_SHEET(SheetsFileId_Accounting_Chalebagh, sheetName, dataRange),\n        filteredData, FILTER(data, INDEX(data,,2) = monthName, INDEX(data,,3) = year),\n        INDEX(filteredData,,4)\n      )\n    ),\n  result\n)	1	#N/A	#N/A
تعداد فیش هرشب	B25		LET(\n  inputDate, AN,\n  sheetName, "اهداف فروش",\n  dataRange, "A:G",\n  result,\n    IF(\n      ISBLANK(inputDate),\n      "",\n      LET(\n        date, GREG_TO_JALALI(inputDate),\n        monthName, GET_JALALI_MONTH_NAME(date),\n        year, GET_JALALI_YEAR(date),\n        data, IMPORT_FROM_SHEET(SheetsFileId_Accounting_Chalebagh, sheetName, dataRange),\n        filteredData, FILTER(data, INDEX(data,,2) = monthName, INDEX(data,,3) = year),\n        INDEX(filteredData,,4)\n      )\n    ),\n  result\n)	1	#N/A	#N/A
تعداد فیش هرشب	B26		LET(\n  inputDate, AN,\n  sheetName, "اهداف فروش",\n  dataRange, "A:G",\n  result,\n    IF(\n      ISBLANK(inputDate),\n      "",\n      LET(\n        date, GREG_TO_JALALI(inputDate),\n        monthName, GET_JALALI_MONTH_NAME(date),\n        year, GET_JALALI_YEAR(date),\n        data, IMPORT_FROM_SHEET(SheetsFileId_Accounting_Chalebagh, sheetName, dataRange),\n        filteredData, FILTER(data, INDEX(data,,2) = monthName, INDEX(data,,3) = year),\n        INDEX(filteredData,,4)\n      )\n    ),\n  result\n)	1	#N/A	#N/A
تعداد فیش هرشب	B27		LET(\n  inputDate, AN,\n  sheetName, "اهداف فروش",\n  dataRange, "A:G",\n  result,\n    IF(\n      ISBLANK(inputDate),\n      "",\n      LET(\n        date, GREG_TO_JALALI(inputDate),\n        monthName, GET_JALALI_MONTH_NAME(date),\n        year, GET_JALALI_YEAR(date),\n        data, IMPORT_FROM_SHEET(SheetsFileId_Accounting_Chalebagh, sheetName, dataRange),\n        filteredData, FILTER(data, INDEX(data,,2) = monthName, INDEX(data,,3) = year),\n        INDEX(filteredData,,4)\n      )\n    ),\n  result\n)	1	#N/A	#N/A
تعداد فیش هرشب	B28		LET(\n  inputDate, AN,\n  sheetName, "اهداف فروش",\n  dataRange, "A:G",\n  result,\n    IF(\n      ISBLANK(inputDate),\n      "",\n      LET(\n        date, GREG_TO_JALALI(inputDate),\n        monthName, GET_JALALI_MONTH_NAME(date),\n        year, GET_JALALI_YEAR(date),\n        data, IMPORT_FROM_SHEET(SheetsFileId_Accounting_Chalebagh, sheetName, dataRange),\n        filteredData, FILTER(data, INDEX(data,,2) = monthName, INDEX(data,,3) = year),\n        INDEX(filteredData,,4)\n      )\n    ),\n  result\n)	1	#N/A	#N/A
تعداد فیش هرشب	B29		LET(\n  inputDate, AN,\n  sheetName, "اهداف فروش",\n  dataRange, "A:G",\n  result,\n    IF(\n      ISBLANK(inputDate),\n      "",\n      LET(\n        date, GREG_TO_JALALI(inputDate),\n        monthName, GET_JALALI_MONTH_NAME(date),\n        year, GET_JALALI_YEAR(date),\n        data, IMPORT_FROM_SHEET(SheetsFileId_Accounting_Chalebagh, sheetName, dataRange),\n        filteredData, FILTER(data, INDEX(data,,2) = monthName, INDEX(data,,3) = year),\n        INDEX(filteredData,,4)\n      )\n    ),\n  result\n)	1	#N/A	#N/A
تعداد فیش هرشب	B30		LET(\n  inputDate, AN,\n  sheetName, "اهداف فروش",\n  dataRange, "A:G",\n  result,\n    IF(\n      ISBLANK(inputDate),\n      "",\n      LET(\n        date, GREG_TO_JALALI(inputDate),\n        monthName, GET_JALALI_MONTH_NAME(date),\n        year, GET_JALALI_YEAR(date),\n        data, IMPORT_FROM_SHEET(SheetsFileId_Accounting_Chalebagh, sheetName, dataRange),\n        filteredData, FILTER(data, INDEX(data,,2) = monthName, INDEX(data,,3) = year),\n        INDEX(filteredData,,4)\n      )\n    ),\n  result\n)	1	#N/A	#N/A
تعداد فیش هرشب	B31		LET(\n  inputDate, AN,\n  sheetName, "اهداف فروش",\n  dataRange, "A:G",\n  result,\n    IF(\n      ISBLANK(inputDate),\n      "",\n      LET(\n        date, GREG_TO_JALALI(inputDate),\n        monthName, GET_JALALI_MONTH_NAME(date),\n        year, GET_JALALI_YEAR(date),\n        data, IMPORT_FROM_SHEET(SheetsFileId_Accounting_Chalebagh, sheetName, dataRange),\n        filteredData, FILTER(data, INDEX(data,,2) = monthName, INDEX(data,,3) = year),\n        INDEX(filteredData,,4)\n      )\n    ),\n  result\n)	1	#N/A	#N/A
تعداد فیش هرشب	B32		LET(\n  inputDate, AN,\n  sheetName, "اهداف فروش",\n  dataRange, "A:G",\n  result,\n    IF(\n      ISBLANK(inputDate),\n      "",\n      LET(\n        date, GREG_TO_JALALI(inputDate),\n        monthName, GET_JALALI_MONTH_NAME(date),\n        year, GET_JALALI_YEAR(date),\n        data, IMPORT_FROM_SHEET(SheetsFileId_Accounting_Chalebagh, sheetName, dataRange),\n        filteredData, FILTER(data, INDEX(data,,2) = monthName, INDEX(data,,3) = year),\n        INDEX(filteredData,,4)\n      )\n    ),\n  result\n)	1	#N/A	#N/A
تعداد فیش هرشب	B33		LET(\n  inputDate, AN,\n  sheetName, "اهداف فروش",\n  dataRange, "A:G",\n  result,\n    IF(\n      ISBLANK(inputDate),\n      "",\n      LET(\n        date, GREG_TO_JALALI(inputDate),\n        monthName, GET_JALALI_MONTH_NAME(date),\n        year, GET_JALALI_YEAR(date),\n        data, IMPORT_FROM_SHEET(SheetsFileId_Accounting_Chalebagh, sheetName, dataRange),\n        filteredData, FILTER(data, INDEX(data,,2) = monthName, INDEX(data,,3) = year),\n        INDEX(filteredData,,4)\n      )\n    ),\n  result\n)	1	#N/A	#N/A
تعداد فیش هرشب	B34		LET(\n  inputDate, AN,\n  sheetName, "اهداف فروش",\n  dataRange, "A:G",\n  result,\n    IF(\n      ISBLANK(inputDate),\n      "",\n      LET(\n        date, GREG_TO_JALALI(inputDate),\n        monthName, GET_JALALI_MONTH_NAME(date),\n        year, GET_JALALI_YEAR(date),\n        data, IMPORT_FROM_SHEET(SheetsFileId_Accounting_Chalebagh, sheetName, dataRange),\n        filteredData, FILTER(data, INDEX(data,,2) = monthName, INDEX(data,,3) = year),\n        INDEX(filteredData,,4)\n      )\n    ),\n  result\n)	1		
تعداد فیش هرشب	B35		LET(\n  inputDate, AN,\n  sheetName, "اهداف فروش",\n  dataRange, "A:G",\n  result,\n    IF(\n      ISBLANK(inputDate),\n      "",\n      LET(\n        date, GREG_TO_JALALI(inputDate),\n        monthName, GET_JALALI_MONTH_NAME(date),\n        year, GET_JALALI_YEAR(date),\n        data, IMPORT_FROM_SHEET(SheetsFileId_Accounting_Chalebagh, sheetName, dataRange),\n        filteredData, FILTER(data, INDEX(data,,2) = monthName, INDEX(data,,3) = year),\n        INDEX(filteredData,,4)\n      )\n    ),\n  result\n)	1		
تعداد فیش هرشب	B36		LET(\n  inputDate, AN,\n  sheetName, "اهداف فروش",\n  dataRange, "A:G",\n  result,\n    IF(\n      ISBLANK(inputDate),\n      "",\n      LET(\n        date, GREG_TO_JALALI(inputDate),\n        monthName, GET_JALALI_MONTH_NAME(date),\n        year, GET_JALALI_YEAR(date),\n        data, IMPORT_FROM_SHEET(SheetsFileId_Accounting_Chalebagh, sheetName, dataRange),\n        filteredData, FILTER(data, INDEX(data,,2) = monthName, INDEX(data,,3) = year),\n        INDEX(filteredData,,4)\n      )\n    ),\n  result\n)	1		
تعداد فیش هرشب	B37		LET(\n  inputDate, AN,\n  sheetName, "اهداف فروش",\n  dataRange, "A:G",\n  result,\n    IF(\n      ISBLANK(inputDate),\n      "",\n      LET(\n        date, GREG_TO_JALALI(inputDate),\n        monthName, GET_JALALI_MONTH_NAME(date),\n        year, GET_JALALI_YEAR(date),\n        data, IMPORT_FROM_SHEET(SheetsFileId_Accounting_Chalebagh, sheetName, dataRange),\n        filteredData, FILTER(data, INDEX(data,,2) = monthName, INDEX(data,,3) = year),\n        INDEX(filteredData,,4)\n      )\n    ),\n  result\n)	1		
تعداد فیش هرشب	B38		LET(\n  inputDate, AN,\n  sheetName, "اهداف فروش",\n  dataRange, "A:G",\n  result,\n    IF(\n      ISBLANK(inputDate),\n      "",\n      LET(\n        date, GREG_TO_JALALI(inputDate),\n        monthName, GET_JALALI_MONTH_NAME(date),\n        year, GET_JALALI_YEAR(date),\n        data, IMPORT_FROM_SHEET(SheetsFileId_Accounting_Chalebagh, sheetName, dataRange),\n        filteredData, FILTER(data, INDEX(data,,2) = monthName, INDEX(data,,3) = year),\n        INDEX(filteredData,,4)\n      )\n    ),\n  result\n)	1		
تعداد فیش هرشب	B39		LET(\n  inputDate, AN,\n  sheetName, "اهداف فروش",\n  dataRange, "A:G",\n  result,\n    IF(\n      ISBLANK(inputDate),\n      "",\n      LET(\n        date, GREG_TO_JALALI(inputDate),\n        monthName, GET_JALALI_MONTH_NAME(date),\n        year, GET_JALALI_YEAR(date),\n        data, IMPORT_FROM_SHEET(SheetsFileId_Accounting_Chalebagh, sheetName, dataRange),\n        filteredData, FILTER(data, INDEX(data,,2) = monthName, INDEX(data,,3) = year),\n        INDEX(filteredData,,4)\n      )\n    ),\n  result\n)	1		
تعداد فیش هرشب	B40		LET(\n  inputDate, AN,\n  sheetName, "اهداف فروش",\n  dataRange, "A:G",\n  result,\n    IF(\n      ISBLANK(inputDate),\n      "",\n      LET(\n        date, GREG_TO_JALALI(inputDate),\n        monthName, GET_JALALI_MONTH_NAME(date),\n        year, GET_JALALI_YEAR(date),\n        data, IMPORT_FROM_SHEET(SheetsFileId_Accounting_Chalebagh, sheetName, dataRange),\n        filteredData, FILTER(data, INDEX(data,,2) = monthName, INDEX(data,,3) = year),\n        INDEX(filteredData,,4)\n      )\n    ),\n  result\n)	1		
تعداد فیش هرشب	B41		LET(\n  inputDate, AN,\n  sheetName, "اهداف فروش",\n  dataRange, "A:G",\n  result,\n    IF(\n      ISBLANK(inputDate),\n      "",\n      LET(\n        date, GREG_TO_JALALI(inputDate),\n        monthName, GET_JALALI_MONTH_NAME(date),\n        year, GET_JALALI_YEAR(date),\n        data, IMPORT_FROM_SHEET(SheetsFileId_Accounting_Chalebagh, sheetName, dataRange),\n        filteredData, FILTER(data, INDEX(data,,2) = monthName, INDEX(data,,3) = year),\n        INDEX(filteredData,,4)\n      )\n    ),\n  result\n)	1		
تعداد فیش هرشب	B42		LET(\n  inputDate, AN,\n  sheetName, "اهداف فروش",\n  dataRange, "A:G",\n  result,\n    IF(\n      ISBLANK(inputDate),\n      "",\n      LET(\n        date, GREG_TO_JALALI(inputDate),\n        monthName, GET_JALALI_MONTH_NAME(date),\n        year, GET_JALALI_YEAR(date),\n        data, IMPORT_FROM_SHEET(SheetsFileId_Accounting_Chalebagh, sheetName, dataRange),\n        filteredData, FILTER(data, INDEX(data,,2) = monthName, INDEX(data,,3) = year),\n        INDEX(filteredData,,4)\n      )\n    ),\n  result\n)	1		
تعداد فیش هرشب	B43		LET(\n  inputDate, AN,\n  sheetName, "اهداف فروش",\n  dataRange, "A:G",\n  result,\n    IF(\n      ISBLANK(inputDate),\n      "",\n      LET(\n        date, GREG_TO_JALALI(inputDate),\n        monthName, GET_JALALI_MONTH_NAME(date),\n        year, GET_JALALI_YEAR(date),\n        data, IMPORT_FROM_SHEET(SheetsFileId_Accounting_Chalebagh, sheetName, dataRange),\n        filteredData, FILTER(data, INDEX(data,,2) = monthName, INDEX(data,,3) = year),\n        INDEX(filteredData,,4)\n      )\n    ),\n  result\n)	1		
تعداد فیش هرشب	B44		LET(\n  inputDate, AN,\n  sheetName, "اهداف فروش",\n  dataRange, "A:G",\n  result,\n    IF(\n      ISBLANK(inputDate),\n      "",\n      LET(\n        date, GREG_TO_JALALI(inputDate),\n        monthName, GET_JALALI_MONTH_NAME(date),\n        year, GET_JALALI_YEAR(date),\n        data, IMPORT_FROM_SHEET(SheetsFileId_Accounting_Chalebagh, sheetName, dataRange),\n        filteredData, FILTER(data, INDEX(data,,2) = monthName, INDEX(data,,3) = year),\n        INDEX(filteredData,,4)\n      )\n    ),\n  result\n)	1		
تعداد فیش هرشب	B45		LET(\n  inputDate, AN,\n  sheetName, "اهداف فروش",\n  dataRange, "A:G",\n  result,\n    IF(\n      ISBLANK(inputDate),\n      "",\n      LET(\n        date, GREG_TO_JALALI(inputDate),\n        monthName, GET_JALALI_MONTH_NAME(date),\n        year, GET_JALALI_YEAR(date),\n        data, IMPORT_FROM_SHEET(SheetsFileId_Accounting_Chalebagh, sheetName, dataRange),\n        filteredData, FILTER(data, INDEX(data,,2) = monthName, INDEX(data,,3) = year),\n        INDEX(filteredData,,4)\n      )\n    ),\n  result\n)	1		
تعداد فیش هرشب	B46		LET(\n  inputDate, AN,\n  sheetName, "اهداف فروش",\n  dataRange, "A:G",\n  result,\n    IF(\n      ISBLANK(inputDate),\n      "",\n      LET(\n        date, GREG_TO_JALALI(inputDate),\n        monthName, GET_JALALI_MONTH_NAME(date),\n        year, GET_JALALI_YEAR(date),\n        data, IMPORT_FROM_SHEET(SheetsFileId_Accounting_Chalebagh, sheetName, dataRange),\n        filteredData, FILTER(data, INDEX(data,,2) = monthName, INDEX(data,,3) = year),\n        INDEX(filteredData,,4)\n      )\n    ),\n  result\n)	1		
تعداد فیش هرشب	B47		LET(\n  inputDate, AN,\n  sheetName, "اهداف فروش",\n  dataRange, "A:G",\n  result,\n    IF(\n      ISBLANK(inputDate),\n      "",\n      LET(\n        date, GREG_TO_JALALI(inputDate),\n        monthName, GET_JALALI_MONTH_NAME(date),\n        year, GET_JALALI_YEAR(date),\n        data, IMPORT_FROM_SHEET(SheetsFileId_Accounting_Chalebagh, sheetName, dataRange),\n        filteredData, FILTER(data, INDEX(data,,2) = monthName, INDEX(data,,3) = year),\n        INDEX(filteredData,,4)\n      )\n    ),\n  result\n)	1		
تعداد فیش هرشب	B48		LET(\n  inputDate, AN,\n  sheetName, "اهداف فروش",\n  dataRange, "A:G",\n  result,\n    IF(\n      ISBLANK(inputDate),\n      "",\n      LET(\n        date, GREG_TO_JALALI(inputDate),\n        monthName, GET_JALALI_MONTH_NAME(date),\n        year, GET_JALALI_YEAR(date),\n        data, IMPORT_FROM_SHEET(SheetsFileId_Accounting_Chalebagh, sheetName, dataRange),\n        filteredData, FILTER(data, INDEX(data,,2) = monthName, INDEX(data,,3) = year),\n        INDEX(filteredData,,4)\n      )\n    ),\n  result\n)	1		
تعداد فیش هرشب	B49		LET(\n  inputDate, AN,\n  sheetName, "اهداف فروش",\n  dataRange, "A:G",\n  result,\n    IF(\n      ISBLANK(inputDate),\n      "",\n      LET(\n        date, GREG_TO_JALALI(inputDate),\n        monthName, GET_JALALI_MONTH_NAME(date),\n        year, GET_JALALI_YEAR(date),\n        data, IMPORT_FROM_SHEET(SheetsFileId_Accounting_Chalebagh, sheetName, dataRange),\n        filteredData, FILTER(data, INDEX(data,,2) = monthName, INDEX(data,,3) = year),\n        INDEX(filteredData,,4)\n      )\n    ),\n  result\n)	1		
تعداد فیش هرشب	B50		LET(\n  inputDate, AN,\n  sheetName, "اهداف فروش",\n  dataRange, "A:G",\n  result,\n    IF(\n      ISBLANK(inputDate),\n      "",\n      LET(\n        date, GREG_TO_JALALI(inputDate),\n        monthName, GET_JALALI_MONTH_NAME(date),\n        year, GET_JALALI_YEAR(date),\n        data, IMPORT_FROM_SHEET(SheetsFileId_Accounting_Chalebagh, sheetName, dataRange),\n        filteredData, FILTER(data, INDEX(data,,2) = monthName, INDEX(data,,3) = year),\n        INDEX(filteredData,,4)\n      )\n    ),\n  result\n)	1		
تعداد فیش هرشب	B51		LET(\n  inputDate, AN,\n  sheetName, "اهداف فروش",\n  dataRange, "A:G",\n  result,\n    IF(\n      ISBLANK(inputDate),\n      "",\n      LET(\n        date, GREG_TO_JALALI(inputDate),\n        monthName, GET_JALALI_MONTH_NAME(date),\n        year, GET_JALALI_YEAR(date),\n        data, IMPORT_FROM_SHEET(SheetsFileId_Accounting_Chalebagh, sheetName, dataRange),\n        filteredData, FILTER(data, INDEX(data,,2) = monthName, INDEX(data,,3) = year),\n        INDEX(filteredData,,4)\n      )\n    ),\n  result\n)	1		
تعداد فیش هرشب	B52		LET(\n  inputDate, AN,\n  sheetName, "اهداف فروش",\n  dataRange, "A:G",\n  result,\n    IF(\n      ISBLANK(inputDate),\n      "",\n      LET(\n        date, GREG_TO_JALALI(inputDate),\n        monthName, GET_JALALI_MONTH_NAME(date),\n        year, GET_JALALI_YEAR(date),\n        data, IMPORT_FROM_SHEET(SheetsFileId_Accounting_Chalebagh, sheetName, dataRange),\n        filteredData, FILTER(data, INDEX(data,,2) = monthName, INDEX(data,,3) = year),\n        INDEX(filteredData,,4)\n      )\n    ),\n  result\n)	1		
تعداد فیش هرشب	B53		LET(\n  inputDate, AN,\n  sheetName, "اهداف فروش",\n  dataRange, "A:G",\n  result,\n    IF(\n      ISBLANK(inputDate),\n      "",\n      LET(\n        date, GREG_TO_JALALI(inputDate),\n        monthName, GET_JALALI_MONTH_NAME(date),\n        year, GET_JALALI_YEAR(date),\n        data, IMPORT_FROM_SHEET(SheetsFileId_Accounting_Chalebagh, sheetName, dataRange),\n        filteredData, FILTER(data, INDEX(data,,2) = monthName, INDEX(data,,3) = year),\n        INDEX(filteredData,,4)\n      )\n    ),\n  result\n)	1		
تعداد فیش هرشب	B54		LET(\n  inputDate, AN,\n  sheetName, "اهداف فروش",\n  dataRange, "A:G",\n  result,\n    IF(\n      ISBLANK(inputDate),\n      "",\n      LET(\n        date, GREG_TO_JALALI(inputDate),\n        monthName, GET_JALALI_MONTH_NAME(date),\n        year, GET_JALALI_YEAR(date),\n        data, IMPORT_FROM_SHEET(SheetsFileId_Accounting_Chalebagh, sheetName, dataRange),\n        filteredData, FILTER(data, INDEX(data,,2) = monthName, INDEX(data,,3) = year),\n        INDEX(filteredData,,4)\n      )\n    ),\n  result\n)	1		
تعداد فیش هرشب	B55		LET(\n  inputDate, AN,\n  sheetName, "اهداف فروش",\n  dataRange, "A:G",\n  result,\n    IF(\n      ISBLANK(inputDate),\n      "",\n      LET(\n        date, GREG_TO_JALALI(inputDate),\n        monthName, GET_JALALI_MONTH_NAME(date),\n        year, GET_JALALI_YEAR(date),\n        data, IMPORT_FROM_SHEET(SheetsFileId_Accounting_Chalebagh, sheetName, dataRange),\n        filteredData, FILTER(data, INDEX(data,,2) = monthName, INDEX(data,,3) = year),\n        INDEX(filteredData,,4)\n      )\n    ),\n  result\n)	1		
تعداد فیش هرشب	B56		LET(\n  inputDate, AN,\n  sheetName, "اهداف فروش",\n  dataRange, "A:G",\n  result,\n    IF(\n      ISBLANK(inputDate),\n      "",\n      LET(\n        date, GREG_TO_JALALI(inputDate),\n        monthName, GET_JALALI_MONTH_NAME(date),\n        year, GET_JALALI_YEAR(date),\n        data, IMPORT_FROM_SHEET(SheetsFileId_Accounting_Chalebagh, sheetName, dataRange),\n        filteredData, FILTER(data, INDEX(data,,2) = monthName, INDEX(data,,3) = year),\n        INDEX(filteredData,,4)\n      )\n    ),\n  result\n)	1		
تعداد فیش هرشب	B57		LET(\n  inputDate, AN,\n  sheetName, "اهداف فروش",\n  dataRange, "A:G",\n  result,\n    IF(\n      ISBLANK(inputDate),\n      "",\n      LET(\n        date, GREG_TO_JALALI(inputDate),\n        monthName, GET_JALALI_MONTH_NAME(date),\n        year, GET_JALALI_YEAR(date),\n        data, IMPORT_FROM_SHEET(SheetsFileId_Accounting_Chalebagh, sheetName, dataRange),\n        filteredData, FILTER(data, INDEX(data,,2) = monthName, INDEX(data,,3) = year),\n        INDEX(filteredData,,4)\n      )\n    ),\n  result\n)	1		
تعداد فیش هرشب	B58		LET(\n  inputDate, AN,\n  sheetName, "اهداف فروش",\n  dataRange, "A:G",\n  result,\n    IF(\n      ISBLANK(inputDate),\n      "",\n      LET(\n        date, GREG_TO_JALALI(inputDate),\n        monthName, GET_JALALI_MONTH_NAME(date),\n        year, GET_JALALI_YEAR(date),\n        data, IMPORT_FROM_SHEET(SheetsFileId_Accounting_Chalebagh, sheetName, dataRange),\n        filteredData, FILTER(data, INDEX(data,,2) = monthName, INDEX(data,,3) = year),\n        INDEX(filteredData,,4)\n      )\n    ),\n  result\n)	1		
تعداد فیش هرشب	B59		LET(\n  inputDate, AN,\n  sheetName, "اهداف فروش",\n  dataRange, "A:G",\n  result,\n    IF(\n      ISBLANK(inputDate),\n      "",\n      LET(\n        date, GREG_TO_JALALI(inputDate),\n        monthName, GET_JALALI_MONTH_NAME(date),\n        year, GET_JALALI_YEAR(date),\n        data, IMPORT_FROM_SHEET(SheetsFileId_Accounting_Chalebagh, sheetName, dataRange),\n        filteredData, FILTER(data, INDEX(data,,2) = monthName, INDEX(data,,3) = year),\n        INDEX(filteredData,,4)\n      )\n    ),\n  result\n)	1		
تعداد فیش هرشب	B60		LET(\n  inputDate, AN,\n  sheetName, "اهداف فروش",\n  dataRange, "A:G",\n  result,\n    IF(\n      ISBLANK(inputDate),\n      "",\n      LET(\n        date, GREG_TO_JALALI(inputDate),\n        monthName, GET_JALALI_MONTH_NAME(date),\n        year, GET_JALALI_YEAR(date),\n        data, IMPORT_FROM_SHEET(SheetsFileId_Accounting_Chalebagh, sheetName, dataRange),\n        filteredData, FILTER(data, INDEX(data,,2) = monthName, INDEX(data,,3) = year),\n        INDEX(filteredData,,4)\n      )\n    ),\n  result\n)	1		
تعداد فیش هرشب	B61		LET(\n  inputDate, AN,\n  sheetName, "اهداف فروش",\n  dataRange, "A:G",\n  result,\n    IF(\n      ISBLANK(inputDate),\n      "",\n      LET(\n        date, GREG_TO_JALALI(inputDate),\n        monthName, GET_JALALI_MONTH_NAME(date),\n        year, GET_JALALI_YEAR(date),\n        data, IMPORT_FROM_SHEET(SheetsFileId_Accounting_Chalebagh, sheetName, dataRange),\n        filteredData, FILTER(data, INDEX(data,,2) = monthName, INDEX(data,,3) = year),\n        INDEX(filteredData,,4)\n      )\n    ),\n  result\n)	1		
تعداد فیش هرشب	B62		LET(\n  inputDate, AN,\n  sheetName, "اهداف فروش",\n  dataRange, "A:G",\n  result,\n    IF(\n      ISBLANK(inputDate),\n      "",\n      LET(\n        date, GREG_TO_JALALI(inputDate),\n        monthName, GET_JALALI_MONTH_NAME(date),\n        year, GET_JALALI_YEAR(date),\n        data, IMPORT_FROM_SHEET(SheetsFileId_Accounting_Chalebagh, sheetName, dataRange),\n        filteredData, FILTER(data, INDEX(data,,2) = monthName, INDEX(data,,3) = year),\n        INDEX(filteredData,,4)\n      )\n    ),\n  result\n)	1		
تعداد فیش هرشب	B63		LET(\n  inputDate, AN,\n  sheetName, "اهداف فروش",\n  dataRange, "A:G",\n  result,\n    IF(\n      ISBLANK(inputDate),\n      "",\n      LET(\n        date, GREG_TO_JALALI(inputDate),\n        monthName, GET_JALALI_MONTH_NAME(date),\n        year, GET_JALALI_YEAR(date),\n        data, IMPORT_FROM_SHEET(SheetsFileId_Accounting_Chalebagh, sheetName, dataRange),\n        filteredData, FILTER(data, INDEX(data,,2) = monthName, INDEX(data,,3) = year),\n        INDEX(filteredData,,4)\n      )\n    ),\n  result\n)	1		
تعداد فیش هرشب	B64		LET(\n  inputDate, AN,\n  sheetName, "اهداف فروش",\n  dataRange, "A:G",\n  result,\n    IF(\n      ISBLANK(inputDate),\n      "",\n      LET(\n        date, GREG_TO_JALALI(inputDate),\n        monthName, GET_JALALI_MONTH_NAME(date),\n        year, GET_JALALI_YEAR(date),\n        data, IMPORT_FROM_SHEET(SheetsFileId_Accounting_Chalebagh, sheetName, dataRange),\n        filteredData, FILTER(data, INDEX(data,,2) = monthName, INDEX(data,,3) = year),\n        INDEX(filteredData,,4)\n      )\n    ),\n  result\n)	1		
تعداد فیش هرشب	B65		LET(\n  inputDate, AN,\n  sheetName, "اهداف فروش",\n  dataRange, "A:G",\n  result,\n    IF(\n      ISBLANK(inputDate),\n      "",\n      LET(\n        date, GREG_TO_JALALI(inputDate),\n        monthName, GET_JALALI_MONTH_NAME(date),\n        year, GET_JALALI_YEAR(date),\n        data, IMPORT_FROM_SHEET(SheetsFileId_Accounting_Chalebagh, sheetName, dataRange),\n        filteredData, FILTER(data, INDEX(data,,2) = monthName, INDEX(data,,3) = year),\n        INDEX(filteredData,,4)\n      )\n    ),\n  result\n)	1		
تعداد فیش هرشب	B66		LET(\n  inputDate, AN,\n  sheetName, "اهداف فروش",\n  dataRange, "A:G",\n  result,\n    IF(\n      ISBLANK(inputDate),\n      "",\n      LET(\n        date, GREG_TO_JALALI(inputDate),\n        monthName, GET_JALALI_MONTH_NAME(date),\n        year, GET_JALALI_YEAR(date),\n        data, IMPORT_FROM_SHEET(SheetsFileId_Accounting_Chalebagh, sheetName, dataRange),\n        filteredData, FILTER(data, INDEX(data,,2) = monthName, INDEX(data,,3) = year),\n        INDEX(filteredData,,4)\n      )\n    ),\n  result\n)	1		
تعداد فیش هرشب	B67		LET(\n  inputDate, AN,\n  sheetName, "اهداف فروش",\n  dataRange, "A:G",\n  result,\n    IF(\n      ISBLANK(inputDate),\n      "",\n      LET(\n        date, GREG_TO_JALALI(inputDate),\n        monthName, GET_JALALI_MONTH_NAME(date),\n        year, GET_JALALI_YEAR(date),\n        data, IMPORT_FROM_SHEET(SheetsFileId_Accounting_Chalebagh, sheetName, dataRange),\n        filteredData, FILTER(data, INDEX(data,,2) = monthName, INDEX(data,,3) = year),\n        INDEX(filteredData,,4)\n      )\n    ),\n  result\n)	1		
تعداد فیش هرشب	B68		LET(\n  inputDate, AN,\n  sheetName, "اهداف فروش",\n  dataRange, "A:G",\n  result,\n    IF(\n      ISBLANK(inputDate),\n      "",\n      LET(\n        date, GREG_TO_JALALI(inputDate),\n        monthName, GET_JALALI_MONTH_NAME(date),\n        year, GET_JALALI_YEAR(date),\n        data, IMPORT_FROM_SHEET(SheetsFileId_Accounting_Chalebagh, sheetName, dataRange),\n        filteredData, FILTER(data, INDEX(data,,2) = monthName, INDEX(data,,3) = year),\n        INDEX(filteredData,,4)\n      )\n    ),\n  result\n)	1		
تعداد فیش هرشب	B69		LET(\n  inputDate, AN,\n  sheetName, "اهداف فروش",\n  dataRange, "A:G",\n  result,\n    IF(\n      ISBLANK(inputDate),\n      "",\n      LET(\n        date, GREG_TO_JALALI(inputDate),\n        monthName, GET_JALALI_MONTH_NAME(date),\n        year, GET_JALALI_YEAR(date),\n        data, IMPORT_FROM_SHEET(SheetsFileId_Accounting_Chalebagh, sheetName, dataRange),\n        filteredData, FILTER(data, INDEX(data,,2) = monthName, INDEX(data,,3) = year),\n        INDEX(filteredData,,4)\n      )\n    ),\n  result\n)	1		
تعداد فیش هرشب	B70		LET(\n  inputDate, AN,\n  sheetName, "اهداف فروش",\n  dataRange, "A:G",\n  result,\n    IF(\n      ISBLANK(inputDate),\n      "",\n      LET(\n        date, GREG_TO_JALALI(inputDate),\n        monthName, GET_JALALI_MONTH_NAME(date),\n        year, GET_JALALI_YEAR(date),\n        data, IMPORT_FROM_SHEET(SheetsFileId_Accounting_Chalebagh, sheetName, dataRange),\n        filteredData, FILTER(data, INDEX(data,,2) = monthName, INDEX(data,,3) = year),\n        INDEX(filteredData,,4)\n      )\n    ),\n  result\n)	1		
تعداد فیش هرشب	B71		LET(\n  inputDate, AN,\n  sheetName, "اهداف فروش",\n  dataRange, "A:G",\n  result,\n    IF(\n      ISBLANK(inputDate),\n      "",\n      LET(\n        date, GREG_TO_JALALI(inputDate),\n        monthName, GET_JALALI_MONTH_NAME(date),\n        year, GET_JALALI_YEAR(date),\n        data, IMPORT_FROM_SHEET(SheetsFileId_Accounting_Chalebagh, sheetName, dataRange),\n        filteredData, FILTER(data, INDEX(data,,2) = monthName, INDEX(data,,3) = year),\n        INDEX(filteredData,,4)\n      )\n    ),\n  result\n)	1		
تعداد فیش هرشب	B72		LET(\n  inputDate, AN,\n  sheetName, "اهداف فروش",\n  dataRange, "A:G",\n  result,\n    IF(\n      ISBLANK(inputDate),\n      "",\n      LET(\n        date, GREG_TO_JALALI(inputDate),\n        monthName, GET_JALALI_MONTH_NAME(date),\n        year, GET_JALALI_YEAR(date),\n        data, IMPORT_FROM_SHEET(SheetsFileId_Accounting_Chalebagh, sheetName, dataRange),\n        filteredData, FILTER(data, INDEX(data,,2) = monthName, INDEX(data,,3) = year),\n        INDEX(filteredData,,4)\n      )\n    ),\n  result\n)	1		
تعداد فیش هرشب	B73		LET(\n  inputDate, AN,\n  sheetName, "اهداف فروش",\n  dataRange, "A:G",\n  result,\n    IF(\n      ISBLANK(inputDate),\n      "",\n      LET(\n        date, GREG_TO_JALALI(inputDate),\n        monthName, GET_JALALI_MONTH_NAME(date),\n        year, GET_JALALI_YEAR(date),\n        data, IMPORT_FROM_SHEET(SheetsFileId_Accounting_Chalebagh, sheetName, dataRange),\n        filteredData, FILTER(data, INDEX(data,,2) = monthName, INDEX(data,,3) = year),\n        INDEX(filteredData,,4)\n      )\n    ),\n  result\n)	1		
تعداد فیش هرشب	B74		LET(\n  inputDate, AN,\n  sheetName, "اهداف فروش",\n  dataRange, "A:G",\n  result,\n    IF(\n      ISBLANK(inputDate),\n      "",\n      LET(\n        date, GREG_TO_JALALI(inputDate),\n        monthName, GET_JALALI_MONTH_NAME(date),\n        year, GET_JALALI_YEAR(date),\n        data, IMPORT_FROM_SHEET(SheetsFileId_Accounting_Chalebagh, sheetName, dataRange),\n        filteredData, FILTER(data, INDEX(data,,2) = monthName, INDEX(data,,3) = year),\n        INDEX(filteredData,,4)\n      )\n    ),\n  result\n)	1		
تعداد فیش هرشب	B75		LET(\n  inputDate, AN,\n  sheetName, "اهداف فروش",\n  dataRange, "A:G",\n  result,\n    IF(\n      ISBLANK(inputDate),\n      "",\n      LET(\n        date, GREG_TO_JALALI(inputDate),\n        monthName, GET_JALALI_MONTH_NAME(date),\n        year, GET_JALALI_YEAR(date),\n        data, IMPORT_FROM_SHEET(SheetsFileId_Accounting_Chalebagh, sheetName, dataRange),\n        filteredData, FILTER(data, INDEX(data,,2) = monthName, INDEX(data,,3) = year),\n        INDEX(filteredData,,4)\n      )\n    ),\n  result\n)	1		
تعداد فیش هرشب	B76		LET(\n  inputDate, AN,\n  sheetName, "اهداف فروش",\n  dataRange, "A:G",\n  result,\n    IF(\n      ISBLANK(inputDate),\n      "",\n      LET(\n        date, GREG_TO_JALALI(inputDate),\n        monthName, GET_JALALI_MONTH_NAME(date),\n        year, GET_JALALI_YEAR(date),\n        data, IMPORT_FROM_SHEET(SheetsFileId_Accounting_Chalebagh, sheetName, dataRange),\n        filteredData, FILTER(data, INDEX(data,,2) = monthName, INDEX(data,,3) = year),\n        INDEX(filteredData,,4)\n      )\n    ),\n  result\n)	1		
تعداد فیش هرشب	B77		LET(\n  inputDate, AN,\n  sheetName, "اهداف فروش",\n  dataRange, "A:G",\n  result,\n    IF(\n      ISBLANK(inputDate),\n      "",\n      LET(\n        date, GREG_TO_JALALI(inputDate),\n        monthName, GET_JALALI_MONTH_NAME(date),\n        year, GET_JALALI_YEAR(date),\n        data, IMPORT_FROM_SHEET(SheetsFileId_Accounting_Chalebagh, sheetName, dataRange),\n        filteredData, FILTER(data, INDEX(data,,2) = monthName, INDEX(data,,3) = year),\n        INDEX(filteredData,,4)\n      )\n    ),\n  result\n)	1		
تعداد فیش هرشب	B78		LET(\n  inputDate, AN,\n  sheetName, "اهداف فروش",\n  dataRange, "A:G",\n  result,\n    IF(\n      ISBLANK(inputDate),\n      "",\n      LET(\n        date, GREG_TO_JALALI(inputDate),\n        monthName, GET_JALALI_MONTH_NAME(date),\n        year, GET_JALALI_YEAR(date),\n        data, IMPORT_FROM_SHEET(SheetsFileId_Accounting_Chalebagh, sheetName, dataRange),\n        filteredData, FILTER(data, INDEX(data,,2) = monthName, INDEX(data,,3) = year),\n        INDEX(filteredData,,4)\n      )\n    ),\n  result\n)	1		
تعداد فیش هرشب	B79		LET(\n  inputDate, AN,\n  sheetName, "اهداف فروش",\n  dataRange, "A:G",\n  result,\n    IF(\n      ISBLANK(inputDate),\n      "",\n      LET(\n        date, GREG_TO_JALALI(inputDate),\n        monthName, GET_JALALI_MONTH_NAME(date),\n        year, GET_JALALI_YEAR(date),\n        data, IMPORT_FROM_SHEET(SheetsFileId_Accounting_Chalebagh, sheetName, dataRange),\n        filteredData, FILTER(data, INDEX(data,,2) = monthName, INDEX(data,,3) = year),\n        INDEX(filteredData,,4)\n      )\n    ),\n  result\n)	1		
تعداد فیش هرشب	B80		LET(\n  inputDate, AN,\n  sheetName, "اهداف فروش",\n  dataRange, "A:G",\n  result,\n    IF(\n      ISBLANK(inputDate),\n      "",\n      LET(\n        date, GREG_TO_JALALI(inputDate),\n        monthName, GET_JALALI_MONTH_NAME(date),\n        year, GET_JALALI_YEAR(date),\n        data, IMPORT_FROM_SHEET(SheetsFileId_Accounting_Chalebagh, sheetName, dataRange),\n        filteredData, FILTER(data, INDEX(data,,2) = monthName, INDEX(data,,3) = year),\n        INDEX(filteredData,,4)\n      )\n    ),\n  result\n)	1		
تعداد فیش هرشب	B81		LET(\n  inputDate, AN,\n  sheetName, "اهداف فروش",\n  dataRange, "A:G",\n  result,\n    IF(\n      ISBLANK(inputDate),\n      "",\n      LET(\n        date, GREG_TO_JALALI(inputDate),\n        monthName, GET_JALALI_MONTH_NAME(date),\n        year, GET_JALALI_YEAR(date),\n        data, IMPORT_FROM_SHEET(SheetsFileId_Accounting_Chalebagh, sheetName, dataRange),\n        filteredData, FILTER(data, INDEX(data,,2) = monthName, INDEX(data,,3) = year),\n        INDEX(filteredData,,4)\n      )\n    ),\n  result\n)	1		
تعداد فیش هرشب	B82		LET(\n  inputDate, AN,\n  sheetName, "اهداف فروش",\n  dataRange, "A:G",\n  result,\n    IF(\n      ISBLANK(inputDate),\n      "",\n      LET(\n        date, GREG_TO_JALALI(inputDate),\n        monthName, GET_JALALI_MONTH_NAME(date),\n        year, GET_JALALI_YEAR(date),\n        data, IMPORT_FROM_SHEET(SheetsFileId_Accounting_Chalebagh, sheetName, dataRange),\n        filteredData, FILTER(data, INDEX(data,,2) = monthName, INDEX(data,,3) = year),\n        INDEX(filteredData,,4)\n      )\n    ),\n  result\n)	1		
تعداد فیش هرشب	B83		LET(\n  inputDate, AN,\n  sheetName, "اهداف فروش",\n  dataRange, "A:G",\n  result,\n    IF(\n      ISBLANK(inputDate),\n      "",\n      LET(\n        date, GREG_TO_JALALI(inputDate),\n        monthName, GET_JALALI_MONTH_NAME(date),\n        year, GET_JALALI_YEAR(date),\n        data, IMPORT_FROM_SHEET(SheetsFileId_Accounting_Chalebagh, sheetName, dataRange),\n        filteredData, FILTER(data, INDEX(data,,2) = monthName, INDEX(data,,3) = year),\n        INDEX(filteredData,,4)\n      )\n    ),\n  result\n)	1		
تعداد فیش هرشب	B84		LET(\n  inputDate, AN,\n  sheetName, "اهداف فروش",\n  dataRange, "A:G",\n  result,\n    IF(\n      ISBLANK(inputDate),\n      "",\n      LET(\n        date, GREG_TO_JALALI(inputDate),\n        monthName, GET_JALALI_MONTH_NAME(date),\n        year, GET_JALALI_YEAR(date),\n        data, IMPORT_FROM_SHEET(SheetsFileId_Accounting_Chalebagh, sheetName, dataRange),\n        filteredData, FILTER(data, INDEX(data,,2) = monthName, INDEX(data,,3) = year),\n        INDEX(filteredData,,4)\n      )\n    ),\n  result\n)	1		
تعداد فیش هرشب	B85		LET(\n  inputDate, AN,\n  sheetName, "اهداف فروش",\n  dataRange, "A:G",\n  result,\n    IF(\n      ISBLANK(inputDate),\n      "",\n      LET(\n        date, GREG_TO_JALALI(inputDate),\n        monthName, GET_JALALI_MONTH_NAME(date),\n        year, GET_JALALI_YEAR(date),\n        data, IMPORT_FROM_SHEET(SheetsFileId_Accounting_Chalebagh, sheetName, dataRange),\n        filteredData, FILTER(data, INDEX(data,,2) = monthName, INDEX(data,,3) = year),\n        INDEX(filteredData,,4)\n      )\n    ),\n  result\n)	1		
تعداد فیش هرشب	B86		LET(\n  inputDate, AN,\n  sheetName, "اهداف فروش",\n  dataRange, "A:G",\n  result,\n    IF(\n      ISBLANK(inputDate),\n      "",\n      LET(\n        date, GREG_TO_JALALI(inputDate),\n        monthName, GET_JALALI_MONTH_NAME(date),\n        year, GET_JALALI_YEAR(date),\n        data, IMPORT_FROM_SHEET(SheetsFileId_Accounting_Chalebagh, sheetName, dataRange),\n        filteredData, FILTER(data, INDEX(data,,2) = monthName, INDEX(data,,3) = year),\n        INDEX(filteredData,,4)\n      )\n    ),\n  result\n)	1		
تعداد فیش هرشب	B87		LET(\n  inputDate, AN,\n  sheetName, "اهداف فروش",\n  dataRange, "A:G",\n  result,\n    IF(\n      ISBLANK(inputDate),\n      "",\n      LET(\n        date, GREG_TO_JALALI(inputDate),\n        monthName, GET_JALALI_MONTH_NAME(date),\n        year, GET_JALALI_YEAR(date),\n        data, IMPORT_FROM_SHEET(SheetsFileId_Accounting_Chalebagh, sheetName, dataRange),\n        filteredData, FILTER(data, INDEX(data,,2) = monthName, INDEX(data,,3) = year),\n        INDEX(filteredData,,4)\n      )\n    ),\n  result\n)	1		
تعداد فیش هرشب	B88		LET(\n  inputDate, AN,\n  sheetName, "اهداف فروش",\n  dataRange, "A:G",\n  result,\n    IF(\n      ISBLANK(inputDate),\n      "",\n      LET(\n        date, GREG_TO_JALALI(inputDate),\n        monthName, GET_JALALI_MONTH_NAME(date),\n        year, GET_JALALI_YEAR(date),\n        data, IMPORT_FROM_SHEET(SheetsFileId_Accounting_Chalebagh, sheetName, dataRange),\n        filteredData, FILTER(data, INDEX(data,,2) = monthName, INDEX(data,,3) = year),\n        INDEX(filteredData,,4)\n      )\n    ),\n  result\n)	1		
تعداد فیش هرشب	B89		LET(\n  inputDate, AN,\n  sheetName, "اهداف فروش",\n  dataRange, "A:G",\n  result,\n    IF(\n      ISBLANK(inputDate),\n      "",\n      LET(\n        date, GREG_TO_JALALI(inputDate),\n        monthName, GET_JALALI_MONTH_NAME(date),\n        year, GET_JALALI_YEAR(date),\n        data, IMPORT_FROM_SHEET(SheetsFileId_Accounting_Chalebagh, sheetName, dataRange),\n        filteredData, FILTER(data, INDEX(data,,2) = monthName, INDEX(data,,3) = year),\n        INDEX(filteredData,,4)\n      )\n    ),\n  result\n)	1		
تعداد فیش هرشب	B90		LET(\n  inputDate, AN,\n  sheetName, "اهداف فروش",\n  dataRange, "A:G",\n  result,\n    IF(\n      ISBLANK(inputDate),\n      "",\n      LET(\n        date, GREG_TO_JALALI(inputDate),\n        monthName, GET_JALALI_MONTH_NAME(date),\n        year, GET_JALALI_YEAR(date),\n        data, IMPORT_FROM_SHEET(SheetsFileId_Accounting_Chalebagh, sheetName, dataRange),\n        filteredData, FILTER(data, INDEX(data,,2) = monthName, INDEX(data,,3) = year),\n        INDEX(filteredData,,4)\n      )\n    ),\n  result\n)	1		
تعداد فیش هرشب	B91		LET(\n  inputDate, AN,\n  sheetName, "اهداف فروش",\n  dataRange, "A:G",\n  result,\n    IF(\n      ISBLANK(inputDate),\n      "",\n      LET(\n        date, GREG_TO_JALALI(inputDate),\n        monthName, GET_JALALI_MONTH_NAME(date),\n        year, GET_JALALI_YEAR(date),\n        data, IMPORT_FROM_SHEET(SheetsFileId_Accounting_Chalebagh, sheetName, dataRange),\n        filteredData, FILTER(data, INDEX(data,,2) = monthName, INDEX(data,,3) = year),\n        INDEX(filteredData,,4)\n      )\n    ),\n  result\n)	1		
تعداد فیش هرشب	B92		LET(\n  inputDate, AN,\n  sheetName, "اهداف فروش",\n  dataRange, "A:G",\n  result,\n    IF(\n      ISBLANK(inputDate),\n      "",\n      LET(\n        date, GREG_TO_JALALI(inputDate),\n        monthName, GET_JALALI_MONTH_NAME(date),\n        year, GET_JALALI_YEAR(date),\n        data, IMPORT_FROM_SHEET(SheetsFileId_Accounting_Chalebagh, sheetName, dataRange),\n        filteredData, FILTER(data, INDEX(data,,2) = monthName, INDEX(data,,3) = year),\n        INDEX(filteredData,,4)\n      )\n    ),\n  result\n)	1		
تعداد فیش هرشب	B93		LET(\n  inputDate, AN,\n  sheetName, "اهداف فروش",\n  dataRange, "A:G",\n  result,\n    IF(\n      ISBLANK(inputDate),\n      "",\n      LET(\n        date, GREG_TO_JALALI(inputDate),\n        monthName, GET_JALALI_MONTH_NAME(date),\n        year, GET_JALALI_YEAR(date),\n        data, IMPORT_FROM_SHEET(SheetsFileId_Accounting_Chalebagh, sheetName, dataRange),\n        filteredData, FILTER(data, INDEX(data,,2) = monthName, INDEX(data,,3) = year),\n        INDEX(filteredData,,4)\n      )\n    ),\n  result\n)	1		
تعداد فیش هرشب	B94		LET(\n  inputDate, AN,\n  sheetName, "اهداف فروش",\n  dataRange, "A:G",\n  result,\n    IF(\n      ISBLANK(inputDate),\n      "",\n      LET(\n        date, GREG_TO_JALALI(inputDate),\n        monthName, GET_JALALI_MONTH_NAME(date),\n        year, GET_JALALI_YEAR(date),\n        data, IMPORT_FROM_SHEET(SheetsFileId_Accounting_Chalebagh, sheetName, dataRange),\n        filteredData, FILTER(data, INDEX(data,,2) = monthName, INDEX(data,,3) = year),\n        INDEX(filteredData,,4)\n      )\n    ),\n  result\n)	1		
تعداد فیش هرشب	B95		LET(\n  inputDate, AN,\n  sheetName, "اهداف فروش",\n  dataRange, "A:G",\n  result,\n    IF(\n      ISBLANK(inputDate),\n      "",\n      LET(\n        date, GREG_TO_JALALI(inputDate),\n        monthName, GET_JALALI_MONTH_NAME(date),\n        year, GET_JALALI_YEAR(date),\n        data, IMPORT_FROM_SHEET(SheetsFileId_Accounting_Chalebagh, sheetName, dataRange),\n        filteredData, FILTER(data, INDEX(data,,2) = monthName, INDEX(data,,3) = year),\n        INDEX(filteredData,,4)\n      )\n    ),\n  result\n)	1		
تعداد فیش هرشب	B96		LET(\n  inputDate, AN,\n  sheetName, "اهداف فروش",\n  dataRange, "A:G",\n  result,\n    IF(\n      ISBLANK(inputDate),\n      "",\n      LET(\n        date, GREG_TO_JALALI(inputDate),\n        monthName, GET_JALALI_MONTH_NAME(date),\n        year, GET_JALALI_YEAR(date),\n        data, IMPORT_FROM_SHEET(SheetsFileId_Accounting_Chalebagh, sheetName, dataRange),\n        filteredData, FILTER(data, INDEX(data,,2) = monthName, INDEX(data,,3) = year),\n        INDEX(filteredData,,4)\n      )\n    ),\n  result\n)	1		
تعداد فیش هرشب	B97		LET(\n  inputDate, AN,\n  sheetName, "اهداف فروش",\n  dataRange, "A:G",\n  result,\n    IF(\n      ISBLANK(inputDate),\n      "",\n      LET(\n        date, GREG_TO_JALALI(inputDate),\n        monthName, GET_JALALI_MONTH_NAME(date),\n        year, GET_JALALI_YEAR(date),\n        data, IMPORT_FROM_SHEET(SheetsFileId_Accounting_Chalebagh, sheetName, dataRange),\n        filteredData, FILTER(data, INDEX(data,,2) = monthName, INDEX(data,,3) = year),\n        INDEX(filteredData,,4)\n      )\n    ),\n  result\n)	1		
تعداد فیش هرشب	B98		LET(\n  inputDate, AN,\n  sheetName, "اهداف فروش",\n  dataRange, "A:G",\n  result,\n    IF(\n      ISBLANK(inputDate),\n      "",\n      LET(\n        date, GREG_TO_JALALI(inputDate),\n        monthName, GET_JALALI_MONTH_NAME(date),\n        year, GET_JALALI_YEAR(date),\n        data, IMPORT_FROM_SHEET(SheetsFileId_Accounting_Chalebagh, sheetName, dataRange),\n        filteredData, FILTER(data, INDEX(data,,2) = monthName, INDEX(data,,3) = year),\n        INDEX(filteredData,,4)\n      )\n    ),\n  result\n)	1		
تعداد فیش هرشب	B99		LET(\n  inputDate, AN,\n  sheetName, "اهداف فروش",\n  dataRange, "A:G",\n  result,\n    IF(\n      ISBLANK(inputDate),\n      "",\n      LET(\n        date, GREG_TO_JALALI(inputDate),\n        monthName, GET_JALALI_MONTH_NAME(date),\n        year, GET_JALALI_YEAR(date),\n        data, IMPORT_FROM_SHEET(SheetsFileId_Accounting_Chalebagh, sheetName, dataRange),\n        filteredData, FILTER(data, INDEX(data,,2) = monthName, INDEX(data,,3) = year),\n        INDEX(filteredData,,4)\n      )\n    ),\n  result\n)	1		
تعداد فیش هرشب	B100		LET(\n  inputDate, AN,\n  sheetName, "اهداف فروش",\n  dataRange, "A:G",\n  result,\n    IF(\n      ISBLANK(inputDate),\n      "",\n      LET(\n        date, GREG_TO_JALALI(inputDate),\n        monthName, GET_JALALI_MONTH_NAME(date),\n        year, GET_JALALI_YEAR(date),\n        data, IMPORT_FROM_SHEET(SheetsFileId_Accounting_Chalebagh, sheetName, dataRange),\n        filteredData, FILTER(data, INDEX(data,,2) = monthName, INDEX(data,,3) = year),\n        INDEX(filteredData,,4)\n      )\n    ),\n  result\n)	1		
تعداد فیش هرشب	B101		LET(\n  inputDate, AN,\n  sheetName, "اهداف فروش",\n  dataRange, "A:G",\n  result,\n    IF(\n      ISBLANK(inputDate),\n      "",\n      LET(\n        date, GREG_TO_JALALI(inputDate),\n        monthName, GET_JALALI_MONTH_NAME(date),\n        year, GET_JALALI_YEAR(date),\n        data, IMPORT_FROM_SHEET(SheetsFileId_Accounting_Chalebagh, sheetName, dataRange),\n        filteredData, FILTER(data, INDEX(data,,2) = monthName, INDEX(data,,3) = year),\n        INDEX(filteredData,,4)\n      )\n    ),\n  result\n)	1		
تعداد فیش هرشب	B102		LET(\n  inputDate, AN,\n  sheetName, "اهداف فروش",\n  dataRange, "A:G",\n  result,\n    IF(\n      ISBLANK(inputDate),\n      "",\n      LET(\n        date, GREG_TO_JALALI(inputDate),\n        monthName, GET_JALALI_MONTH_NAME(date),\n        year, GET_JALALI_YEAR(date),\n        data, IMPORT_FROM_SHEET(SheetsFileId_Accounting_Chalebagh, sheetName, dataRange),\n        filteredData, FILTER(data, INDEX(data,,2) = monthName, INDEX(data,,3) = year),\n        INDEX(filteredData,,4)\n      )\n    ),\n  result\n)	1		
تعداد فیش هرشب	B103		LET(\n  inputDate, AN,\n  sheetName, "اهداف فروش",\n  dataRange, "A:G",\n  result,\n    IF(\n      ISBLANK(inputDate),\n      "",\n      LET(\n        date, GREG_TO_JALALI(inputDate),\n        monthName, GET_JALALI_MONTH_NAME(date),\n        year, GET_JALALI_YEAR(date),\n        data, IMPORT_FROM_SHEET(SheetsFileId_Accounting_Chalebagh, sheetName, dataRange),\n        filteredData, FILTER(data, INDEX(data,,2) = monthName, INDEX(data,,3) = year),\n        INDEX(filteredData,,4)\n      )\n    ),\n  result\n)	1		
تعداد فیش هرشب	B104		LET(\n  inputDate, AN,\n  sheetName, "اهداف فروش",\n  dataRange, "A:G",\n  result,\n    IF(\n      ISBLANK(inputDate),\n      "",\n      LET(\n        date, GREG_TO_JALALI(inputDate),\n        monthName, GET_JALALI_MONTH_NAME(date),\n        year, GET_JALALI_YEAR(date),\n        data, IMPORT_FROM_SHEET(SheetsFileId_Accounting_Chalebagh, sheetName, dataRange),\n        filteredData, FILTER(data, INDEX(data,,2) = monthName, INDEX(data,,3) = year),\n        INDEX(filteredData,,4)\n      )\n    ),\n  result\n)	1		
تعداد فیش هرشب	B105		LET(\n  inputDate, AN,\n  sheetName, "اهداف فروش",\n  dataRange, "A:G",\n  result,\n    IF(\n      ISBLANK(inputDate),\n      "",\n      LET(\n        date, GREG_TO_JALALI(inputDate),\n        monthName, GET_JALALI_MONTH_NAME(date),\n        year, GET_JALALI_YEAR(date),\n        data, IMPORT_FROM_SHEET(SheetsFileId_Accounting_Chalebagh, sheetName, dataRange),\n        filteredData, FILTER(data, INDEX(data,,2) = monthName, INDEX(data,,3) = year),\n        INDEX(filteredData,,4)\n      )\n    ),\n  result\n)	1		
تعداد فیش هرشب	B106		LET(\n  inputDate, AN,\n  sheetName, "اهداف فروش",\n  dataRange, "A:G",\n  result,\n    IF(\n      ISBLANK(inputDate),\n      "",\n      LET(\n        date, GREG_TO_JALALI(inputDate),\n        monthName, GET_JALALI_MONTH_NAME(date),\n        year, GET_JALALI_YEAR(date),\n        data, IMPORT_FROM_SHEET(SheetsFileId_Accounting_Chalebagh, sheetName, dataRange),\n        filteredData, FILTER(data, INDEX(data,,2) = monthName, INDEX(data,,3) = year),\n        INDEX(filteredData,,4)\n      )\n    ),\n  result\n)	1		
تعداد فیش هرشب	B107		LET(\n  inputDate, AN,\n  sheetName, "اهداف فروش",\n  dataRange, "A:G",\n  result,\n    IF(\n      ISBLANK(inputDate),\n      "",\n      LET(\n        date, GREG_TO_JALALI(inputDate),\n        monthName, GET_JALALI_MONTH_NAME(date),\n        year, GET_JALALI_YEAR(date),\n        data, IMPORT_FROM_SHEET(SheetsFileId_Accounting_Chalebagh, sheetName, dataRange),\n        filteredData, FILTER(data, INDEX(data,,2) = monthName, INDEX(data,,3) = year),\n        INDEX(filteredData,,4)\n      )\n    ),\n  result\n)	1		
تعداد فیش هرشب	B108		LET(\n  inputDate, AN,\n  sheetName, "اهداف فروش",\n  dataRange, "A:G",\n  result,\n    IF(\n      ISBLANK(inputDate),\n      "",\n      LET(\n        date, GREG_TO_JALALI(inputDate),\n        monthName, GET_JALALI_MONTH_NAME(date),\n        year, GET_JALALI_YEAR(date),\n        data, IMPORT_FROM_SHEET(SheetsFileId_Accounting_Chalebagh, sheetName, dataRange),\n        filteredData, FILTER(data, INDEX(data,,2) = monthName, INDEX(data,,3) = year),\n        INDEX(filteredData,,4)\n      )\n    ),\n  result\n)	1		
تعداد فیش هرشب	B109		LET(\n  inputDate, AN,\n  sheetName, "اهداف فروش",\n  dataRange, "A:G",\n  result,\n    IF(\n      ISBLANK(inputDate),\n      "",\n      LET(\n        date, GREG_TO_JALALI(inputDate),\n        monthName, GET_JALALI_MONTH_NAME(date),\n        year, GET_JALALI_YEAR(date),\n        data, IMPORT_FROM_SHEET(SheetsFileId_Accounting_Chalebagh, sheetName, dataRange),\n        filteredData, FILTER(data, INDEX(data,,2) = monthName, INDEX(data,,3) = year),\n        INDEX(filteredData,,4)\n      )\n    ),\n  result\n)	1		
تعداد فیش هرشب	B110		LET(\n  inputDate, AN,\n  sheetName, "اهداف فروش",\n  dataRange, "A:G",\n  result,\n    IF(\n      ISBLANK(inputDate),\n      "",\n      LET(\n        date, GREG_TO_JALALI(inputDate),\n        monthName, GET_JALALI_MONTH_NAME(date),\n        year, GET_JALALI_YEAR(date),\n        data, IMPORT_FROM_SHEET(SheetsFileId_Accounting_Chalebagh, sheetName, dataRange),\n        filteredData, FILTER(data, INDEX(data,,2) = monthName, INDEX(data,,3) = year),\n        INDEX(filteredData,,4)\n      )\n    ),\n  result\n)	1		
تعداد فیش هرشب	B111		LET(\n  inputDate, AN,\n  sheetName, "اهداف فروش",\n  dataRange, "A:G",\n  result,\n    IF(\n      ISBLANK(inputDate),\n      "",\n      LET(\n        date, GREG_TO_JALALI(inputDate),\n        monthName, GET_JALALI_MONTH_NAME(date),\n        year, GET_JALALI_YEAR(date),\n        data, IMPORT_FROM_SHEET(SheetsFileId_Accounting_Chalebagh, sheetName, dataRange),\n        filteredData, FILTER(data, INDEX(data,,2) = monthName, INDEX(data,,3) = year),\n        INDEX(filteredData,,4)\n      )\n    ),\n  result\n)	1		
تعداد فیش هرشب	B112		LET(\n  inputDate, AN,\n  sheetName, "اهداف فروش",\n  dataRange, "A:G",\n  result,\n    IF(\n      ISBLANK(inputDate),\n      "",\n      LET(\n        date, GREG_TO_JALALI(inputDate),\n        monthName, GET_JALALI_MONTH_NAME(date),\n        year, GET_JALALI_YEAR(date),\n        data, IMPORT_FROM_SHEET(SheetsFileId_Accounting_Chalebagh, sheetName, dataRange),\n        filteredData, FILTER(data, INDEX(data,,2) = monthName, INDEX(data,,3) = year),\n        INDEX(filteredData,,4)\n      )\n    ),\n  result\n)	1		
تعداد فیش هرشب	B113		LET(\n  inputDate, AN,\n  sheetName, "اهداف فروش",\n  dataRange, "A:G",\n  result,\n    IF(\n      ISBLANK(inputDate),\n      "",\n      LET(\n        date, GREG_TO_JALALI(inputDate),\n        monthName, GET_JALALI_MONTH_NAME(date),\n        year, GET_JALALI_YEAR(date),\n        data, IMPORT_FROM_SHEET(SheetsFileId_Accounting_Chalebagh, sheetName, dataRange),\n        filteredData, FILTER(data, INDEX(data,,2) = monthName, INDEX(data,,3) = year),\n        INDEX(filteredData,,4)\n      )\n    ),\n  result\n)	1		
تعداد فیش هرشب	B114		LET(\n  inputDate, AN,\n  sheetName, "اهداف فروش",\n  dataRange, "A:G",\n  result,\n    IF(\n      ISBLANK(inputDate),\n      "",\n      LET(\n        date, GREG_TO_JALALI(inputDate),\n        monthName, GET_JALALI_MONTH_NAME(date),\n        year, GET_JALALI_YEAR(date),\n        data, IMPORT_FROM_SHEET(SheetsFileId_Accounting_Chalebagh, sheetName, dataRange),\n        filteredData, FILTER(data, INDEX(data,,2) = monthName, INDEX(data,,3) = year),\n        INDEX(filteredData,,4)\n      )\n    ),\n  result\n)	1		
تعداد فیش هرشب	B115		LET(\n  inputDate, AN,\n  sheetName, "اهداف فروش",\n  dataRange, "A:G",\n  result,\n    IF(\n      ISBLANK(inputDate),\n      "",\n      LET(\n        date, GREG_TO_JALALI(inputDate),\n        monthName, GET_JALALI_MONTH_NAME(date),\n        year, GET_JALALI_YEAR(date),\n        data, IMPORT_FROM_SHEET(SheetsFileId_Accounting_Chalebagh, sheetName, dataRange),\n        filteredData, FILTER(data, INDEX(data,,2) = monthName, INDEX(data,,3) = year),\n        INDEX(filteredData,,4)\n      )\n    ),\n  result\n)	1		
تعداد فیش هرشب	B116		LET(\n  inputDate, AN,\n  sheetName, "اهداف فروش",\n  dataRange, "A:G",\n  result,\n    IF(\n      ISBLANK(inputDate),\n      "",\n      LET(\n        date, GREG_TO_JALALI(inputDate),\n        monthName, GET_JALALI_MONTH_NAME(date),\n        year, GET_JALALI_YEAR(date),\n        data, IMPORT_FROM_SHEET(SheetsFileId_Accounting_Chalebagh, sheetName, dataRange),\n        filteredData, FILTER(data, INDEX(data,,2) = monthName, INDEX(data,,3) = year),\n        INDEX(filteredData,,4)\n      )\n    ),\n  result\n)	1		
تعداد فیش هرشب	B117		LET(\n  inputDate, AN,\n  sheetName, "اهداف فروش",\n  dataRange, "A:G",\n  result,\n    IF(\n      ISBLANK(inputDate),\n      "",\n      LET(\n        date, GREG_TO_JALALI(inputDate),\n        monthName, GET_JALALI_MONTH_NAME(date),\n        year, GET_JALALI_YEAR(date),\n        data, IMPORT_FROM_SHEET(SheetsFileId_Accounting_Chalebagh, sheetName, dataRange),\n        filteredData, FILTER(data, INDEX(data,,2) = monthName, INDEX(data,,3) = year),\n        INDEX(filteredData,,4)\n      )\n    ),\n  result\n)	1		
تعداد فیش هرشب	B118		LET(\n  inputDate, AN,\n  sheetName, "اهداف فروش",\n  dataRange, "A:G",\n  result,\n    IF(\n      ISBLANK(inputDate),\n      "",\n      LET(\n        date, GREG_TO_JALALI(inputDate),\n        monthName, GET_JALALI_MONTH_NAME(date),\n        year, GET_JALALI_YEAR(date),\n        data, IMPORT_FROM_SHEET(SheetsFileId_Accounting_Chalebagh, sheetName, dataRange),\n        filteredData, FILTER(data, INDEX(data,,2) = monthName, INDEX(data,,3) = year),\n        INDEX(filteredData,,4)\n      )\n    ),\n  result\n)	1		
تعداد فیش هرشب	B119		LET(\n  inputDate, AN,\n  sheetName, "اهداف فروش",\n  dataRange, "A:G",\n  result,\n    IF(\n      ISBLANK(inputDate),\n      "",\n      LET(\n        date, GREG_TO_JALALI(inputDate),\n        monthName, GET_JALALI_MONTH_NAME(date),\n        year, GET_JALALI_YEAR(date),\n        data, IMPORT_FROM_SHEET(SheetsFileId_Accounting_Chalebagh, sheetName, dataRange),\n        filteredData, FILTER(data, INDEX(data,,2) = monthName, INDEX(data,,3) = year),\n        INDEX(filteredData,,4)\n      )\n    ),\n  result\n)	1		
تعداد فیش هرشب	B120		LET(\n  inputDate, AN,\n  sheetName, "اهداف فروش",\n  dataRange, "A:G",\n  result,\n    IF(\n      ISBLANK(inputDate),\n      "",\n      LET(\n        date, GREG_TO_JALALI(inputDate),\n        monthName, GET_JALALI_MONTH_NAME(date),\n        year, GET_JALALI_YEAR(date),\n        data, IMPORT_FROM_SHEET(SheetsFileId_Accounting_Chalebagh, sheetName, dataRange),\n        filteredData, FILTER(data, INDEX(data,,2) = monthName, INDEX(data,,3) = year),\n        INDEX(filteredData,,4)\n      )\n    ),\n  result\n)	1		
تعداد فیش هرشب	B121		LET(\n  inputDate, AN,\n  sheetName, "اهداف فروش",\n  dataRange, "A:G",\n  result,\n    IF(\n      ISBLANK(inputDate),\n      "",\n      LET(\n        date, GREG_TO_JALALI(inputDate),\n        monthName, GET_JALALI_MONTH_NAME(date),\n        year, GET_JALALI_YEAR(date),\n        data, IMPORT_FROM_SHEET(SheetsFileId_Accounting_Chalebagh, sheetName, dataRange),\n        filteredData, FILTER(data, INDEX(data,,2) = monthName, INDEX(data,,3) = year),\n        INDEX(filteredData,,4)\n      )\n    ),\n  result\n)	1		
تعداد فیش هرشب	B122		LET(\n  inputDate, AN,\n  sheetName, "اهداف فروش",\n  dataRange, "A:G",\n  result,\n    IF(\n      ISBLANK(inputDate),\n      "",\n      LET(\n        date, GREG_TO_JALALI(inputDate),\n        monthName, GET_JALALI_MONTH_NAME(date),\n        year, GET_JALALI_YEAR(date),\n        data, IMPORT_FROM_SHEET(SheetsFileId_Accounting_Chalebagh, sheetName, dataRange),\n        filteredData, FILTER(data, INDEX(data,,2) = monthName, INDEX(data,,3) = year),\n        INDEX(filteredData,,4)\n      )\n    ),\n  result\n)	1		
تعداد فیش هرشب	B123		LET(\n  inputDate, AN,\n  sheetName, "اهداف فروش",\n  dataRange, "A:G",\n  result,\n    IF(\n      ISBLANK(inputDate),\n      "",\n      LET(\n        date, GREG_TO_JALALI(inputDate),\n        monthName, GET_JALALI_MONTH_NAME(date),\n        year, GET_JALALI_YEAR(date),\n        data, IMPORT_FROM_SHEET(SheetsFileId_Accounting_Chalebagh, sheetName, dataRange),\n        filteredData, FILTER(data, INDEX(data,,2) = monthName, INDEX(data,,3) = year),\n        INDEX(filteredData,,4)\n      )\n    ),\n  result\n)	1		
تعداد فیش هرشب	B124		LET(\n  inputDate, AN,\n  sheetName, "اهداف فروش",\n  dataRange, "A:G",\n  result,\n    IF(\n      ISBLANK(inputDate),\n      "",\n      LET(\n        date, GREG_TO_JALALI(inputDate),\n        monthName, GET_JALALI_MONTH_NAME(date),\n        year, GET_JALALI_YEAR(date),\n        data, IMPORT_FROM_SHEET(SheetsFileId_Accounting_Chalebagh, sheetName, dataRange),\n        filteredData, FILTER(data, INDEX(data,,2) = monthName, INDEX(data,,3) = year),\n        INDEX(filteredData,,4)\n      )\n    ),\n  result\n)	1		
تعداد فیش هرشب	B125		LET(\n  inputDate, AN,\n  sheetName, "اهداف فروش",\n  dataRange, "A:G",\n  result,\n    IF(\n      ISBLANK(inputDate),\n      "",\n      LET(\n        date, GREG_TO_JALALI(inputDate),\n        monthName, GET_JALALI_MONTH_NAME(date),\n        year, GET_JALALI_YEAR(date),\n        data, IMPORT_FROM_SHEET(SheetsFileId_Accounting_Chalebagh, sheetName, dataRange),\n        filteredData, FILTER(data, INDEX(data,,2) = monthName, INDEX(data,,3) = year),\n        INDEX(filteredData,,4)\n      )\n    ),\n  result\n)	1		
تعداد فیش هرشب	B126		LET(\n  inputDate, AN,\n  sheetName, "اهداف فروش",\n  dataRange, "A:G",\n  result,\n    IF(\n      ISBLANK(inputDate),\n      "",\n      LET(\n        date, GREG_TO_JALALI(inputDate),\n        monthName, GET_JALALI_MONTH_NAME(date),\n        year, GET_JALALI_YEAR(date),\n        data, IMPORT_FROM_SHEET(SheetsFileId_Accounting_Chalebagh, sheetName, dataRange),\n        filteredData, FILTER(data, INDEX(data,,2) = monthName, INDEX(data,,3) = year),\n        INDEX(filteredData,,4)\n      )\n    ),\n  result\n)	1		
تعداد فیش هرشب	B127		LET(\n  inputDate, AN,\n  sheetName, "اهداف فروش",\n  dataRange, "A:G",\n  result,\n    IF(\n      ISBLANK(inputDate),\n      "",\n      LET(\n        date, GREG_TO_JALALI(inputDate),\n        monthName, GET_JALALI_MONTH_NAME(date),\n        year, GET_JALALI_YEAR(date),\n        data, IMPORT_FROM_SHEET(SheetsFileId_Accounting_Chalebagh, sheetName, dataRange),\n        filteredData, FILTER(data, INDEX(data,,2) = monthName, INDEX(data,,3) = year),\n        INDEX(filteredData,,4)\n      )\n    ),\n  result\n)	1		
تعداد فیش هرشب	B128		LET(\n  inputDate, AN,\n  sheetName, "اهداف فروش",\n  dataRange, "A:G",\n  result,\n    IF(\n      ISBLANK(inputDate),\n      "",\n      LET(\n        date, GREG_TO_JALALI(inputDate),\n        monthName, GET_JALALI_MONTH_NAME(date),\n        year, GET_JALALI_YEAR(date),\n        data, IMPORT_FROM_SHEET(SheetsFileId_Accounting_Chalebagh, sheetName, dataRange),\n        filteredData, FILTER(data, INDEX(data,,2) = monthName, INDEX(data,,3) = year),\n        INDEX(filteredData,,4)\n      )\n    ),\n  result\n)	1		
تعداد فیش هرشب	B129		LET(\n  inputDate, AN,\n  sheetName, "اهداف فروش",\n  dataRange, "A:G",\n  result,\n    IF(\n      ISBLANK(inputDate),\n      "",\n      LET(\n        date, GREG_TO_JALALI(inputDate),\n        monthName, GET_JALALI_MONTH_NAME(date),\n        year, GET_JALALI_YEAR(date),\n        data, IMPORT_FROM_SHEET(SheetsFileId_Accounting_Chalebagh, sheetName, dataRange),\n        filteredData, FILTER(data, INDEX(data,,2) = monthName, INDEX(data,,3) = year),\n        INDEX(filteredData,,4)\n      )\n    ),\n  result\n)	1		
تعداد فیش هرشب	B130		LET(\n  inputDate, AN,\n  sheetName, "اهداف فروش",\n  dataRange, "A:G",\n  result,\n    IF(\n      ISBLANK(inputDate),\n      "",\n      LET(\n        date, GREG_TO_JALALI(inputDate),\n        monthName, GET_JALALI_MONTH_NAME(date),\n        year, GET_JALALI_YEAR(date),\n        data, IMPORT_FROM_SHEET(SheetsFileId_Accounting_Chalebagh, sheetName, dataRange),\n        filteredData, FILTER(data, INDEX(data,,2) = monthName, INDEX(data,,3) = year),\n        INDEX(filteredData,,4)\n      )\n    ),\n  result\n)	1		
تعداد فیش هرشب	B131		LET(\n  inputDate, AN,\n  sheetName, "اهداف فروش",\n  dataRange, "A:G",\n  result,\n    IF(\n      ISBLANK(inputDate),\n      "",\n      LET(\n        date, GREG_TO_JALALI(inputDate),\n        monthName, GET_JALALI_MONTH_NAME(date),\n        year, GET_JALALI_YEAR(date),\n        data, IMPORT_FROM_SHEET(SheetsFileId_Accounting_Chalebagh, sheetName, dataRange),\n        filteredData, FILTER(data, INDEX(data,,2) = monthName, INDEX(data,,3) = year),\n        INDEX(filteredData,,4)\n      )\n    ),\n  result\n)	1		
تعداد فیش هرشب	B132		LET(\n  inputDate, AN,\n  sheetName, "اهداف فروش",\n  dataRange, "A:G",\n  result,\n    IF(\n      ISBLANK(inputDate),\n      "",\n      LET(\n        date, GREG_TO_JALALI(inputDate),\n        monthName, GET_JALALI_MONTH_NAME(date),\n        year, GET_JALALI_YEAR(date),\n        data, IMPORT_FROM_SHEET(SheetsFileId_Accounting_Chalebagh, sheetName, dataRange),\n        filteredData, FILTER(data, INDEX(data,,2) = monthName, INDEX(data,,3) = year),\n        INDEX(filteredData,,4)\n      )\n    ),\n  result\n)	1		
تعداد فیش هرشب	B133		LET(\n  inputDate, AN,\n  sheetName, "اهداف فروش",\n  dataRange, "A:G",\n  result,\n    IF(\n      ISBLANK(inputDate),\n      "",\n      LET(\n        date, GREG_TO_JALALI(inputDate),\n        monthName, GET_JALALI_MONTH_NAME(date),\n        year, GET_JALALI_YEAR(date),\n        data, IMPORT_FROM_SHEET(SheetsFileId_Accounting_Chalebagh, sheetName, dataRange),\n        filteredData, FILTER(data, INDEX(data,,2) = monthName, INDEX(data,,3) = year),\n        INDEX(filteredData,,4)\n      )\n    ),\n  result\n)	1		
تعداد فیش هرشب	B134		LET(\n  inputDate, AN,\n  sheetName, "اهداف فروش",\n  dataRange, "A:G",\n  result,\n    IF(\n      ISBLANK(inputDate),\n      "",\n      LET(\n        date, GREG_TO_JALALI(inputDate),\n        monthName, GET_JALALI_MONTH_NAME(date),\n        year, GET_JALALI_YEAR(date),\n        data, IMPORT_FROM_SHEET(SheetsFileId_Accounting_Chalebagh, sheetName, dataRange),\n        filteredData, FILTER(data, INDEX(data,,2) = monthName, INDEX(data,,3) = year),\n        INDEX(filteredData,,4)\n      )\n    ),\n  result\n)	1		
تعداد فیش هرشب	B135		LET(\n  inputDate, AN,\n  sheetName, "اهداف فروش",\n  dataRange, "A:G",\n  result,\n    IF(\n      ISBLANK(inputDate),\n      "",\n      LET(\n        date, GREG_TO_JALALI(inputDate),\n        monthName, GET_JALALI_MONTH_NAME(date),\n        year, GET_JALALI_YEAR(date),\n        data, IMPORT_FROM_SHEET(SheetsFileId_Accounting_Chalebagh, sheetName, dataRange),\n        filteredData, FILTER(data, INDEX(data,,2) = monthName, INDEX(data,,3) = year),\n        INDEX(filteredData,,4)\n      )\n    ),\n  result\n)	1		
تعداد فیش هرشب	B136		LET(\n  inputDate, AN,\n  sheetName, "اهداف فروش",\n  dataRange, "A:G",\n  result,\n    IF(\n      ISBLANK(inputDate),\n      "",\n      LET(\n        date, GREG_TO_JALALI(inputDate),\n        monthName, GET_JALALI_MONTH_NAME(date),\n        year, GET_JALALI_YEAR(date),\n        data, IMPORT_FROM_SHEET(SheetsFileId_Accounting_Chalebagh, sheetName, dataRange),\n        filteredData, FILTER(data, INDEX(data,,2) = monthName, INDEX(data,,3) = year),\n        INDEX(filteredData,,4)\n      )\n    ),\n  result\n)	1		
تعداد فیش هرشب	B137		LET(\n  inputDate, AN,\n  sheetName, "اهداف فروش",\n  dataRange, "A:G",\n  result,\n    IF(\n      ISBLANK(inputDate),\n      "",\n      LET(\n        date, GREG_TO_JALALI(inputDate),\n        monthName, GET_JALALI_MONTH_NAME(date),\n        year, GET_JALALI_YEAR(date),\n        data, IMPORT_FROM_SHEET(SheetsFileId_Accounting_Chalebagh, sheetName, dataRange),\n        filteredData, FILTER(data, INDEX(data,,2) = monthName, INDEX(data,,3) = year),\n        INDEX(filteredData,,4)\n      )\n    ),\n  result\n)	1		
تعداد فیش هرشب	B138		LET(\n  inputDate, AN,\n  sheetName, "اهداف فروش",\n  dataRange, "A:G",\n  result,\n    IF(\n      ISBLANK(inputDate),\n      "",\n      LET(\n        date, GREG_TO_JALALI(inputDate),\n        monthName, GET_JALALI_MONTH_NAME(date),\n        year, GET_JALALI_YEAR(date),\n        data, IMPORT_FROM_SHEET(SheetsFileId_Accounting_Chalebagh, sheetName, dataRange),\n        filteredData, FILTER(data, INDEX(data,,2) = monthName, INDEX(data,,3) = year),\n        INDEX(filteredData,,4)\n      )\n    ),\n  result\n)	1		
تعداد فیش هرشب	B139		LET(\n  inputDate, AN,\n  sheetName, "اهداف فروش",\n  dataRange, "A:G",\n  result,\n    IF(\n      ISBLANK(inputDate),\n      "",\n      LET(\n        date, GREG_TO_JALALI(inputDate),\n        monthName, GET_JALALI_MONTH_NAME(date),\n        year, GET_JALALI_YEAR(date),\n        data, IMPORT_FROM_SHEET(SheetsFileId_Accounting_Chalebagh, sheetName, dataRange),\n        filteredData, FILTER(data, INDEX(data,,2) = monthName, INDEX(data,,3) = year),\n        INDEX(filteredData,,4)\n      )\n    ),\n  result\n)	1		
تعداد فیش هرشب	B140		LET(\n  inputDate, AN,\n  sheetName, "اهداف فروش",\n  dataRange, "A:G",\n  result,\n    IF(\n      ISBLANK(inputDate),\n      "",\n      LET(\n        date, GREG_TO_JALALI(inputDate),\n        monthName, GET_JALALI_MONTH_NAME(date),\n        year, GET_JALALI_YEAR(date),\n        data, IMPORT_FROM_SHEET(SheetsFileId_Accounting_Chalebagh, sheetName, dataRange),\n        filteredData, FILTER(data, INDEX(data,,2) = monthName, INDEX(data,,3) = year),\n        INDEX(filteredData,,4)\n      )\n    ),\n  result\n)	1		
تعداد فیش هرشب	B141		LET(\n  inputDate, AN,\n  sheetName, "اهداف فروش",\n  dataRange, "A:G",\n  result,\n    IF(\n      ISBLANK(inputDate),\n      "",\n      LET(\n        date, GREG_TO_JALALI(inputDate),\n        monthName, GET_JALALI_MONTH_NAME(date),\n        year, GET_JALALI_YEAR(date),\n        data, IMPORT_FROM_SHEET(SheetsFileId_Accounting_Chalebagh, sheetName, dataRange),\n        filteredData, FILTER(data, INDEX(data,,2) = monthName, INDEX(data,,3) = year),\n        INDEX(filteredData,,4)\n      )\n    ),\n  result\n)	1		
تعداد فیش هرشب	B142		LET(\n  inputDate, AN,\n  sheetName, "اهداف فروش",\n  dataRange, "A:G",\n  result,\n    IF(\n      ISBLANK(inputDate),\n      "",\n      LET(\n        date, GREG_TO_JALALI(inputDate),\n        monthName, GET_JALALI_MONTH_NAME(date),\n        year, GET_JALALI_YEAR(date),\n        data, IMPORT_FROM_SHEET(SheetsFileId_Accounting_Chalebagh, sheetName, dataRange),\n        filteredData, FILTER(data, INDEX(data,,2) = monthName, INDEX(data,,3) = year),\n        INDEX(filteredData,,4)\n      )\n    ),\n  result\n)	1		
تعداد فیش هرشب	B143		LET(\n  inputDate, AN,\n  sheetName, "اهداف فروش",\n  dataRange, "A:G",\n  result,\n    IF(\n      ISBLANK(inputDate),\n      "",\n      LET(\n        date, GREG_TO_JALALI(inputDate),\n        monthName, GET_JALALI_MONTH_NAME(date),\n        year, GET_JALALI_YEAR(date),\n        data, IMPORT_FROM_SHEET(SheetsFileId_Accounting_Chalebagh, sheetName, dataRange),\n        filteredData, FILTER(data, INDEX(data,,2) = monthName, INDEX(data,,3) = year),\n        INDEX(filteredData,,4)\n      )\n    ),\n  result\n)	1		
تعداد فیش هرشب	B144		LET(\n  inputDate, AN,\n  sheetName, "اهداف فروش",\n  dataRange, "A:G",\n  result,\n    IF(\n      ISBLANK(inputDate),\n      "",\n      LET(\n        date, GREG_TO_JALALI(inputDate),\n        monthName, GET_JALALI_MONTH_NAME(date),\n        year, GET_JALALI_YEAR(date),\n        data, IMPORT_FROM_SHEET(SheetsFileId_Accounting_Chalebagh, sheetName, dataRange),\n        filteredData, FILTER(data, INDEX(data,,2) = monthName, INDEX(data,,3) = year),\n        INDEX(filteredData,,4)\n      )\n    ),\n  result\n)	1		
تعداد فیش هرشب	B145		LET(\n  inputDate, AN,\n  sheetName, "اهداف فروش",\n  dataRange, "A:G",\n  result,\n    IF(\n      ISBLANK(inputDate),\n      "",\n      LET(\n        date, GREG_TO_JALALI(inputDate),\n        monthName, GET_JALALI_MONTH_NAME(date),\n        year, GET_JALALI_YEAR(date),\n        data, IMPORT_FROM_SHEET(SheetsFileId_Accounting_Chalebagh, sheetName, dataRange),\n        filteredData, FILTER(data, INDEX(data,,2) = monthName, INDEX(data,,3) = year),\n        INDEX(filteredData,,4)\n      )\n    ),\n  result\n)	1		
تعداد فیش هرشب	B146		LET(\n  inputDate, AN,\n  sheetName, "اهداف فروش",\n  dataRange, "A:G",\n  result,\n    IF(\n      ISBLANK(inputDate),\n      "",\n      LET(\n        date, GREG_TO_JALALI(inputDate),\n        monthName, GET_JALALI_MONTH_NAME(date),\n        year, GET_JALALI_YEAR(date),\n        data, IMPORT_FROM_SHEET(SheetsFileId_Accounting_Chalebagh, sheetName, dataRange),\n        filteredData, FILTER(data, INDEX(data,,2) = monthName, INDEX(data,,3) = year),\n        INDEX(filteredData,,4)\n      )\n    ),\n  result\n)	1		
تعداد فیش هرشب	B147		LET(\n  inputDate, AN,\n  sheetName, "اهداف فروش",\n  dataRange, "A:G",\n  result,\n    IF(\n      ISBLANK(inputDate),\n      "",\n      LET(\n        date, GREG_TO_JALALI(inputDate),\n        monthName, GET_JALALI_MONTH_NAME(date),\n        year, GET_JALALI_YEAR(date),\n        data, IMPORT_FROM_SHEET(SheetsFileId_Accounting_Chalebagh, sheetName, dataRange),\n        filteredData, FILTER(data, INDEX(data,,2) = monthName, INDEX(data,,3) = year),\n        INDEX(filteredData,,4)\n      )\n    ),\n  result\n)	1		
تعداد فیش هرشب	B148		LET(\n  inputDate, AN,\n  sheetName, "اهداف فروش",\n  dataRange, "A:G",\n  result,\n    IF(\n      ISBLANK(inputDate),\n      "",\n      LET(\n        date, GREG_TO_JALALI(inputDate),\n        monthName, GET_JALALI_MONTH_NAME(date),\n        year, GET_JALALI_YEAR(date),\n        data, IMPORT_FROM_SHEET(SheetsFileId_Accounting_Chalebagh, sheetName, dataRange),\n        filteredData, FILTER(data, INDEX(data,,2) = monthName, INDEX(data,,3) = year),\n        INDEX(filteredData,,4)\n      )\n    ),\n  result\n)	1		
تعداد فیش هرشب	B149		LET(\n  inputDate, AN,\n  sheetName, "اهداف فروش",\n  dataRange, "A:G",\n  result,\n    IF(\n      ISBLANK(inputDate),\n      "",\n      LET(\n        date, GREG_TO_JALALI(inputDate),\n        monthName, GET_JALALI_MONTH_NAME(date),\n        year, GET_JALALI_YEAR(date),\n        data, IMPORT_FROM_SHEET(SheetsFileId_Accounting_Chalebagh, sheetName, dataRange),\n        filteredData, FILTER(data, INDEX(data,,2) = monthName, INDEX(data,,3) = year),\n        INDEX(filteredData,,4)\n      )\n    ),\n  result\n)	1		
تعداد فیش هرشب	B150		LET(\n  inputDate, AN,\n  sheetName, "اهداف فروش",\n  dataRange, "A:G",\n  result,\n    IF(\n      ISBLANK(inputDate),\n      "",\n      LET(\n        date, GREG_TO_JALALI(inputDate),\n        monthName, GET_JALALI_MONTH_NAME(date),\n        year, GET_JALALI_YEAR(date),\n        data, IMPORT_FROM_SHEET(SheetsFileId_Accounting_Chalebagh, sheetName, dataRange),\n        filteredData, FILTER(data, INDEX(data,,2) = monthName, INDEX(data,,3) = year),\n        INDEX(filteredData,,4)\n      )\n    ),\n  result\n)	1		
تعداد فیش هرشب	B151		LET(\n  inputDate, AN,\n  sheetName, "اهداف فروش",\n  dataRange, "A:G",\n  result,\n    IF(\n      ISBLANK(inputDate),\n      "",\n      LET(\n        date, GREG_TO_JALALI(inputDate),\n        monthName, GET_JALALI_MONTH_NAME(date),\n        year, GET_JALALI_YEAR(date),\n        data, IMPORT_FROM_SHEET(SheetsFileId_Accounting_Chalebagh, sheetName, dataRange),\n        filteredData, FILTER(data, INDEX(data,,2) = monthName, INDEX(data,,3) = year),\n        INDEX(filteredData,,4)\n      )\n    ),\n  result\n)	1		
تعداد فیش هرشب	B152		LET(\n  inputDate, AN,\n  sheetName, "اهداف فروش",\n  dataRange, "A:G",\n  result,\n    IF(\n      ISBLANK(inputDate),\n      "",\n      LET(\n        date, GREG_TO_JALALI(inputDate),\n        monthName, GET_JALALI_MONTH_NAME(date),\n        year, GET_JALALI_YEAR(date),\n        data, IMPORT_FROM_SHEET(SheetsFileId_Accounting_Chalebagh, sheetName, dataRange),\n        filteredData, FILTER(data, INDEX(data,,2) = monthName, INDEX(data,,3) = year),\n        INDEX(filteredData,,4)\n      )\n    ),\n  result\n)	1		
تعداد فیش هرشب	B153		LET(\n  inputDate, AN,\n  sheetName, "اهداف فروش",\n  dataRange, "A:G",\n  result,\n    IF(\n      ISBLANK(inputDate),\n      "",\n      LET(\n        date, GREG_TO_JALALI(inputDate),\n        monthName, GET_JALALI_MONTH_NAME(date),\n        year, GET_JALALI_YEAR(date),\n        data, IMPORT_FROM_SHEET(SheetsFileId_Accounting_Chalebagh, sheetName, dataRange),\n        filteredData, FILTER(data, INDEX(data,,2) = monthName, INDEX(data,,3) = year),\n        INDEX(filteredData,,4)\n      )\n    ),\n  result\n)	1		
تعداد فیش هرشب	B154		LET(\n  inputDate, AN,\n  sheetName, "اهداف فروش",\n  dataRange, "A:G",\n  result,\n    IF(\n      ISBLANK(inputDate),\n      "",\n      LET(\n        date, GREG_TO_JALALI(inputDate),\n        monthName, GET_JALALI_MONTH_NAME(date),\n        year, GET_JALALI_YEAR(date),\n        data, IMPORT_FROM_SHEET(SheetsFileId_Accounting_Chalebagh, sheetName, dataRange),\n        filteredData, FILTER(data, INDEX(data,,2) = monthName, INDEX(data,,3) = year),\n        INDEX(filteredData,,4)\n      )\n    ),\n  result\n)	1		
تعداد فیش هرشب	B155		LET(\n  inputDate, AN,\n  sheetName, "اهداف فروش",\n  dataRange, "A:G",\n  result,\n    IF(\n      ISBLANK(inputDate),\n      "",\n      LET(\n        date, GREG_TO_JALALI(inputDate),\n        monthName, GET_JALALI_MONTH_NAME(date),\n        year, GET_JALALI_YEAR(date),\n        data, IMPORT_FROM_SHEET(SheetsFileId_Accounting_Chalebagh, sheetName, dataRange),\n        filteredData, FILTER(data, INDEX(data,,2) = monthName, INDEX(data,,3) = year),\n        INDEX(filteredData,,4)\n      )\n    ),\n  result\n)	1		
تعداد فیش هرشب	B156		LET(\n  inputDate, AN,\n  sheetName, "اهداف فروش",\n  dataRange, "A:G",\n  result,\n    IF(\n      ISBLANK(inputDate),\n      "",\n      LET(\n        date, GREG_TO_JALALI(inputDate),\n        monthName, GET_JALALI_MONTH_NAME(date),\n        year, GET_JALALI_YEAR(date),\n        data, IMPORT_FROM_SHEET(SheetsFileId_Accounting_Chalebagh, sheetName, dataRange),\n        filteredData, FILTER(data, INDEX(data,,2) = monthName, INDEX(data,,3) = year),\n        INDEX(filteredData,,4)\n      )\n    ),\n  result\n)	1		
تعداد فیش هرشب	B157		LET(\n  inputDate, AN,\n  sheetName, "اهداف فروش",\n  dataRange, "A:G",\n  result,\n    IF(\n      ISBLANK(inputDate),\n      "",\n      LET(\n        date, GREG_TO_JALALI(inputDate),\n        monthName, GET_JALALI_MONTH_NAME(date),\n        year, GET_JALALI_YEAR(date),\n        data, IMPORT_FROM_SHEET(SheetsFileId_Accounting_Chalebagh, sheetName, dataRange),\n        filteredData, FILTER(data, INDEX(data,,2) = monthName, INDEX(data,,3) = year),\n        INDEX(filteredData,,4)\n      )\n    ),\n  result\n)	1		
تعداد فیش هرشب	B158		LET(\n  inputDate, AN,\n  sheetName, "اهداف فروش",\n  dataRange, "A:G",\n  result,\n    IF(\n      ISBLANK(inputDate),\n      "",\n      LET(\n        date, GREG_TO_JALALI(inputDate),\n        monthName, GET_JALALI_MONTH_NAME(date),\n        year, GET_JALALI_YEAR(date),\n        data, IMPORT_FROM_SHEET(SheetsFileId_Accounting_Chalebagh, sheetName, dataRange),\n        filteredData, FILTER(data, INDEX(data,,2) = monthName, INDEX(data,,3) = year),\n        INDEX(filteredData,,4)\n      )\n    ),\n  result\n)	1		
تعداد فیش هرشب	B159		LET(\n  inputDate, AN,\n  sheetName, "اهداف فروش",\n  dataRange, "A:G",\n  result,\n    IF(\n      ISBLANK(inputDate),\n      "",\n      LET(\n        date, GREG_TO_JALALI(inputDate),\n        monthName, GET_JALALI_MONTH_NAME(date),\n        year, GET_JALALI_YEAR(date),\n        data, IMPORT_FROM_SHEET(SheetsFileId_Accounting_Chalebagh, sheetName, dataRange),\n        filteredData, FILTER(data, INDEX(data,,2) = monthName, INDEX(data,,3) = year),\n        INDEX(filteredData,,4)\n      )\n    ),\n  result\n)	1		
تعداد فیش هرشب	B160		LET(\n  inputDate, AN,\n  sheetName, "اهداف فروش",\n  dataRange, "A:G",\n  result,\n    IF(\n      ISBLANK(inputDate),\n      "",\n      LET(\n        date, GREG_TO_JALALI(inputDate),\n        monthName, GET_JALALI_MONTH_NAME(date),\n        year, GET_JALALI_YEAR(date),\n        data, IMPORT_FROM_SHEET(SheetsFileId_Accounting_Chalebagh, sheetName, dataRange),\n        filteredData, FILTER(data, INDEX(data,,2) = monthName, INDEX(data,,3) = year),\n        INDEX(filteredData,,4)\n      )\n    ),\n  result\n)	1		
تعداد فیش هرشب	B161		LET(\n  inputDate, AN,\n  sheetName, "اهداف فروش",\n  dataRange, "A:G",\n  result,\n    IF(\n      ISBLANK(inputDate),\n      "",\n      LET(\n        date, GREG_TO_JALALI(inputDate),\n        monthName, GET_JALALI_MONTH_NAME(date),\n        year, GET_JALALI_YEAR(date),\n        data, IMPORT_FROM_SHEET(SheetsFileId_Accounting_Chalebagh, sheetName, dataRange),\n        filteredData, FILTER(data, INDEX(data,,2) = monthName, INDEX(data,,3) = year),\n        INDEX(filteredData,,4)\n      )\n    ),\n  result\n)	1		
تعداد فیش هرشب	B162		LET(\n  inputDate, AN,\n  sheetName, "اهداف فروش",\n  dataRange, "A:G",\n  result,\n    IF(\n      ISBLANK(inputDate),\n      "",\n      LET(\n        date, GREG_TO_JALALI(inputDate),\n        monthName, GET_JALALI_MONTH_NAME(date),\n        year, GET_JALALI_YEAR(date),\n        data, IMPORT_FROM_SHEET(SheetsFileId_Accounting_Chalebagh, sheetName, dataRange),\n        filteredData, FILTER(data, INDEX(data,,2) = monthName, INDEX(data,,3) = year),\n        INDEX(filteredData,,4)\n      )\n    ),\n  result\n)	1		
تعداد فیش هرشب	B163		LET(\n  inputDate, AN,\n  sheetName, "اهداف فروش",\n  dataRange, "A:G",\n  result,\n    IF(\n      ISBLANK(inputDate),\n      "",\n      LET(\n        date, GREG_TO_JALALI(inputDate),\n        monthName, GET_JALALI_MONTH_NAME(date),\n        year, GET_JALALI_YEAR(date),\n        data, IMPORT_FROM_SHEET(SheetsFileId_Accounting_Chalebagh, sheetName, dataRange),\n        filteredData, FILTER(data, INDEX(data,,2) = monthName, INDEX(data,,3) = year),\n        INDEX(filteredData,,4)\n      )\n    ),\n  result\n)	1		
تعداد فیش هرشب	B164		LET(\n  inputDate, AN,\n  sheetName, "اهداف فروش",\n  dataRange, "A:G",\n  result,\n    IF(\n      ISBLANK(inputDate),\n      "",\n      LET(\n        date, GREG_TO_JALALI(inputDate),\n        monthName, GET_JALALI_MONTH_NAME(date),\n        year, GET_JALALI_YEAR(date),\n        data, IMPORT_FROM_SHEET(SheetsFileId_Accounting_Chalebagh, sheetName, dataRange),\n        filteredData, FILTER(data, INDEX(data,,2) = monthName, INDEX(data,,3) = year),\n        INDEX(filteredData,,4)\n      )\n    ),\n  result\n)	1		
تعداد فیش هرشب	B165		LET(\n  inputDate, AN,\n  sheetName, "اهداف فروش",\n  dataRange, "A:G",\n  result,\n    IF(\n      ISBLANK(inputDate),\n      "",\n      LET(\n        date, GREG_TO_JALALI(inputDate),\n        monthName, GET_JALALI_MONTH_NAME(date),\n        year, GET_JALALI_YEAR(date),\n        data, IMPORT_FROM_SHEET(SheetsFileId_Accounting_Chalebagh, sheetName, dataRange),\n        filteredData, FILTER(data, INDEX(data,,2) = monthName, INDEX(data,,3) = year),\n        INDEX(filteredData,,4)\n      )\n    ),\n  result\n)	1		
تعداد فیش هرشب	B166		LET(\n  inputDate, AN,\n  sheetName, "اهداف فروش",\n  dataRange, "A:G",\n  result,\n    IF(\n      ISBLANK(inputDate),\n      "",\n      LET(\n        date, GREG_TO_JALALI(inputDate),\n        monthName, GET_JALALI_MONTH_NAME(date),\n        year, GET_JALALI_YEAR(date),\n        data, IMPORT_FROM_SHEET(SheetsFileId_Accounting_Chalebagh, sheetName, dataRange),\n        filteredData, FILTER(data, INDEX(data,,2) = monthName, INDEX(data,,3) = year),\n        INDEX(filteredData,,4)\n      )\n    ),\n  result\n)	1		
تعداد فیش هرشب	B167		LET(\n  inputDate, AN,\n  sheetName, "اهداف فروش",\n  dataRange, "A:G",\n  result,\n    IF(\n      ISBLANK(inputDate),\n      "",\n      LET(\n        date, GREG_TO_JALALI(inputDate),\n        monthName, GET_JALALI_MONTH_NAME(date),\n        year, GET_JALALI_YEAR(date),\n        data, IMPORT_FROM_SHEET(SheetsFileId_Accounting_Chalebagh, sheetName, dataRange),\n        filteredData, FILTER(data, INDEX(data,,2) = monthName, INDEX(data,,3) = year),\n        INDEX(filteredData,,4)\n      )\n    ),\n  result\n)	1		
تعداد فیش هرشب	B168		LET(\n  inputDate, AN,\n  sheetName, "اهداف فروش",\n  dataRange, "A:G",\n  result,\n    IF(\n      ISBLANK(inputDate),\n      "",\n      LET(\n        date, GREG_TO_JALALI(inputDate),\n        monthName, GET_JALALI_MONTH_NAME(date),\n        year, GET_JALALI_YEAR(date),\n        data, IMPORT_FROM_SHEET(SheetsFileId_Accounting_Chalebagh, sheetName, dataRange),\n        filteredData, FILTER(data, INDEX(data,,2) = monthName, INDEX(data,,3) = year),\n        INDEX(filteredData,,4)\n      )\n    ),\n  result\n)	1		
تعداد فیش هرشب	B169		LET(\n  inputDate, AN,\n  sheetName, "اهداف فروش",\n  dataRange, "A:G",\n  result,\n    IF(\n      ISBLANK(inputDate),\n      "",\n      LET(\n        date, GREG_TO_JALALI(inputDate),\n        monthName, GET_JALALI_MONTH_NAME(date),\n        year, GET_JALALI_YEAR(date),\n        data, IMPORT_FROM_SHEET(SheetsFileId_Accounting_Chalebagh, sheetName, dataRange),\n        filteredData, FILTER(data, INDEX(data,,2) = monthName, INDEX(data,,3) = year),\n        INDEX(filteredData,,4)\n      )\n    ),\n  result\n)	1		
تعداد فیش هرشب	B170		LET(\n  inputDate, AN,\n  sheetName, "اهداف فروش",\n  dataRange, "A:G",\n  result,\n    IF(\n      ISBLANK(inputDate),\n      "",\n      LET(\n        date, GREG_TO_JALALI(inputDate),\n        monthName, GET_JALALI_MONTH_NAME(date),\n        year, GET_JALALI_YEAR(date),\n        data, IMPORT_FROM_SHEET(SheetsFileId_Accounting_Chalebagh, sheetName, dataRange),\n        filteredData, FILTER(data, INDEX(data,,2) = monthName, INDEX(data,,3) = year),\n        INDEX(filteredData,,4)\n      )\n    ),\n  result\n)	1		
تعداد فیش هرشب	B171		LET(\n  inputDate, AN,\n  sheetName, "اهداف فروش",\n  dataRange, "A:G",\n  result,\n    IF(\n      ISBLANK(inputDate),\n      "",\n      LET(\n        date, GREG_TO_JALALI(inputDate),\n        monthName, GET_JALALI_MONTH_NAME(date),\n        year, GET_JALALI_YEAR(date),\n        data, IMPORT_FROM_SHEET(SheetsFileId_Accounting_Chalebagh, sheetName, dataRange),\n        filteredData, FILTER(data, INDEX(data,,2) = monthName, INDEX(data,,3) = year),\n        INDEX(filteredData,,4)\n      )\n    ),\n  result\n)	1		
تعداد فیش هرشب	B172		LET(\n  inputDate, AN,\n  sheetName, "اهداف فروش",\n  dataRange, "A:G",\n  result,\n    IF(\n      ISBLANK(inputDate),\n      "",\n      LET(\n        date, GREG_TO_JALALI(inputDate),\n        monthName, GET_JALALI_MONTH_NAME(date),\n        year, GET_JALALI_YEAR(date),\n        data, IMPORT_FROM_SHEET(SheetsFileId_Accounting_Chalebagh, sheetName, dataRange),\n        filteredData, FILTER(data, INDEX(data,,2) = monthName, INDEX(data,,3) = year),\n        INDEX(filteredData,,4)\n      )\n    ),\n  result\n)	1		
تعداد فیش هرشب	B173		LET(\n  inputDate, AN,\n  sheetName, "اهداف فروش",\n  dataRange, "A:G",\n  result,\n    IF(\n      ISBLANK(inputDate),\n      "",\n      LET(\n        date, GREG_TO_JALALI(inputDate),\n        monthName, GET_JALALI_MONTH_NAME(date),\n        year, GET_JALALI_YEAR(date),\n        data, IMPORT_FROM_SHEET(SheetsFileId_Accounting_Chalebagh, sheetName, dataRange),\n        filteredData, FILTER(data, INDEX(data,,2) = monthName, INDEX(data,,3) = year),\n        INDEX(filteredData,,4)\n      )\n    ),\n  result\n)	1		
تعداد فیش هرشب	B174		LET(\n  inputDate, AN,\n  sheetName, "اهداف فروش",\n  dataRange, "A:G",\n  result,\n    IF(\n      ISBLANK(inputDate),\n      "",\n      LET(\n        date, GREG_TO_JALALI(inputDate),\n        monthName, GET_JALALI_MONTH_NAME(date),\n        year, GET_JALALI_YEAR(date),\n        data, IMPORT_FROM_SHEET(SheetsFileId_Accounting_Chalebagh, sheetName, dataRange),\n        filteredData, FILTER(data, INDEX(data,,2) = monthName, INDEX(data,,3) = year),\n        INDEX(filteredData,,4)\n      )\n    ),\n  result\n)	1		
تعداد فیش هرشب	B175		LET(\n  inputDate, AN,\n  sheetName, "اهداف فروش",\n  dataRange, "A:G",\n  result,\n    IF(\n      ISBLANK(inputDate),\n      "",\n      LET(\n        date, GREG_TO_JALALI(inputDate),\n        monthName, GET_JALALI_MONTH_NAME(date),\n        year, GET_JALALI_YEAR(date),\n        data, IMPORT_FROM_SHEET(SheetsFileId_Accounting_Chalebagh, sheetName, dataRange),\n        filteredData, FILTER(data, INDEX(data,,2) = monthName, INDEX(data,,3) = year),\n        INDEX(filteredData,,4)\n      )\n    ),\n  result\n)	1		
تعداد فیش هرشب	B176		LET(\n  inputDate, AN,\n  sheetName, "اهداف فروش",\n  dataRange, "A:G",\n  result,\n    IF(\n      ISBLANK(inputDate),\n      "",\n      LET(\n        date, GREG_TO_JALALI(inputDate),\n        monthName, GET_JALALI_MONTH_NAME(date),\n        year, GET_JALALI_YEAR(date),\n        data, IMPORT_FROM_SHEET(SheetsFileId_Accounting_Chalebagh, sheetName, dataRange),\n        filteredData, FILTER(data, INDEX(data,,2) = monthName, INDEX(data,,3) = year),\n        INDEX(filteredData,,4)\n      )\n    ),\n  result\n)	1		
تعداد فیش هرشب	B177		LET(\n  inputDate, AN,\n  sheetName, "اهداف فروش",\n  dataRange, "A:G",\n  result,\n    IF(\n      ISBLANK(inputDate),\n      "",\n      LET(\n        date, GREG_TO_JALALI(inputDate),\n        monthName, GET_JALALI_MONTH_NAME(date),\n        year, GET_JALALI_YEAR(date),\n        data, IMPORT_FROM_SHEET(SheetsFileId_Accounting_Chalebagh, sheetName, dataRange),\n        filteredData, FILTER(data, INDEX(data,,2) = monthName, INDEX(data,,3) = year),\n        INDEX(filteredData,,4)\n      )\n    ),\n  result\n)	1		
تعداد فیش هرشب	B178		LET(\n  inputDate, AN,\n  sheetName, "اهداف فروش",\n  dataRange, "A:G",\n  result,\n    IF(\n      ISBLANK(inputDate),\n      "",\n      LET(\n        date, GREG_TO_JALALI(inputDate),\n        monthName, GET_JALALI_MONTH_NAME(date),\n        year, GET_JALALI_YEAR(date),\n        data, IMPORT_FROM_SHEET(SheetsFileId_Accounting_Chalebagh, sheetName, dataRange),\n        filteredData, FILTER(data, INDEX(data,,2) = monthName, INDEX(data,,3) = year),\n        INDEX(filteredData,,4)\n      )\n    ),\n  result\n)	1		
تعداد فیش هرشب	B179		LET(\n  inputDate, AN,\n  sheetName, "اهداف فروش",\n  dataRange, "A:G",\n  result,\n    IF(\n      ISBLANK(inputDate),\n      "",\n      LET(\n        date, GREG_TO_JALALI(inputDate),\n        monthName, GET_JALALI_MONTH_NAME(date),\n        year, GET_JALALI_YEAR(date),\n        data, IMPORT_FROM_SHEET(SheetsFileId_Accounting_Chalebagh, sheetName, dataRange),\n        filteredData, FILTER(data, INDEX(data,,2) = monthName, INDEX(data,,3) = year),\n        INDEX(filteredData,,4)\n      )\n    ),\n  result\n)	1		
تعداد فیش هرشب	B180		LET(\n  inputDate, AN,\n  sheetName, "اهداف فروش",\n  dataRange, "A:G",\n  result,\n    IF(\n      ISBLANK(inputDate),\n      "",\n      LET(\n        date, GREG_TO_JALALI(inputDate),\n        monthName, GET_JALALI_MONTH_NAME(date),\n        year, GET_JALALI_YEAR(date),\n        data, IMPORT_FROM_SHEET(SheetsFileId_Accounting_Chalebagh, sheetName, dataRange),\n        filteredData, FILTER(data, INDEX(data,,2) = monthName, INDEX(data,,3) = year),\n        INDEX(filteredData,,4)\n      )\n    ),\n  result\n)	1		
تعداد فیش هرشب	B181		LET(\n  inputDate, AN,\n  sheetName, "اهداف فروش",\n  dataRange, "A:G",\n  result,\n    IF(\n      ISBLANK(inputDate),\n      "",\n      LET(\n        date, GREG_TO_JALALI(inputDate),\n        monthName, GET_JALALI_MONTH_NAME(date),\n        year, GET_JALALI_YEAR(date),\n        data, IMPORT_FROM_SHEET(SheetsFileId_Accounting_Chalebagh, sheetName, dataRange),\n        filteredData, FILTER(data, INDEX(data,,2) = monthName, INDEX(data,,3) = year),\n        INDEX(filteredData,,4)\n      )\n    ),\n  result\n)	1		
تعداد فیش هرشب	B182		LET(\n  inputDate, AN,\n  sheetName, "اهداف فروش",\n  dataRange, "A:G",\n  result,\n    IF(\n      ISBLANK(inputDate),\n      "",\n      LET(\n        date, GREG_TO_JALALI(inputDate),\n        monthName, GET_JALALI_MONTH_NAME(date),\n        year, GET_JALALI_YEAR(date),\n        data, IMPORT_FROM_SHEET(SheetsFileId_Accounting_Chalebagh, sheetName, dataRange),\n        filteredData, FILTER(data, INDEX(data,,2) = monthName, INDEX(data,,3) = year),\n        INDEX(filteredData,,4)\n      )\n    ),\n  result\n)	1		
تعداد فیش هرشب	B183		LET(\n  inputDate, AN,\n  sheetName, "اهداف فروش",\n  dataRange, "A:G",\n  result,\n    IF(\n      ISBLANK(inputDate),\n      "",\n      LET(\n        date, GREG_TO_JALALI(inputDate),\n        monthName, GET_JALALI_MONTH_NAME(date),\n        year, GET_JALALI_YEAR(date),\n        data, IMPORT_FROM_SHEET(SheetsFileId_Accounting_Chalebagh, sheetName, dataRange),\n        filteredData, FILTER(data, INDEX(data,,2) = monthName, INDEX(data,,3) = year),\n        INDEX(filteredData,,4)\n      )\n    ),\n  result\n)	1		
تعداد فیش هرشب	B184		LET(\n  inputDate, AN,\n  sheetName, "اهداف فروش",\n  dataRange, "A:G",\n  result,\n    IF(\n      ISBLANK(inputDate),\n      "",\n      LET(\n        date, GREG_TO_JALALI(inputDate),\n        monthName, GET_JALALI_MONTH_NAME(date),\n        year, GET_JALALI_YEAR(date),\n        data, IMPORT_FROM_SHEET(SheetsFileId_Accounting_Chalebagh, sheetName, dataRange),\n        filteredData, FILTER(data, INDEX(data,,2) = monthName, INDEX(data,,3) = year),\n        INDEX(filteredData,,4)\n      )\n    ),\n  result\n)	1		
تعداد فیش هرشب	B185		LET(\n  inputDate, AN,\n  sheetName, "اهداف فروش",\n  dataRange, "A:G",\n  result,\n    IF(\n      ISBLANK(inputDate),\n      "",\n      LET(\n        date, GREG_TO_JALALI(inputDate),\n        monthName, GET_JALALI_MONTH_NAME(date),\n        year, GET_JALALI_YEAR(date),\n        data, IMPORT_FROM_SHEET(SheetsFileId_Accounting_Chalebagh, sheetName, dataRange),\n        filteredData, FILTER(data, INDEX(data,,2) = monthName, INDEX(data,,3) = year),\n        INDEX(filteredData,,4)\n      )\n    ),\n  result\n)	1		
تعداد فیش هرشب	B186		LET(\n  inputDate, AN,\n  sheetName, "اهداف فروش",\n  dataRange, "A:G",\n  result,\n    IF(\n      ISBLANK(inputDate),\n      "",\n      LET(\n        date, GREG_TO_JALALI(inputDate),\n        monthName, GET_JALALI_MONTH_NAME(date),\n        year, GET_JALALI_YEAR(date),\n        data, IMPORT_FROM_SHEET(SheetsFileId_Accounting_Chalebagh, sheetName, dataRange),\n        filteredData, FILTER(data, INDEX(data,,2) = monthName, INDEX(data,,3) = year),\n        INDEX(filteredData,,4)\n      )\n    ),\n  result\n)	1		
تعداد فیش هرشب	B187		LET(\n  inputDate, AN,\n  sheetName, "اهداف فروش",\n  dataRange, "A:G",\n  result,\n    IF(\n      ISBLANK(inputDate),\n      "",\n      LET(\n        date, GREG_TO_JALALI(inputDate),\n        monthName, GET_JALALI_MONTH_NAME(date),\n        year, GET_JALALI_YEAR(date),\n        data, IMPORT_FROM_SHEET(SheetsFileId_Accounting_Chalebagh, sheetName, dataRange),\n        filteredData, FILTER(data, INDEX(data,,2) = monthName, INDEX(data,,3) = year),\n        INDEX(filteredData,,4)\n      )\n    ),\n  result\n)	1		
تعداد فیش هرشب	B188		LET(\n  inputDate, AN,\n  sheetName, "اهداف فروش",\n  dataRange, "A:G",\n  result,\n    IF(\n      ISBLANK(inputDate),\n      "",\n      LET(\n        date, GREG_TO_JALALI(inputDate),\n        monthName, GET_JALALI_MONTH_NAME(date),\n        year, GET_JALALI_YEAR(date),\n        data, IMPORT_FROM_SHEET(SheetsFileId_Accounting_Chalebagh, sheetName, dataRange),\n        filteredData, FILTER(data, INDEX(data,,2) = monthName, INDEX(data,,3) = year),\n        INDEX(filteredData,,4)\n      )\n    ),\n  result\n)	1		
تعداد فیش هرشب	B189		LET(\n  inputDate, AN,\n  sheetName, "اهداف فروش",\n  dataRange, "A:G",\n  result,\n    IF(\n      ISBLANK(inputDate),\n      "",\n      LET(\n        date, GREG_TO_JALALI(inputDate),\n        monthName, GET_JALALI_MONTH_NAME(date),\n        year, GET_JALALI_YEAR(date),\n        data, IMPORT_FROM_SHEET(SheetsFileId_Accounting_Chalebagh, sheetName, dataRange),\n        filteredData, FILTER(data, INDEX(data,,2) = monthName, INDEX(data,,3) = year),\n        INDEX(filteredData,,4)\n      )\n    ),\n  result\n)	1		
تعداد فیش هرشب	B190		LET(\n  inputDate, AN,\n  sheetName, "اهداف فروش",\n  dataRange, "A:G",\n  result,\n    IF(\n      ISBLANK(inputDate),\n      "",\n      LET(\n        date, GREG_TO_JALALI(inputDate),\n        monthName, GET_JALALI_MONTH_NAME(date),\n        year, GET_JALALI_YEAR(date),\n        data, IMPORT_FROM_SHEET(SheetsFileId_Accounting_Chalebagh, sheetName, dataRange),\n        filteredData, FILTER(data, INDEX(data,,2) = monthName, INDEX(data,,3) = year),\n        INDEX(filteredData,,4)\n      )\n    ),\n  result\n)	1		
تعداد فیش هرشب	B191		LET(\n  inputDate, AN,\n  sheetName, "اهداف فروش",\n  dataRange, "A:G",\n  result,\n    IF(\n      ISBLANK(inputDate),\n      "",\n      LET(\n        date, GREG_TO_JALALI(inputDate),\n        monthName, GET_JALALI_MONTH_NAME(date),\n        year, GET_JALALI_YEAR(date),\n        data, IMPORT_FROM_SHEET(SheetsFileId_Accounting_Chalebagh, sheetName, dataRange),\n        filteredData, FILTER(data, INDEX(data,,2) = monthName, INDEX(data,,3) = year),\n        INDEX(filteredData,,4)\n      )\n    ),\n  result\n)	1		
تعداد فیش هرشب	B192		LET(\n  inputDate, AN,\n  sheetName, "اهداف فروش",\n  dataRange, "A:G",\n  result,\n    IF(\n      ISBLANK(inputDate),\n      "",\n      LET(\n        date, GREG_TO_JALALI(inputDate),\n        monthName, GET_JALALI_MONTH_NAME(date),\n        year, GET_JALALI_YEAR(date),\n        data, IMPORT_FROM_SHEET(SheetsFileId_Accounting_Chalebagh, sheetName, dataRange),\n        filteredData, FILTER(data, INDEX(data,,2) = monthName, INDEX(data,,3) = year),\n        INDEX(filteredData,,4)\n      )\n    ),\n  result\n)	1		
تعداد فیش هرشب	B193		LET(\n  inputDate, AN,\n  sheetName, "اهداف فروش",\n  dataRange, "A:G",\n  result,\n    IF(\n      ISBLANK(inputDate),\n      "",\n      LET(\n        date, GREG_TO_JALALI(inputDate),\n        monthName, GET_JALALI_MONTH_NAME(date),\n        year, GET_JALALI_YEAR(date),\n        data, IMPORT_FROM_SHEET(SheetsFileId_Accounting_Chalebagh, sheetName, dataRange),\n        filteredData, FILTER(data, INDEX(data,,2) = monthName, INDEX(data,,3) = year),\n        INDEX(filteredData,,4)\n      )\n    ),\n  result\n)	1		
تعداد فیش هرشب	B194		LET(\n  inputDate, AN,\n  sheetName, "اهداف فروش",\n  dataRange, "A:G",\n  result,\n    IF(\n      ISBLANK(inputDate),\n      "",\n      LET(\n        date, GREG_TO_JALALI(inputDate),\n        monthName, GET_JALALI_MONTH_NAME(date),\n        year, GET_JALALI_YEAR(date),\n        data, IMPORT_FROM_SHEET(SheetsFileId_Accounting_Chalebagh, sheetName, dataRange),\n        filteredData, FILTER(data, INDEX(data,,2) = monthName, INDEX(data,,3) = year),\n        INDEX(filteredData,,4)\n      )\n    ),\n  result\n)	1		
تعداد فیش هرشب	B195		LET(\n  inputDate, AN,\n  sheetName, "اهداف فروش",\n  dataRange, "A:G",\n  result,\n    IF(\n      ISBLANK(inputDate),\n      "",\n      LET(\n        date, GREG_TO_JALALI(inputDate),\n        monthName, GET_JALALI_MONTH_NAME(date),\n        year, GET_JALALI_YEAR(date),\n        data, IMPORT_FROM_SHEET(SheetsFileId_Accounting_Chalebagh, sheetName, dataRange),\n        filteredData, FILTER(data, INDEX(data,,2) = monthName, INDEX(data,,3) = year),\n        INDEX(filteredData,,4)\n      )\n    ),\n  result\n)	1		
تعداد فیش هرشب	B196		LET(\n  inputDate, AN,\n  sheetName, "اهداف فروش",\n  dataRange, "A:G",\n  result,\n    IF(\n      ISBLANK(inputDate),\n      "",\n      LET(\n        date, GREG_TO_JALALI(inputDate),\n        monthName, GET_JALALI_MONTH_NAME(date),\n        year, GET_JALALI_YEAR(date),\n        data, IMPORT_FROM_SHEET(SheetsFileId_Accounting_Chalebagh, sheetName, dataRange),\n        filteredData, FILTER(data, INDEX(data,,2) = monthName, INDEX(data,,3) = year),\n        INDEX(filteredData,,4)\n      )\n    ),\n  result\n)	1		
تعداد فیش هرشب	B197		LET(\n  inputDate, AN,\n  sheetName, "اهداف فروش",\n  dataRange, "A:G",\n  result,\n    IF(\n      ISBLANK(inputDate),\n      "",\n      LET(\n        date, GREG_TO_JALALI(inputDate),\n        monthName, GET_JALALI_MONTH_NAME(date),\n        year, GET_JALALI_YEAR(date),\n        data, IMPORT_FROM_SHEET(SheetsFileId_Accounting_Chalebagh, sheetName, dataRange),\n        filteredData, FILTER(data, INDEX(data,,2) = monthName, INDEX(data,,3) = year),\n        INDEX(filteredData,,4)\n      )\n    ),\n  result\n)	1		
تعداد فیش هرشب	B198		LET(\n  inputDate, AN,\n  sheetName, "اهداف فروش",\n  dataRange, "A:G",\n  result,\n    IF(\n      ISBLANK(inputDate),\n      "",\n      LET(\n        date, GREG_TO_JALALI(inputDate),\n        monthName, GET_JALALI_MONTH_NAME(date),\n        year, GET_JALALI_YEAR(date),\n        data, IMPORT_FROM_SHEET(SheetsFileId_Accounting_Chalebagh, sheetName, dataRange),\n        filteredData, FILTER(data, INDEX(data,,2) = monthName, INDEX(data,,3) = year),\n        INDEX(filteredData,,4)\n      )\n    ),\n  result\n)	1		
تعداد فیش هرشب	B199		LET(\n  inputDate, AN,\n  sheetName, "اهداف فروش",\n  dataRange, "A:G",\n  result,\n    IF(\n      ISBLANK(inputDate),\n      "",\n      LET(\n        date, GREG_TO_JALALI(inputDate),\n        monthName, GET_JALALI_MONTH_NAME(date),\n        year, GET_JALALI_YEAR(date),\n        data, IMPORT_FROM_SHEET(SheetsFileId_Accounting_Chalebagh, sheetName, dataRange),\n        filteredData, FILTER(data, INDEX(data,,2) = monthName, INDEX(data,,3) = year),\n        INDEX(filteredData,,4)\n      )\n    ),\n  result\n)	1		
تعداد فیش هرشب	B200		LET(\n  inputDate, AN,\n  sheetName, "اهداف فروش",\n  dataRange, "A:G",\n  result,\n    IF(\n      ISBLANK(inputDate),\n      "",\n      LET(\n        date, GREG_TO_JALALI(inputDate),\n        monthName, GET_JALALI_MONTH_NAME(date),\n        year, GET_JALALI_YEAR(date),\n        data, IMPORT_FROM_SHEET(SheetsFileId_Accounting_Chalebagh, sheetName, dataRange),\n        filteredData, FILTER(data, INDEX(data,,2) = monthName, INDEX(data,,3) = year),\n        INDEX(filteredData,,4)\n      )\n    ),\n  result\n)	1		
تعداد فیش هرشب	B201		LET(\n  inputDate, AN,\n  sheetName, "اهداف فروش",\n  dataRange, "A:G",\n  result,\n    IF(\n      ISBLANK(inputDate),\n      "",\n      LET(\n        date, GREG_TO_JALALI(inputDate),\n        monthName, GET_JALALI_MONTH_NAME(date),\n        year, GET_JALALI_YEAR(date),\n        data, IMPORT_FROM_SHEET(SheetsFileId_Accounting_Chalebagh, sheetName, dataRange),\n        filteredData, FILTER(data, INDEX(data,,2) = monthName, INDEX(data,,3) = year),\n        INDEX(filteredData,,4)\n      )\n    ),\n  result\n)	1		
تعداد فیش هرشب	B202		LET(\n  inputDate, AN,\n  sheetName, "اهداف فروش",\n  dataRange, "A:G",\n  result,\n    IF(\n      ISBLANK(inputDate),\n      "",\n      LET(\n        date, GREG_TO_JALALI(inputDate),\n        monthName, GET_JALALI_MONTH_NAME(date),\n        year, GET_JALALI_YEAR(date),\n        data, IMPORT_FROM_SHEET(SheetsFileId_Accounting_Chalebagh, sheetName, dataRange),\n        filteredData, FILTER(data, INDEX(data,,2) = monthName, INDEX(data,,3) = year),\n        INDEX(filteredData,,4)\n      )\n    ),\n  result\n)	1		
تعداد فیش هرشب	B203		LET(\n  inputDate, AN,\n  sheetName, "اهداف فروش",\n  dataRange, "A:G",\n  result,\n    IF(\n      ISBLANK(inputDate),\n      "",\n      LET(\n        date, GREG_TO_JALALI(inputDate),\n        monthName, GET_JALALI_MONTH_NAME(date),\n        year, GET_JALALI_YEAR(date),\n        data, IMPORT_FROM_SHEET(SheetsFileId_Accounting_Chalebagh, sheetName, dataRange),\n        filteredData, FILTER(data, INDEX(data,,2) = monthName, INDEX(data,,3) = year),\n        INDEX(filteredData,,4)\n      )\n    ),\n  result\n)	1		
تعداد فیش هرشب	B204		LET(\n  inputDate, AN,\n  sheetName, "اهداف فروش",\n  dataRange, "A:G",\n  result,\n    IF(\n      ISBLANK(inputDate),\n      "",\n      LET(\n        date, GREG_TO_JALALI(inputDate),\n        monthName, GET_JALALI_MONTH_NAME(date),\n        year, GET_JALALI_YEAR(date),\n        data, IMPORT_FROM_SHEET(SheetsFileId_Accounting_Chalebagh, sheetName, dataRange),\n        filteredData, FILTER(data, INDEX(data,,2) = monthName, INDEX(data,,3) = year),\n        INDEX(filteredData,,4)\n      )\n    ),\n  result\n)	1		
تعداد فیش هرشب	B205		LET(\n  inputDate, AN,\n  sheetName, "اهداف فروش",\n  dataRange, "A:G",\n  result,\n    IF(\n      ISBLANK(inputDate),\n      "",\n      LET(\n        date, GREG_TO_JALALI(inputDate),\n        monthName, GET_JALALI_MONTH_NAME(date),\n        year, GET_JALALI_YEAR(date),\n        data, IMPORT_FROM_SHEET(SheetsFileId_Accounting_Chalebagh, sheetName, dataRange),\n        filteredData, FILTER(data, INDEX(data,,2) = monthName, INDEX(data,,3) = year),\n        INDEX(filteredData,,4)\n      )\n    ),\n  result\n)	1		
تعداد فیش هرشب	B206		LET(\n  inputDate, AN,\n  sheetName, "اهداف فروش",\n  dataRange, "A:G",\n  result,\n    IF(\n      ISBLANK(inputDate),\n      "",\n      LET(\n        date, GREG_TO_JALALI(inputDate),\n        monthName, GET_JALALI_MONTH_NAME(date),\n        year, GET_JALALI_YEAR(date),\n        data, IMPORT_FROM_SHEET(SheetsFileId_Accounting_Chalebagh, sheetName, dataRange),\n        filteredData, FILTER(data, INDEX(data,,2) = monthName, INDEX(data,,3) = year),\n        INDEX(filteredData,,4)\n      )\n    ),\n  result\n)	1		
تعداد فیش هرشب	B207		LET(\n  inputDate, AN,\n  sheetName, "اهداف فروش",\n  dataRange, "A:G",\n  result,\n    IF(\n      ISBLANK(inputDate),\n      "",\n      LET(\n        date, GREG_TO_JALALI(inputDate),\n        monthName, GET_JALALI_MONTH_NAME(date),\n        year, GET_JALALI_YEAR(date),\n        data, IMPORT_FROM_SHEET(SheetsFileId_Accounting_Chalebagh, sheetName, dataRange),\n        filteredData, FILTER(data, INDEX(data,,2) = monthName, INDEX(data,,3) = year),\n        INDEX(filteredData,,4)\n      )\n    ),\n  result\n)	1		
تعداد فیش هرشب	B208		LET(\n  inputDate, AN,\n  sheetName, "اهداف فروش",\n  dataRange, "A:G",\n  result,\n    IF(\n      ISBLANK(inputDate),\n      "",\n      LET(\n        date, GREG_TO_JALALI(inputDate),\n        monthName, GET_JALALI_MONTH_NAME(date),\n        year, GET_JALALI_YEAR(date),\n        data, IMPORT_FROM_SHEET(SheetsFileId_Accounting_Chalebagh, sheetName, dataRange),\n        filteredData, FILTER(data, INDEX(data,,2) = monthName, INDEX(data,,3) = year),\n        INDEX(filteredData,,4)\n      )\n    ),\n  result\n)	1		
تعداد فیش هرشب	B209		LET(\n  inputDate, AN,\n  sheetName, "اهداف فروش",\n  dataRange, "A:G",\n  result,\n    IF(\n      ISBLANK(inputDate),\n      "",\n      LET(\n        date, GREG_TO_JALALI(inputDate),\n        monthName, GET_JALALI_MONTH_NAME(date),\n        year, GET_JALALI_YEAR(date),\n        data, IMPORT_FROM_SHEET(SheetsFileId_Accounting_Chalebagh, sheetName, dataRange),\n        filteredData, FILTER(data, INDEX(data,,2) = monthName, INDEX(data,,3) = year),\n        INDEX(filteredData,,4)\n      )\n    ),\n  result\n)	1		
تعداد فیش هرشب	B210		LET(\n  inputDate, AN,\n  sheetName, "اهداف فروش",\n  dataRange, "A:G",\n  result,\n    IF(\n      ISBLANK(inputDate),\n      "",\n      LET(\n        date, GREG_TO_JALALI(inputDate),\n        monthName, GET_JALALI_MONTH_NAME(date),\n        year, GET_JALALI_YEAR(date),\n        data, IMPORT_FROM_SHEET(SheetsFileId_Accounting_Chalebagh, sheetName, dataRange),\n        filteredData, FILTER(data, INDEX(data,,2) = monthName, INDEX(data,,3) = year),\n        INDEX(filteredData,,4)\n      )\n    ),\n  result\n)	1		
تعداد فیش هرشب	B211		LET(\n  inputDate, AN,\n  sheetName, "اهداف فروش",\n  dataRange, "A:G",\n  result,\n    IF(\n      ISBLANK(inputDate),\n      "",\n      LET(\n        date, GREG_TO_JALALI(inputDate),\n        monthName, GET_JALALI_MONTH_NAME(date),\n        year, GET_JALALI_YEAR(date),\n        data, IMPORT_FROM_SHEET(SheetsFileId_Accounting_Chalebagh, sheetName, dataRange),\n        filteredData, FILTER(data, INDEX(data,,2) = monthName, INDEX(data,,3) = year),\n        INDEX(filteredData,,4)\n      )\n    ),\n  result\n)	1		
تعداد فیش هرشب	B212		LET(\n  inputDate, AN,\n  sheetName, "اهداف فروش",\n  dataRange, "A:G",\n  result,\n    IF(\n      ISBLANK(inputDate),\n      "",\n      LET(\n        date, GREG_TO_JALALI(inputDate),\n        monthName, GET_JALALI_MONTH_NAME(date),\n        year, GET_JALALI_YEAR(date),\n        data, IMPORT_FROM_SHEET(SheetsFileId_Accounting_Chalebagh, sheetName, dataRange),\n        filteredData, FILTER(data, INDEX(data,,2) = monthName, INDEX(data,,3) = year),\n        INDEX(filteredData,,4)\n      )\n    ),\n  result\n)	1		
تعداد فیش هرشب	B213		LET(\n  inputDate, AN,\n  sheetName, "اهداف فروش",\n  dataRange, "A:G",\n  result,\n    IF(\n      ISBLANK(inputDate),\n      "",\n      LET(\n        date, GREG_TO_JALALI(inputDate),\n        monthName, GET_JALALI_MONTH_NAME(date),\n        year, GET_JALALI_YEAR(date),\n        data, IMPORT_FROM_SHEET(SheetsFileId_Accounting_Chalebagh, sheetName, dataRange),\n        filteredData, FILTER(data, INDEX(data,,2) = monthName, INDEX(data,,3) = year),\n        INDEX(filteredData,,4)\n      )\n    ),\n  result\n)	1		
تعداد فیش هرشب	B214		LET(\n  inputDate, AN,\n  sheetName, "اهداف فروش",\n  dataRange, "A:G",\n  result,\n    IF(\n      ISBLANK(inputDate),\n      "",\n      LET(\n        date, GREG_TO_JALALI(inputDate),\n        monthName, GET_JALALI_MONTH_NAME(date),\n        year, GET_JALALI_YEAR(date),\n        data, IMPORT_FROM_SHEET(SheetsFileId_Accounting_Chalebagh, sheetName, dataRange),\n        filteredData, FILTER(data, INDEX(data,,2) = monthName, INDEX(data,,3) = year),\n        INDEX(filteredData,,4)\n      )\n    ),\n  result\n)	1		
تعداد فیش هرشب	B215		LET(\n  inputDate, AN,\n  sheetName, "اهداف فروش",\n  dataRange, "A:G",\n  result,\n    IF(\n      ISBLANK(inputDate),\n      "",\n      LET(\n        date, GREG_TO_JALALI(inputDate),\n        monthName, GET_JALALI_MONTH_NAME(date),\n        year, GET_JALALI_YEAR(date),\n        data, IMPORT_FROM_SHEET(SheetsFileId_Accounting_Chalebagh, sheetName, dataRange),\n        filteredData, FILTER(data, INDEX(data,,2) = monthName, INDEX(data,,3) = year),\n        INDEX(filteredData,,4)\n      )\n    ),\n  result\n)	1		
تعداد فیش هرشب	B216		LET(\n  inputDate, AN,\n  sheetName, "اهداف فروش",\n  dataRange, "A:G",\n  result,\n    IF(\n      ISBLANK(inputDate),\n      "",\n      LET(\n        date, GREG_TO_JALALI(inputDate),\n        monthName, GET_JALALI_MONTH_NAME(date),\n        year, GET_JALALI_YEAR(date),\n        data, IMPORT_FROM_SHEET(SheetsFileId_Accounting_Chalebagh, sheetName, dataRange),\n        filteredData, FILTER(data, INDEX(data,,2) = monthName, INDEX(data,,3) = year),\n        INDEX(filteredData,,4)\n      )\n    ),\n  result\n)	1		
تعداد فیش هرشب	B217		LET(\n  inputDate, AN,\n  sheetName, "اهداف فروش",\n  dataRange, "A:G",\n  result,\n    IF(\n      ISBLANK(inputDate),\n      "",\n      LET(\n        date, GREG_TO_JALALI(inputDate),\n        monthName, GET_JALALI_MONTH_NAME(date),\n        year, GET_JALALI_YEAR(date),\n        data, IMPORT_FROM_SHEET(SheetsFileId_Accounting_Chalebagh, sheetName, dataRange),\n        filteredData, FILTER(data, INDEX(data,,2) = monthName, INDEX(data,,3) = year),\n        INDEX(filteredData,,4)\n      )\n    ),\n  result\n)	1		
تعداد فیش هرشب	B218		LET(\n  inputDate, AN,\n  sheetName, "اهداف فروش",\n  dataRange, "A:G",\n  result,\n    IF(\n      ISBLANK(inputDate),\n      "",\n      LET(\n        date, GREG_TO_JALALI(inputDate),\n        monthName, GET_JALALI_MONTH_NAME(date),\n        year, GET_JALALI_YEAR(date),\n        data, IMPORT_FROM_SHEET(SheetsFileId_Accounting_Chalebagh, sheetName, dataRange),\n        filteredData, FILTER(data, INDEX(data,,2) = monthName, INDEX(data,,3) = year),\n        INDEX(filteredData,,4)\n      )\n    ),\n  result\n)	1		
تعداد فیش هرشب	B219		LET(\n  inputDate, AN,\n  sheetName, "اهداف فروش",\n  dataRange, "A:G",\n  result,\n    IF(\n      ISBLANK(inputDate),\n      "",\n      LET(\n        date, GREG_TO_JALALI(inputDate),\n        monthName, GET_JALALI_MONTH_NAME(date),\n        year, GET_JALALI_YEAR(date),\n        data, IMPORT_FROM_SHEET(SheetsFileId_Accounting_Chalebagh, sheetName, dataRange),\n        filteredData, FILTER(data, INDEX(data,,2) = monthName, INDEX(data,,3) = year),\n        INDEX(filteredData,,4)\n      )\n    ),\n  result\n)	1		
تعداد فیش هرشب	B220		LET(\n  inputDate, AN,\n  sheetName, "اهداف فروش",\n  dataRange, "A:G",\n  result,\n    IF(\n      ISBLANK(inputDate),\n      "",\n      LET(\n        date, GREG_TO_JALALI(inputDate),\n        monthName, GET_JALALI_MONTH_NAME(date),\n        year, GET_JALALI_YEAR(date),\n        data, IMPORT_FROM_SHEET(SheetsFileId_Accounting_Chalebagh, sheetName, dataRange),\n        filteredData, FILTER(data, INDEX(data,,2) = monthName, INDEX(data,,3) = year),\n        INDEX(filteredData,,4)\n      )\n    ),\n  result\n)	1		
تعداد فیش هرشب	B221		LET(\n  inputDate, AN,\n  sheetName, "اهداف فروش",\n  dataRange, "A:G",\n  result,\n    IF(\n      ISBLANK(inputDate),\n      "",\n      LET(\n        date, GREG_TO_JALALI(inputDate),\n        monthName, GET_JALALI_MONTH_NAME(date),\n        year, GET_JALALI_YEAR(date),\n        data, IMPORT_FROM_SHEET(SheetsFileId_Accounting_Chalebagh, sheetName, dataRange),\n        filteredData, FILTER(data, INDEX(data,,2) = monthName, INDEX(data,,3) = year),\n        INDEX(filteredData,,4)\n      )\n    ),\n  result\n)	1		
تعداد فیش هرشب	B222		LET(\n  inputDate, AN,\n  sheetName, "اهداف فروش",\n  dataRange, "A:G",\n  result,\n    IF(\n      ISBLANK(inputDate),\n      "",\n      LET(\n        date, GREG_TO_JALALI(inputDate),\n        monthName, GET_JALALI_MONTH_NAME(date),\n        year, GET_JALALI_YEAR(date),\n        data, IMPORT_FROM_SHEET(SheetsFileId_Accounting_Chalebagh, sheetName, dataRange),\n        filteredData, FILTER(data, INDEX(data,,2) = monthName, INDEX(data,,3) = year),\n        INDEX(filteredData,,4)\n      )\n    ),\n  result\n)	1		
تعداد فیش هرشب	B223		LET(\n  inputDate, AN,\n  sheetName, "اهداف فروش",\n  dataRange, "A:G",\n  result,\n    IF(\n      ISBLANK(inputDate),\n      "",\n      LET(\n        date, GREG_TO_JALALI(inputDate),\n        monthName, GET_JALALI_MONTH_NAME(date),\n        year, GET_JALALI_YEAR(date),\n        data, IMPORT_FROM_SHEET(SheetsFileId_Accounting_Chalebagh, sheetName, dataRange),\n        filteredData, FILTER(data, INDEX(data,,2) = monthName, INDEX(data,,3) = year),\n        INDEX(filteredData,,4)\n      )\n    ),\n  result\n)	1		
تعداد فیش هرشب	B224		LET(\n  inputDate, AN,\n  sheetName, "اهداف فروش",\n  dataRange, "A:G",\n  result,\n    IF(\n      ISBLANK(inputDate),\n      "",\n      LET(\n        date, GREG_TO_JALALI(inputDate),\n        monthName, GET_JALALI_MONTH_NAME(date),\n        year, GET_JALALI_YEAR(date),\n        data, IMPORT_FROM_SHEET(SheetsFileId_Accounting_Chalebagh, sheetName, dataRange),\n        filteredData, FILTER(data, INDEX(data,,2) = monthName, INDEX(data,,3) = year),\n        INDEX(filteredData,,4)\n      )\n    ),\n  result\n)	1		
تعداد فیش هرشب	B225		LET(\n  inputDate, AN,\n  sheetName, "اهداف فروش",\n  dataRange, "A:G",\n  result,\n    IF(\n      ISBLANK(inputDate),\n      "",\n      LET(\n        date, GREG_TO_JALALI(inputDate),\n        monthName, GET_JALALI_MONTH_NAME(date),\n        year, GET_JALALI_YEAR(date),\n        data, IMPORT_FROM_SHEET(SheetsFileId_Accounting_Chalebagh, sheetName, dataRange),\n        filteredData, FILTER(data, INDEX(data,,2) = monthName, INDEX(data,,3) = year),\n        INDEX(filteredData,,4)\n      )\n    ),\n  result\n)	1		
تعداد فیش هرشب	B226		LET(\n  inputDate, AN,\n  sheetName, "اهداف فروش",\n  dataRange, "A:G",\n  result,\n    IF(\n      ISBLANK(inputDate),\n      "",\n      LET(\n        date, GREG_TO_JALALI(inputDate),\n        monthName, GET_JALALI_MONTH_NAME(date),\n        year, GET_JALALI_YEAR(date),\n        data, IMPORT_FROM_SHEET(SheetsFileId_Accounting_Chalebagh, sheetName, dataRange),\n        filteredData, FILTER(data, INDEX(data,,2) = monthName, INDEX(data,,3) = year),\n        INDEX(filteredData,,4)\n      )\n    ),\n  result\n)	1		
تعداد فیش هرشب	B227		LET(\n  inputDate, AN,\n  sheetName, "اهداف فروش",\n  dataRange, "A:G",\n  result,\n    IF(\n      ISBLANK(inputDate),\n      "",\n      LET(\n        date, GREG_TO_JALALI(inputDate),\n        monthName, GET_JALALI_MONTH_NAME(date),\n        year, GET_JALALI_YEAR(date),\n        data, IMPORT_FROM_SHEET(SheetsFileId_Accounting_Chalebagh, sheetName, dataRange),\n        filteredData, FILTER(data, INDEX(data,,2) = monthName, INDEX(data,,3) = year),\n        INDEX(filteredData,,4)\n      )\n    ),\n  result\n)	1		
تعداد فیش هرشب	B228		LET(\n  inputDate, AN,\n  sheetName, "اهداف فروش",\n  dataRange, "A:G",\n  result,\n    IF(\n      ISBLANK(inputDate),\n      "",\n      LET(\n        date, GREG_TO_JALALI(inputDate),\n        monthName, GET_JALALI_MONTH_NAME(date),\n        year, GET_JALALI_YEAR(date),\n        data, IMPORT_FROM_SHEET(SheetsFileId_Accounting_Chalebagh, sheetName, dataRange),\n        filteredData, FILTER(data, INDEX(data,,2) = monthName, INDEX(data,,3) = year),\n        INDEX(filteredData,,4)\n      )\n    ),\n  result\n)	1		
تعداد فیش هرشب	B229		LET(\n  inputDate, AN,\n  sheetName, "اهداف فروش",\n  dataRange, "A:G",\n  result,\n    IF(\n      ISBLANK(inputDate),\n      "",\n      LET(\n        date, GREG_TO_JALALI(inputDate),\n        monthName, GET_JALALI_MONTH_NAME(date),\n        year, GET_JALALI_YEAR(date),\n        data, IMPORT_FROM_SHEET(SheetsFileId_Accounting_Chalebagh, sheetName, dataRange),\n        filteredData, FILTER(data, INDEX(data,,2) = monthName, INDEX(data,,3) = year),\n        INDEX(filteredData,,4)\n      )\n    ),\n  result\n)	1		
تعداد فیش هرشب	B230		LET(\n  inputDate, AN,\n  sheetName, "اهداف فروش",\n  dataRange, "A:G",\n  result,\n    IF(\n      ISBLANK(inputDate),\n      "",\n      LET(\n        date, GREG_TO_JALALI(inputDate),\n        monthName, GET_JALALI_MONTH_NAME(date),\n        year, GET_JALALI_YEAR(date),\n        data, IMPORT_FROM_SHEET(SheetsFileId_Accounting_Chalebagh, sheetName, dataRange),\n        filteredData, FILTER(data, INDEX(data,,2) = monthName, INDEX(data,,3) = year),\n        INDEX(filteredData,,4)\n      )\n    ),\n  result\n)	1		
تعداد فیش هرشب	B231		LET(\n  inputDate, AN,\n  sheetName, "اهداف فروش",\n  dataRange, "A:G",\n  result,\n    IF(\n      ISBLANK(inputDate),\n      "",\n      LET(\n        date, GREG_TO_JALALI(inputDate),\n        monthName, GET_JALALI_MONTH_NAME(date),\n        year, GET_JALALI_YEAR(date),\n        data, IMPORT_FROM_SHEET(SheetsFileId_Accounting_Chalebagh, sheetName, dataRange),\n        filteredData, FILTER(data, INDEX(data,,2) = monthName, INDEX(data,,3) = year),\n        INDEX(filteredData,,4)\n      )\n    ),\n  result\n)	1		
تعداد فیش هرشب	B232		LET(\n  inputDate, AN,\n  sheetName, "اهداف فروش",\n  dataRange, "A:G",\n  result,\n    IF(\n      ISBLANK(inputDate),\n      "",\n      LET(\n        date, GREG_TO_JALALI(inputDate),\n        monthName, GET_JALALI_MONTH_NAME(date),\n        year, GET_JALALI_YEAR(date),\n        data, IMPORT_FROM_SHEET(SheetsFileId_Accounting_Chalebagh, sheetName, dataRange),\n        filteredData, FILTER(data, INDEX(data,,2) = monthName, INDEX(data,,3) = year),\n        INDEX(filteredData,,4)\n      )\n    ),\n  result\n)	1		
تعداد فیش هرشب	B233		LET(\n  inputDate, AN,\n  sheetName, "اهداف فروش",\n  dataRange, "A:G",\n  result,\n    IF(\n      ISBLANK(inputDate),\n      "",\n      LET(\n        date, GREG_TO_JALALI(inputDate),\n        monthName, GET_JALALI_MONTH_NAME(date),\n        year, GET_JALALI_YEAR(date),\n        data, IMPORT_FROM_SHEET(SheetsFileId_Accounting_Chalebagh, sheetName, dataRange),\n        filteredData, FILTER(data, INDEX(data,,2) = monthName, INDEX(data,,3) = year),\n        INDEX(filteredData,,4)\n      )\n    ),\n  result\n)	1		
تعداد فیش هرشب	B234		LET(\n  inputDate, AN,\n  sheetName, "اهداف فروش",\n  dataRange, "A:G",\n  result,\n    IF(\n      ISBLANK(inputDate),\n      "",\n      LET(\n        date, GREG_TO_JALALI(inputDate),\n        monthName, GET_JALALI_MONTH_NAME(date),\n        year, GET_JALALI_YEAR(date),\n        data, IMPORT_FROM_SHEET(SheetsFileId_Accounting_Chalebagh, sheetName, dataRange),\n        filteredData, FILTER(data, INDEX(data,,2) = monthName, INDEX(data,,3) = year),\n        INDEX(filteredData,,4)\n      )\n    ),\n  result\n)	1		
تعداد فیش هرشب	B235		LET(\n  inputDate, AN,\n  sheetName, "اهداف فروش",\n  dataRange, "A:G",\n  result,\n    IF(\n      ISBLANK(inputDate),\n      "",\n      LET(\n        date, GREG_TO_JALALI(inputDate),\n        monthName, GET_JALALI_MONTH_NAME(date),\n        year, GET_JALALI_YEAR(date),\n        data, IMPORT_FROM_SHEET(SheetsFileId_Accounting_Chalebagh, sheetName, dataRange),\n        filteredData, FILTER(data, INDEX(data,,2) = monthName, INDEX(data,,3) = year),\n        INDEX(filteredData,,4)\n      )\n    ),\n  result\n)	1		
تعداد فیش هرشب	B236		LET(\n  inputDate, AN,\n  sheetName, "اهداف فروش",\n  dataRange, "A:G",\n  result,\n    IF(\n      ISBLANK(inputDate),\n      "",\n      LET(\n        date, GREG_TO_JALALI(inputDate),\n        monthName, GET_JALALI_MONTH_NAME(date),\n        year, GET_JALALI_YEAR(date),\n        data, IMPORT_FROM_SHEET(SheetsFileId_Accounting_Chalebagh, sheetName, dataRange),\n        filteredData, FILTER(data, INDEX(data,,2) = monthName, INDEX(data,,3) = year),\n        INDEX(filteredData,,4)\n      )\n    ),\n  result\n)	1		
تعداد فیش هرشب	B237		LET(\n  inputDate, AN,\n  sheetName, "اهداف فروش",\n  dataRange, "A:G",\n  result,\n    IF(\n      ISBLANK(inputDate),\n      "",\n      LET(\n        date, GREG_TO_JALALI(inputDate),\n        monthName, GET_JALALI_MONTH_NAME(date),\n        year, GET_JALALI_YEAR(date),\n        data, IMPORT_FROM_SHEET(SheetsFileId_Accounting_Chalebagh, sheetName, dataRange),\n        filteredData, FILTER(data, INDEX(data,,2) = monthName, INDEX(data,,3) = year),\n        INDEX(filteredData,,4)\n      )\n    ),\n  result\n)	1		
تعداد فیش هرشب	B238		LET(\n  inputDate, AN,\n  sheetName, "اهداف فروش",\n  dataRange, "A:G",\n  result,\n    IF(\n      ISBLANK(inputDate),\n      "",\n      LET(\n        date, GREG_TO_JALALI(inputDate),\n        monthName, GET_JALALI_MONTH_NAME(date),\n        year, GET_JALALI_YEAR(date),\n        data, IMPORT_FROM_SHEET(SheetsFileId_Accounting_Chalebagh, sheetName, dataRange),\n        filteredData, FILTER(data, INDEX(data,,2) = monthName, INDEX(data,,3) = year),\n        INDEX(filteredData,,4)\n      )\n    ),\n  result\n)	1		
تعداد فیش هرشب	B239		LET(\n  inputDate, AN,\n  sheetName, "اهداف فروش",\n  dataRange, "A:G",\n  result,\n    IF(\n      ISBLANK(inputDate),\n      "",\n      LET(\n        date, GREG_TO_JALALI(inputDate),\n        monthName, GET_JALALI_MONTH_NAME(date),\n        year, GET_JALALI_YEAR(date),\n        data, IMPORT_FROM_SHEET(SheetsFileId_Accounting_Chalebagh, sheetName, dataRange),\n        filteredData, FILTER(data, INDEX(data,,2) = monthName, INDEX(data,,3) = year),\n        INDEX(filteredData,,4)\n      )\n    ),\n  result\n)	1		
تعداد فیش هرشب	B240		LET(\n  inputDate, AN,\n  sheetName, "اهداف فروش",\n  dataRange, "A:G",\n  result,\n    IF(\n      ISBLANK(inputDate),\n      "",\n      LET(\n        date, GREG_TO_JALALI(inputDate),\n        monthName, GET_JALALI_MONTH_NAME(date),\n        year, GET_JALALI_YEAR(date),\n        data, IMPORT_FROM_SHEET(SheetsFileId_Accounting_Chalebagh, sheetName, dataRange),\n        filteredData, FILTER(data, INDEX(data,,2) = monthName, INDEX(data,,3) = year),\n        INDEX(filteredData,,4)\n      )\n    ),\n  result\n)	1		
تعداد فیش هرشب	B241		LET(\n  inputDate, AN,\n  sheetName, "اهداف فروش",\n  dataRange, "A:G",\n  result,\n    IF(\n      ISBLANK(inputDate),\n      "",\n      LET(\n        date, GREG_TO_JALALI(inputDate),\n        monthName, GET_JALALI_MONTH_NAME(date),\n        year, GET_JALALI_YEAR(date),\n        data, IMPORT_FROM_SHEET(SheetsFileId_Accounting_Chalebagh, sheetName, dataRange),\n        filteredData, FILTER(data, INDEX(data,,2) = monthName, INDEX(data,,3) = year),\n        INDEX(filteredData,,4)\n      )\n    ),\n  result\n)	1		
تعداد فیش هرشب	B242		LET(\n  inputDate, AN,\n  sheetName, "اهداف فروش",\n  dataRange, "A:G",\n  result,\n    IF(\n      ISBLANK(inputDate),\n      "",\n      LET(\n        date, GREG_TO_JALALI(inputDate),\n        monthName, GET_JALALI_MONTH_NAME(date),\n        year, GET_JALALI_YEAR(date),\n        data, IMPORT_FROM_SHEET(SheetsFileId_Accounting_Chalebagh, sheetName, dataRange),\n        filteredData, FILTER(data, INDEX(data,,2) = monthName, INDEX(data,,3) = year),\n        INDEX(filteredData,,4)\n      )\n    ),\n  result\n)	1		
تعداد فیش هرشب	B243		LET(\n  inputDate, AN,\n  sheetName, "اهداف فروش",\n  dataRange, "A:G",\n  result,\n    IF(\n      ISBLANK(inputDate),\n      "",\n      LET(\n        date, GREG_TO_JALALI(inputDate),\n        monthName, GET_JALALI_MONTH_NAME(date),\n        year, GET_JALALI_YEAR(date),\n        data, IMPORT_FROM_SHEET(SheetsFileId_Accounting_Chalebagh, sheetName, dataRange),\n        filteredData, FILTER(data, INDEX(data,,2) = monthName, INDEX(data,,3) = year),\n        INDEX(filteredData,,4)\n      )\n    ),\n  result\n)	1		
تعداد فیش هرشب	B244		LET(\n  inputDate, AN,\n  sheetName, "اهداف فروش",\n  dataRange, "A:G",\n  result,\n    IF(\n      ISBLANK(inputDate),\n      "",\n      LET(\n        date, GREG_TO_JALALI(inputDate),\n        monthName, GET_JALALI_MONTH_NAME(date),\n        year, GET_JALALI_YEAR(date),\n        data, IMPORT_FROM_SHEET(SheetsFileId_Accounting_Chalebagh, sheetName, dataRange),\n        filteredData, FILTER(data, INDEX(data,,2) = monthName, INDEX(data,,3) = year),\n        INDEX(filteredData,,4)\n      )\n    ),\n  result\n)	1		
تعداد فیش هرشب	B245		LET(\n  inputDate, AN,\n  sheetName, "اهداف فروش",\n  dataRange, "A:G",\n  result,\n    IF(\n      ISBLANK(inputDate),\n      "",\n      LET(\n        date, GREG_TO_JALALI(inputDate),\n        monthName, GET_JALALI_MONTH_NAME(date),\n        year, GET_JALALI_YEAR(date),\n        data, IMPORT_FROM_SHEET(SheetsFileId_Accounting_Chalebagh, sheetName, dataRange),\n        filteredData, FILTER(data, INDEX(data,,2) = monthName, INDEX(data,,3) = year),\n        INDEX(filteredData,,4)\n      )\n    ),\n  result\n)	1		
تعداد فیش هرشب	B246		LET(\n  inputDate, AN,\n  sheetName, "اهداف فروش",\n  dataRange, "A:G",\n  result,\n    IF(\n      ISBLANK(inputDate),\n      "",\n      LET(\n        date, GREG_TO_JALALI(inputDate),\n        monthName, GET_JALALI_MONTH_NAME(date),\n        year, GET_JALALI_YEAR(date),\n        data, IMPORT_FROM_SHEET(SheetsFileId_Accounting_Chalebagh, sheetName, dataRange),\n        filteredData, FILTER(data, INDEX(data,,2) = monthName, INDEX(data,,3) = year),\n        INDEX(filteredData,,4)\n      )\n    ),\n  result\n)	1		
تعداد فیش هرشب	B247		LET(\n  inputDate, AN,\n  sheetName, "اهداف فروش",\n  dataRange, "A:G",\n  result,\n    IF(\n      ISBLANK(inputDate),\n      "",\n      LET(\n        date, GREG_TO_JALALI(inputDate),\n        monthName, GET_JALALI_MONTH_NAME(date),\n        year, GET_JALALI_YEAR(date),\n        data, IMPORT_FROM_SHEET(SheetsFileId_Accounting_Chalebagh, sheetName, dataRange),\n        filteredData, FILTER(data, INDEX(data,,2) = monthName, INDEX(data,,3) = year),\n        INDEX(filteredData,,4)\n      )\n    ),\n  result\n)	1		
تعداد فیش هرشب	B248		LET(\n  inputDate, AN,\n  sheetName, "اهداف فروش",\n  dataRange, "A:G",\n  result,\n    IF(\n      ISBLANK(inputDate),\n      "",\n      LET(\n        date, GREG_TO_JALALI(inputDate),\n        monthName, GET_JALALI_MONTH_NAME(date),\n        year, GET_JALALI_YEAR(date),\n        data, IMPORT_FROM_SHEET(SheetsFileId_Accounting_Chalebagh, sheetName, dataRange),\n        filteredData, FILTER(data, INDEX(data,,2) = monthName, INDEX(data,,3) = year),\n        INDEX(filteredData,,4)\n      )\n    ),\n  result\n)	1		
تعداد فیش هرشب	B249		LET(\n  inputDate, AN,\n  sheetName, "اهداف فروش",\n  dataRange, "A:G",\n  result,\n    IF(\n      ISBLANK(inputDate),\n      "",\n      LET(\n        date, GREG_TO_JALALI(inputDate),\n        monthName, GET_JALALI_MONTH_NAME(date),\n        year, GET_JALALI_YEAR(date),\n        data, IMPORT_FROM_SHEET(SheetsFileId_Accounting_Chalebagh, sheetName, dataRange),\n        filteredData, FILTER(data, INDEX(data,,2) = monthName, INDEX(data,,3) = year),\n        INDEX(filteredData,,4)\n      )\n    ),\n  result\n)	1		
تعداد فیش هرشب	B250		LET(\n  inputDate, AN,\n  sheetName, "اهداف فروش",\n  dataRange, "A:G",\n  result,\n    IF(\n      ISBLANK(inputDate),\n      "",\n      LET(\n        date, GREG_TO_JALALI(inputDate),\n        monthName, GET_JALALI_MONTH_NAME(date),\n        year, GET_JALALI_YEAR(date),\n        data, IMPORT_FROM_SHEET(SheetsFileId_Accounting_Chalebagh, sheetName, dataRange),\n        filteredData, FILTER(data, INDEX(data,,2) = monthName, INDEX(data,,3) = year),\n        INDEX(filteredData,,4)\n      )\n    ),\n  result\n)	1		
تعداد فیش هرشب	B251		LET(\n  inputDate, AN,\n  sheetName, "اهداف فروش",\n  dataRange, "A:G",\n  result,\n    IF(\n      ISBLANK(inputDate),\n      "",\n      LET(\n        date, GREG_TO_JALALI(inputDate),\n        monthName, GET_JALALI_MONTH_NAME(date),\n        year, GET_JALALI_YEAR(date),\n        data, IMPORT_FROM_SHEET(SheetsFileId_Accounting_Chalebagh, sheetName, dataRange),\n        filteredData, FILTER(data, INDEX(data,,2) = monthName, INDEX(data,,3) = year),\n        INDEX(filteredData,,4)\n      )\n    ),\n  result\n)	1		
تعداد فیش هرشب	B252		LET(\n  inputDate, AN,\n  sheetName, "اهداف فروش",\n  dataRange, "A:G",\n  result,\n    IF(\n      ISBLANK(inputDate),\n      "",\n      LET(\n        date, GREG_TO_JALALI(inputDate),\n        monthName, GET_JALALI_MONTH_NAME(date),\n        year, GET_JALALI_YEAR(date),\n        data, IMPORT_FROM_SHEET(SheetsFileId_Accounting_Chalebagh, sheetName, dataRange),\n        filteredData, FILTER(data, INDEX(data,,2) = monthName, INDEX(data,,3) = year),\n        INDEX(filteredData,,4)\n      )\n    ),\n  result\n)	1		
تعداد فیش هرشب	B253		LET(\n  inputDate, AN,\n  sheetName, "اهداف فروش",\n  dataRange, "A:G",\n  result,\n    IF(\n      ISBLANK(inputDate),\n      "",\n      LET(\n        date, GREG_TO_JALALI(inputDate),\n        monthName, GET_JALALI_MONTH_NAME(date),\n        year, GET_JALALI_YEAR(date),\n        data, IMPORT_FROM_SHEET(SheetsFileId_Accounting_Chalebagh, sheetName, dataRange),\n        filteredData, FILTER(data, INDEX(data,,2) = monthName, INDEX(data,,3) = year),\n        INDEX(filteredData,,4)\n      )\n    ),\n  result\n)	1		
تعداد فیش هرشب	B254		LET(\n  inputDate, AN,\n  sheetName, "اهداف فروش",\n  dataRange, "A:G",\n  result,\n    IF(\n      ISBLANK(inputDate),\n      "",\n      LET(\n        date, GREG_TO_JALALI(inputDate),\n        monthName, GET_JALALI_MONTH_NAME(date),\n        year, GET_JALALI_YEAR(date),\n        data, IMPORT_FROM_SHEET(SheetsFileId_Accounting_Chalebagh, sheetName, dataRange),\n        filteredData, FILTER(data, INDEX(data,,2) = monthName, INDEX(data,,3) = year),\n        INDEX(filteredData,,4)\n      )\n    ),\n  result\n)	1		
تعداد فیش هرشب	B255		LET(\n  inputDate, AN,\n  sheetName, "اهداف فروش",\n  dataRange, "A:G",\n  result,\n    IF(\n      ISBLANK(inputDate),\n      "",\n      LET(\n        date, GREG_TO_JALALI(inputDate),\n        monthName, GET_JALALI_MONTH_NAME(date),\n        year, GET_JALALI_YEAR(date),\n        data, IMPORT_FROM_SHEET(SheetsFileId_Accounting_Chalebagh, sheetName, dataRange),\n        filteredData, FILTER(data, INDEX(data,,2) = monthName, INDEX(data,,3) = year),\n        INDEX(filteredData,,4)\n      )\n    ),\n  result\n)	1		
تعداد فیش هرشب	B256		LET(\n  inputDate, AN,\n  sheetName, "اهداف فروش",\n  dataRange, "A:G",\n  result,\n    IF(\n      ISBLANK(inputDate),\n      "",\n      LET(\n        date, GREG_TO_JALALI(inputDate),\n        monthName, GET_JALALI_MONTH_NAME(date),\n        year, GET_JALALI_YEAR(date),\n        data, IMPORT_FROM_SHEET(SheetsFileId_Accounting_Chalebagh, sheetName, dataRange),\n        filteredData, FILTER(data, INDEX(data,,2) = monthName, INDEX(data,,3) = year),\n        INDEX(filteredData,,4)\n      )\n    ),\n  result\n)	1		
تعداد فیش هرشب	B257		LET(\n  inputDate, AN,\n  sheetName, "اهداف فروش",\n  dataRange, "A:G",\n  result,\n    IF(\n      ISBLANK(inputDate),\n      "",\n      LET(\n        date, GREG_TO_JALALI(inputDate),\n        monthName, GET_JALALI_MONTH_NAME(date),\n        year, GET_JALALI_YEAR(date),\n        data, IMPORT_FROM_SHEET(SheetsFileId_Accounting_Chalebagh, sheetName, dataRange),\n        filteredData, FILTER(data, INDEX(data,,2) = monthName, INDEX(data,,3) = year),\n        INDEX(filteredData,,4)\n      )\n    ),\n  result\n)	1		
تعداد فیش هرشب	B258		LET(\n  inputDate, AN,\n  sheetName, "اهداف فروش",\n  dataRange, "A:G",\n  result,\n    IF(\n      ISBLANK(inputDate),\n      "",\n      LET(\n        date, GREG_TO_JALALI(inputDate),\n        monthName, GET_JALALI_MONTH_NAME(date),\n        year, GET_JALALI_YEAR(date),\n        data, IMPORT_FROM_SHEET(SheetsFileId_Accounting_Chalebagh, sheetName, dataRange),\n        filteredData, FILTER(data, INDEX(data,,2) = monthName, INDEX(data,,3) = year),\n        INDEX(filteredData,,4)\n      )\n    ),\n  result\n)	1		
تعداد فیش هرشب	B259		LET(\n  inputDate, AN,\n  sheetName, "اهداف فروش",\n  dataRange, "A:G",\n  result,\n    IF(\n      ISBLANK(inputDate),\n      "",\n      LET(\n        date, GREG_TO_JALALI(inputDate),\n        monthName, GET_JALALI_MONTH_NAME(date),\n        year, GET_JALALI_YEAR(date),\n        data, IMPORT_FROM_SHEET(SheetsFileId_Accounting_Chalebagh, sheetName, dataRange),\n        filteredData, FILTER(data, INDEX(data,,2) = monthName, INDEX(data,,3) = year),\n        INDEX(filteredData,,4)\n      )\n    ),\n  result\n)	1		
تعداد فیش هرشب	B260		LET(\n  inputDate, AN,\n  sheetName, "اهداف فروش",\n  dataRange, "A:G",\n  result,\n    IF(\n      ISBLANK(inputDate),\n      "",\n      LET(\n        date, GREG_TO_JALALI(inputDate),\n        monthName, GET_JALALI_MONTH_NAME(date),\n        year, GET_JALALI_YEAR(date),\n        data, IMPORT_FROM_SHEET(SheetsFileId_Accounting_Chalebagh, sheetName, dataRange),\n        filteredData, FILTER(data, INDEX(data,,2) = monthName, INDEX(data,,3) = year),\n        INDEX(filteredData,,4)\n      )\n    ),\n  result\n)	1		
تعداد فیش هرشب	B261		LET(\n  inputDate, AN,\n  sheetName, "اهداف فروش",\n  dataRange, "A:G",\n  result,\n    IF(\n      ISBLANK(inputDate),\n      "",\n      LET(\n        date, GREG_TO_JALALI(inputDate),\n        monthName, GET_JALALI_MONTH_NAME(date),\n        year, GET_JALALI_YEAR(date),\n        data, IMPORT_FROM_SHEET(SheetsFileId_Accounting_Chalebagh, sheetName, dataRange),\n        filteredData, FILTER(data, INDEX(data,,2) = monthName, INDEX(data,,3) = year),\n        INDEX(filteredData,,4)\n      )\n    ),\n  result\n)	1		
تعداد فیش هرشب	B262		LET(\n  inputDate, AN,\n  sheetName, "اهداف فروش",\n  dataRange, "A:G",\n  result,\n    IF(\n      ISBLANK(inputDate),\n      "",\n      LET(\n        date, GREG_TO_JALALI(inputDate),\n        monthName, GET_JALALI_MONTH_NAME(date),\n        year, GET_JALALI_YEAR(date),\n        data, IMPORT_FROM_SHEET(SheetsFileId_Accounting_Chalebagh, sheetName, dataRange),\n        filteredData, FILTER(data, INDEX(data,,2) = monthName, INDEX(data,,3) = year),\n        INDEX(filteredData,,4)\n      )\n    ),\n  result\n)	1		
تعداد فیش هرشب	B263		LET(\n  inputDate, AN,\n  sheetName, "اهداف فروش",\n  dataRange, "A:G",\n  result,\n    IF(\n      ISBLANK(inputDate),\n      "",\n      LET(\n        date, GREG_TO_JALALI(inputDate),\n        monthName, GET_JALALI_MONTH_NAME(date),\n        year, GET_JALALI_YEAR(date),\n        data, IMPORT_FROM_SHEET(SheetsFileId_Accounting_Chalebagh, sheetName, dataRange),\n        filteredData, FILTER(data, INDEX(data,,2) = monthName, INDEX(data,,3) = year),\n        INDEX(filteredData,,4)\n      )\n    ),\n  result\n)	1		
تعداد فیش هرشب	B264		LET(\n  inputDate, AN,\n  sheetName, "اهداف فروش",\n  dataRange, "A:G",\n  result,\n    IF(\n      ISBLANK(inputDate),\n      "",\n      LET(\n        date, GREG_TO_JALALI(inputDate),\n        monthName, GET_JALALI_MONTH_NAME(date),\n        year, GET_JALALI_YEAR(date),\n        data, IMPORT_FROM_SHEET(SheetsFileId_Accounting_Chalebagh, sheetName, dataRange),\n        filteredData, FILTER(data, INDEX(data,,2) = monthName, INDEX(data,,3) = year),\n        INDEX(filteredData,,4)\n      )\n    ),\n  result\n)	1		
تعداد فیش هرشب	B265		LET(\n  inputDate, AN,\n  sheetName, "اهداف فروش",\n  dataRange, "A:G",\n  result,\n    IF(\n      ISBLANK(inputDate),\n      "",\n      LET(\n        date, GREG_TO_JALALI(inputDate),\n        monthName, GET_JALALI_MONTH_NAME(date),\n        year, GET_JALALI_YEAR(date),\n        data, IMPORT_FROM_SHEET(SheetsFileId_Accounting_Chalebagh, sheetName, dataRange),\n        filteredData, FILTER(data, INDEX(data,,2) = monthName, INDEX(data,,3) = year),\n        INDEX(filteredData,,4)\n      )\n    ),\n  result\n)	1		
تعداد فیش هرشب	B266		LET(\n  inputDate, AN,\n  sheetName, "اهداف فروش",\n  dataRange, "A:G",\n  result,\n    IF(\n      ISBLANK(inputDate),\n      "",\n      LET(\n        date, GREG_TO_JALALI(inputDate),\n        monthName, GET_JALALI_MONTH_NAME(date),\n        year, GET_JALALI_YEAR(date),\n        data, IMPORT_FROM_SHEET(SheetsFileId_Accounting_Chalebagh, sheetName, dataRange),\n        filteredData, FILTER(data, INDEX(data,,2) = monthName, INDEX(data,,3) = year),\n        INDEX(filteredData,,4)\n      )\n    ),\n  result\n)	1		
تعداد فیش هرشب	B267		LET(\n  inputDate, AN,\n  sheetName, "اهداف فروش",\n  dataRange, "A:G",\n  result,\n    IF(\n      ISBLANK(inputDate),\n      "",\n      LET(\n        date, GREG_TO_JALALI(inputDate),\n        monthName, GET_JALALI_MONTH_NAME(date),\n        year, GET_JALALI_YEAR(date),\n        data, IMPORT_FROM_SHEET(SheetsFileId_Accounting_Chalebagh, sheetName, dataRange),\n        filteredData, FILTER(data, INDEX(data,,2) = monthName, INDEX(data,,3) = year),\n        INDEX(filteredData,,4)\n      )\n    ),\n  result\n)	1		
تعداد فیش هرشب	B268		LET(\n  inputDate, AN,\n  sheetName, "اهداف فروش",\n  dataRange, "A:G",\n  result,\n    IF(\n      ISBLANK(inputDate),\n      "",\n      LET(\n        date, GREG_TO_JALALI(inputDate),\n        monthName, GET_JALALI_MONTH_NAME(date),\n        year, GET_JALALI_YEAR(date),\n        data, IMPORT_FROM_SHEET(SheetsFileId_Accounting_Chalebagh, sheetName, dataRange),\n        filteredData, FILTER(data, INDEX(data,,2) = monthName, INDEX(data,,3) = year),\n        INDEX(filteredData,,4)\n      )\n    ),\n  result\n)	1		
تعداد فیش هرشب	B269		LET(\n  inputDate, AN,\n  sheetName, "اهداف فروش",\n  dataRange, "A:G",\n  result,\n    IF(\n      ISBLANK(inputDate),\n      "",\n      LET(\n        date, GREG_TO_JALALI(inputDate),\n        monthName, GET_JALALI_MONTH_NAME(date),\n        year, GET_JALALI_YEAR(date),\n        data, IMPORT_FROM_SHEET(SheetsFileId_Accounting_Chalebagh, sheetName, dataRange),\n        filteredData, FILTER(data, INDEX(data,,2) = monthName, INDEX(data,,3) = year),\n        INDEX(filteredData,,4)\n      )\n    ),\n  result\n)	1		
تعداد فیش هرشب	B270		LET(\n  inputDate, AN,\n  sheetName, "اهداف فروش",\n  dataRange, "A:G",\n  result,\n    IF(\n      ISBLANK(inputDate),\n      "",\n      LET(\n        date, GREG_TO_JALALI(inputDate),\n        monthName, GET_JALALI_MONTH_NAME(date),\n        year, GET_JALALI_YEAR(date),\n        data, IMPORT_FROM_SHEET(SheetsFileId_Accounting_Chalebagh, sheetName, dataRange),\n        filteredData, FILTER(data, INDEX(data,,2) = monthName, INDEX(data,,3) = year),\n        INDEX(filteredData,,4)\n      )\n    ),\n  result\n)	1		
تعداد فیش هرشب	B271		LET(\n  inputDate, AN,\n  sheetName, "اهداف فروش",\n  dataRange, "A:G",\n  result,\n    IF(\n      ISBLANK(inputDate),\n      "",\n      LET(\n        date, GREG_TO_JALALI(inputDate),\n        monthName, GET_JALALI_MONTH_NAME(date),\n        year, GET_JALALI_YEAR(date),\n        data, IMPORT_FROM_SHEET(SheetsFileId_Accounting_Chalebagh, sheetName, dataRange),\n        filteredData, FILTER(data, INDEX(data,,2) = monthName, INDEX(data,,3) = year),\n        INDEX(filteredData,,4)\n      )\n    ),\n  result\n)	1		
تعداد فیش هرشب	B272		LET(\n  inputDate, AN,\n  sheetName, "اهداف فروش",\n  dataRange, "A:G",\n  result,\n    IF(\n      ISBLANK(inputDate),\n      "",\n      LET(\n        date, GREG_TO_JALALI(inputDate),\n        monthName, GET_JALALI_MONTH_NAME(date),\n        year, GET_JALALI_YEAR(date),\n        data, IMPORT_FROM_SHEET(SheetsFileId_Accounting_Chalebagh, sheetName, dataRange),\n        filteredData, FILTER(data, INDEX(data,,2) = monthName, INDEX(data,,3) = year),\n        INDEX(filteredData,,4)\n      )\n    ),\n  result\n)	1		
تعداد فیش هرشب	B273		LET(\n  inputDate, AN,\n  sheetName, "اهداف فروش",\n  dataRange, "A:G",\n  result,\n    IF(\n      ISBLANK(inputDate),\n      "",\n      LET(\n        date, GREG_TO_JALALI(inputDate),\n        monthName, GET_JALALI_MONTH_NAME(date),\n        year, GET_JALALI_YEAR(date),\n        data, IMPORT_FROM_SHEET(SheetsFileId_Accounting_Chalebagh, sheetName, dataRange),\n        filteredData, FILTER(data, INDEX(data,,2) = monthName, INDEX(data,,3) = year),\n        INDEX(filteredData,,4)\n      )\n    ),\n  result\n)	1		
تعداد فیش هرشب	B274		LET(\n  inputDate, AN,\n  sheetName, "اهداف فروش",\n  dataRange, "A:G",\n  result,\n    IF(\n      ISBLANK(inputDate),\n      "",\n      LET(\n        date, GREG_TO_JALALI(inputDate),\n        monthName, GET_JALALI_MONTH_NAME(date),\n        year, GET_JALALI_YEAR(date),\n        data, IMPORT_FROM_SHEET(SheetsFileId_Accounting_Chalebagh, sheetName, dataRange),\n        filteredData, FILTER(data, INDEX(data,,2) = monthName, INDEX(data,,3) = year),\n        INDEX(filteredData,,4)\n      )\n    ),\n  result\n)	1		
تعداد فیش هرشب	B275		LET(\n  inputDate, AN,\n  sheetName, "اهداف فروش",\n  dataRange, "A:G",\n  result,\n    IF(\n      ISBLANK(inputDate),\n      "",\n      LET(\n        date, GREG_TO_JALALI(inputDate),\n        monthName, GET_JALALI_MONTH_NAME(date),\n        year, GET_JALALI_YEAR(date),\n        data, IMPORT_FROM_SHEET(SheetsFileId_Accounting_Chalebagh, sheetName, dataRange),\n        filteredData, FILTER(data, INDEX(data,,2) = monthName, INDEX(data,,3) = year),\n        INDEX(filteredData,,4)\n      )\n    ),\n  result\n)	1		
تعداد فیش هرشب	B276		LET(\n  inputDate, AN,\n  sheetName, "اهداف فروش",\n  dataRange, "A:G",\n  result,\n    IF(\n      ISBLANK(inputDate),\n      "",\n      LET(\n        date, GREG_TO_JALALI(inputDate),\n        monthName, GET_JALALI_MONTH_NAME(date),\n        year, GET_JALALI_YEAR(date),\n        data, IMPORT_FROM_SHEET(SheetsFileId_Accounting_Chalebagh, sheetName, dataRange),\n        filteredData, FILTER(data, INDEX(data,,2) = monthName, INDEX(data,,3) = year),\n        INDEX(filteredData,,4)\n      )\n    ),\n  result\n)	1		
تعداد فیش هرشب	B277		LET(\n  inputDate, AN,\n  sheetName, "اهداف فروش",\n  dataRange, "A:G",\n  result,\n    IF(\n      ISBLANK(inputDate),\n      "",\n      LET(\n        date, GREG_TO_JALALI(inputDate),\n        monthName, GET_JALALI_MONTH_NAME(date),\n        year, GET_JALALI_YEAR(date),\n        data, IMPORT_FROM_SHEET(SheetsFileId_Accounting_Chalebagh, sheetName, dataRange),\n        filteredData, FILTER(data, INDEX(data,,2) = monthName, INDEX(data,,3) = year),\n        INDEX(filteredData,,4)\n      )\n    ),\n  result\n)	1		
تعداد فیش هرشب	B278		LET(\n  inputDate, AN,\n  sheetName, "اهداف فروش",\n  dataRange, "A:G",\n  result,\n    IF(\n      ISBLANK(inputDate),\n      "",\n      LET(\n        date, GREG_TO_JALALI(inputDate),\n        monthName, GET_JALALI_MONTH_NAME(date),\n        year, GET_JALALI_YEAR(date),\n        data, IMPORT_FROM_SHEET(SheetsFileId_Accounting_Chalebagh, sheetName, dataRange),\n        filteredData, FILTER(data, INDEX(data,,2) = monthName, INDEX(data,,3) = year),\n        INDEX(filteredData,,4)\n      )\n    ),\n  result\n)	1		
تعداد فیش هرشب	B279		LET(\n  inputDate, AN,\n  sheetName, "اهداف فروش",\n  dataRange, "A:G",\n  result,\n    IF(\n      ISBLANK(inputDate),\n      "",\n      LET(\n        date, GREG_TO_JALALI(inputDate),\n        monthName, GET_JALALI_MONTH_NAME(date),\n        year, GET_JALALI_YEAR(date),\n        data, IMPORT_FROM_SHEET(SheetsFileId_Accounting_Chalebagh, sheetName, dataRange),\n        filteredData, FILTER(data, INDEX(data,,2) = monthName, INDEX(data,,3) = year),\n        INDEX(filteredData,,4)\n      )\n    ),\n  result\n)	1		
تعداد فیش هرشب	B280		LET(\n  inputDate, AN,\n  sheetName, "اهداف فروش",\n  dataRange, "A:G",\n  result,\n    IF(\n      ISBLANK(inputDate),\n      "",\n      LET(\n        date, GREG_TO_JALALI(inputDate),\n        monthName, GET_JALALI_MONTH_NAME(date),\n        year, GET_JALALI_YEAR(date),\n        data, IMPORT_FROM_SHEET(SheetsFileId_Accounting_Chalebagh, sheetName, dataRange),\n        filteredData, FILTER(data, INDEX(data,,2) = monthName, INDEX(data,,3) = year),\n        INDEX(filteredData,,4)\n      )\n    ),\n  result\n)	1		
تعداد فیش هرشب	B281		LET(\n  inputDate, AN,\n  sheetName, "اهداف فروش",\n  dataRange, "A:G",\n  result,\n    IF(\n      ISBLANK(inputDate),\n      "",\n      LET(\n        date, GREG_TO_JALALI(inputDate),\n        monthName, GET_JALALI_MONTH_NAME(date),\n        year, GET_JALALI_YEAR(date),\n        data, IMPORT_FROM_SHEET(SheetsFileId_Accounting_Chalebagh, sheetName, dataRange),\n        filteredData, FILTER(data, INDEX(data,,2) = monthName, INDEX(data,,3) = year),\n        INDEX(filteredData,,4)\n      )\n    ),\n  result\n)	1		
تعداد فیش هرشب	B282		LET(\n  inputDate, AN,\n  sheetName, "اهداف فروش",\n  dataRange, "A:G",\n  result,\n    IF(\n      ISBLANK(inputDate),\n      "",\n      LET(\n        date, GREG_TO_JALALI(inputDate),\n        monthName, GET_JALALI_MONTH_NAME(date),\n        year, GET_JALALI_YEAR(date),\n        data, IMPORT_FROM_SHEET(SheetsFileId_Accounting_Chalebagh, sheetName, dataRange),\n        filteredData, FILTER(data, INDEX(data,,2) = monthName, INDEX(data,,3) = year),\n        INDEX(filteredData,,4)\n      )\n    ),\n  result\n)	1		
تعداد فیش هرشب	B283		LET(\n  inputDate, AN,\n  sheetName, "اهداف فروش",\n  dataRange, "A:G",\n  result,\n    IF(\n      ISBLANK(inputDate),\n      "",\n      LET(\n        date, GREG_TO_JALALI(inputDate),\n        monthName, GET_JALALI_MONTH_NAME(date),\n        year, GET_JALALI_YEAR(date),\n        data, IMPORT_FROM_SHEET(SheetsFileId_Accounting_Chalebagh, sheetName, dataRange),\n        filteredData, FILTER(data, INDEX(data,,2) = monthName, INDEX(data,,3) = year),\n        INDEX(filteredData,,4)\n      )\n    ),\n  result\n)	1		
تعداد فیش هرشب	B284		LET(\n  inputDate, AN,\n  sheetName, "اهداف فروش",\n  dataRange, "A:G",\n  result,\n    IF(\n      ISBLANK(inputDate),\n      "",\n      LET(\n        date, GREG_TO_JALALI(inputDate),\n        monthName, GET_JALALI_MONTH_NAME(date),\n        year, GET_JALALI_YEAR(date),\n        data, IMPORT_FROM_SHEET(SheetsFileId_Accounting_Chalebagh, sheetName, dataRange),\n        filteredData, FILTER(data, INDEX(data,,2) = monthName, INDEX(data,,3) = year),\n        INDEX(filteredData,,4)\n      )\n    ),\n  result\n)	1		
تعداد فیش هرشب	B285		LET(\n  inputDate, AN,\n  sheetName, "اهداف فروش",\n  dataRange, "A:G",\n  result,\n    IF(\n      ISBLANK(inputDate),\n      "",\n      LET(\n        date, GREG_TO_JALALI(inputDate),\n        monthName, GET_JALALI_MONTH_NAME(date),\n        year, GET_JALALI_YEAR(date),\n        data, IMPORT_FROM_SHEET(SheetsFileId_Accounting_Chalebagh, sheetName, dataRange),\n        filteredData, FILTER(data, INDEX(data,,2) = monthName, INDEX(data,,3) = year),\n        INDEX(filteredData,,4)\n      )\n    ),\n  result\n)	1		
تعداد فیش هرشب	B286		LET(\n  inputDate, AN,\n  sheetName, "اهداف فروش",\n  dataRange, "A:G",\n  result,\n    IF(\n      ISBLANK(inputDate),\n      "",\n      LET(\n        date, GREG_TO_JALALI(inputDate),\n        monthName, GET_JALALI_MONTH_NAME(date),\n        year, GET_JALALI_YEAR(date),\n        data, IMPORT_FROM_SHEET(SheetsFileId_Accounting_Chalebagh, sheetName, dataRange),\n        filteredData, FILTER(data, INDEX(data,,2) = monthName, INDEX(data,,3) = year),\n        INDEX(filteredData,,4)\n      )\n    ),\n  result\n)	1		
تعداد فیش هرشب	B287		LET(\n  inputDate, AN,\n  sheetName, "اهداف فروش",\n  dataRange, "A:G",\n  result,\n    IF(\n      ISBLANK(inputDate),\n      "",\n      LET(\n        date, GREG_TO_JALALI(inputDate),\n        monthName, GET_JALALI_MONTH_NAME(date),\n        year, GET_JALALI_YEAR(date),\n        data, IMPORT_FROM_SHEET(SheetsFileId_Accounting_Chalebagh, sheetName, dataRange),\n        filteredData, FILTER(data, INDEX(data,,2) = monthName, INDEX(data,,3) = year),\n        INDEX(filteredData,,4)\n      )\n    ),\n  result\n)	1		
تعداد فیش هرشب	B288		LET(\n  inputDate, AN,\n  sheetName, "اهداف فروش",\n  dataRange, "A:G",\n  result,\n    IF(\n      ISBLANK(inputDate),\n      "",\n      LET(\n        date, GREG_TO_JALALI(inputDate),\n        monthName, GET_JALALI_MONTH_NAME(date),\n        year, GET_JALALI_YEAR(date),\n        data, IMPORT_FROM_SHEET(SheetsFileId_Accounting_Chalebagh, sheetName, dataRange),\n        filteredData, FILTER(data, INDEX(data,,2) = monthName, INDEX(data,,3) = year),\n        INDEX(filteredData,,4)\n      )\n    ),\n  result\n)	1		
تعداد فیش هرشب	B289		LET(\n  inputDate, AN,\n  sheetName, "اهداف فروش",\n  dataRange, "A:G",\n  result,\n    IF(\n      ISBLANK(inputDate),\n      "",\n      LET(\n        date, GREG_TO_JALALI(inputDate),\n        monthName, GET_JALALI_MONTH_NAME(date),\n        year, GET_JALALI_YEAR(date),\n        data, IMPORT_FROM_SHEET(SheetsFileId_Accounting_Chalebagh, sheetName, dataRange),\n        filteredData, FILTER(data, INDEX(data,,2) = monthName, INDEX(data,,3) = year),\n        INDEX(filteredData,,4)\n      )\n    ),\n  result\n)	1		
تعداد فیش هرشب	B290		LET(\n  inputDate, AN,\n  sheetName, "اهداف فروش",\n  dataRange, "A:G",\n  result,\n    IF(\n      ISBLANK(inputDate),\n      "",\n      LET(\n        date, GREG_TO_JALALI(inputDate),\n        monthName, GET_JALALI_MONTH_NAME(date),\n        year, GET_JALALI_YEAR(date),\n        data, IMPORT_FROM_SHEET(SheetsFileId_Accounting_Chalebagh, sheetName, dataRange),\n        filteredData, FILTER(data, INDEX(data,,2) = monthName, INDEX(data,,3) = year),\n        INDEX(filteredData,,4)\n      )\n    ),\n  result\n)	1		
تعداد فیش هرشب	B291		LET(\n  inputDate, AN,\n  sheetName, "اهداف فروش",\n  dataRange, "A:G",\n  result,\n    IF(\n      ISBLANK(inputDate),\n      "",\n      LET(\n        date, GREG_TO_JALALI(inputDate),\n        monthName, GET_JALALI_MONTH_NAME(date),\n        year, GET_JALALI_YEAR(date),\n        data, IMPORT_FROM_SHEET(SheetsFileId_Accounting_Chalebagh, sheetName, dataRange),\n        filteredData, FILTER(data, INDEX(data,,2) = monthName, INDEX(data,,3) = year),\n        INDEX(filteredData,,4)\n      )\n    ),\n  result\n)	1		
تعداد فیش هرشب	B292		LET(\n  inputDate, AN,\n  sheetName, "اهداف فروش",\n  dataRange, "A:G",\n  result,\n    IF(\n      ISBLANK(inputDate),\n      "",\n      LET(\n        date, GREG_TO_JALALI(inputDate),\n        monthName, GET_JALALI_MONTH_NAME(date),\n        year, GET_JALALI_YEAR(date),\n        data, IMPORT_FROM_SHEET(SheetsFileId_Accounting_Chalebagh, sheetName, dataRange),\n        filteredData, FILTER(data, INDEX(data,,2) = monthName, INDEX(data,,3) = year),\n        INDEX(filteredData,,4)\n      )\n    ),\n  result\n)	1		
تعداد فیش هرشب	B293		LET(\n  inputDate, AN,\n  sheetName, "اهداف فروش",\n  dataRange, "A:G",\n  result,\n    IF(\n      ISBLANK(inputDate),\n      "",\n      LET(\n        date, GREG_TO_JALALI(inputDate),\n        monthName, GET_JALALI_MONTH_NAME(date),\n        year, GET_JALALI_YEAR(date),\n        data, IMPORT_FROM_SHEET(SheetsFileId_Accounting_Chalebagh, sheetName, dataRange),\n        filteredData, FILTER(data, INDEX(data,,2) = monthName, INDEX(data,,3) = year),\n        INDEX(filteredData,,4)\n      )\n    ),\n  result\n)	1		
تعداد فیش هرشب	B294		LET(\n  inputDate, AN,\n  sheetName, "اهداف فروش",\n  dataRange, "A:G",\n  result,\n    IF(\n      ISBLANK(inputDate),\n      "",\n      LET(\n        date, GREG_TO_JALALI(inputDate),\n        monthName, GET_JALALI_MONTH_NAME(date),\n        year, GET_JALALI_YEAR(date),\n        data, IMPORT_FROM_SHEET(SheetsFileId_Accounting_Chalebagh, sheetName, dataRange),\n        filteredData, FILTER(data, INDEX(data,,2) = monthName, INDEX(data,,3) = year),\n        INDEX(filteredData,,4)\n      )\n    ),\n  result\n)	1		
تعداد فیش هرشب	B295		LET(\n  inputDate, AN,\n  sheetName, "اهداف فروش",\n  dataRange, "A:G",\n  result,\n    IF(\n      ISBLANK(inputDate),\n      "",\n      LET(\n        date, GREG_TO_JALALI(inputDate),\n        monthName, GET_JALALI_MONTH_NAME(date),\n        year, GET_JALALI_YEAR(date),\n        data, IMPORT_FROM_SHEET(SheetsFileId_Accounting_Chalebagh, sheetName, dataRange),\n        filteredData, FILTER(data, INDEX(data,,2) = monthName, INDEX(data,,3) = year),\n        INDEX(filteredData,,4)\n      )\n    ),\n  result\n)	1		
تعداد فیش هرشب	B296		LET(\n  inputDate, AN,\n  sheetName, "اهداف فروش",\n  dataRange, "A:G",\n  result,\n    IF(\n      ISBLANK(inputDate),\n      "",\n      LET(\n        date, GREG_TO_JALALI(inputDate),\n        monthName, GET_JALALI_MONTH_NAME(date),\n        year, GET_JALALI_YEAR(date),\n        data, IMPORT_FROM_SHEET(SheetsFileId_Accounting_Chalebagh, sheetName, dataRange),\n        filteredData, FILTER(data, INDEX(data,,2) = monthName, INDEX(data,,3) = year),\n        INDEX(filteredData,,4)\n      )\n    ),\n  result\n)	1		
تعداد فیش هرشب	B297		LET(\n  inputDate, AN,\n  sheetName, "اهداف فروش",\n  dataRange, "A:G",\n  result,\n    IF(\n      ISBLANK(inputDate),\n      "",\n      LET(\n        date, GREG_TO_JALALI(inputDate),\n        monthName, GET_JALALI_MONTH_NAME(date),\n        year, GET_JALALI_YEAR(date),\n        data, IMPORT_FROM_SHEET(SheetsFileId_Accounting_Chalebagh, sheetName, dataRange),\n        filteredData, FILTER(data, INDEX(data,,2) = monthName, INDEX(data,,3) = year),\n        INDEX(filteredData,,4)\n      )\n    ),\n  result\n)	1		
تعداد فیش هرشب	B298		LET(\n  inputDate, AN,\n  sheetName, "اهداف فروش",\n  dataRange, "A:G",\n  result,\n    IF(\n      ISBLANK(inputDate),\n      "",\n      LET(\n        date, GREG_TO_JALALI(inputDate),\n        monthName, GET_JALALI_MONTH_NAME(date),\n        year, GET_JALALI_YEAR(date),\n        data, IMPORT_FROM_SHEET(SheetsFileId_Accounting_Chalebagh, sheetName, dataRange),\n        filteredData, FILTER(data, INDEX(data,,2) = monthName, INDEX(data,,3) = year),\n        INDEX(filteredData,,4)\n      )\n    ),\n  result\n)	1		
تعداد فیش هرشب	B299		LET(\n  inputDate, AN,\n  sheetName, "اهداف فروش",\n  dataRange, "A:G",\n  result,\n    IF(\n      ISBLANK(inputDate),\n      "",\n      LET(\n        date, GREG_TO_JALALI(inputDate),\n        monthName, GET_JALALI_MONTH_NAME(date),\n        year, GET_JALALI_YEAR(date),\n        data, IMPORT_FROM_SHEET(SheetsFileId_Accounting_Chalebagh, sheetName, dataRange),\n        filteredData, FILTER(data, INDEX(data,,2) = monthName, INDEX(data,,3) = year),\n        INDEX(filteredData,,4)\n      )\n    ),\n  result\n)	1		
تعداد فیش هرشب	B300		LET(\n  inputDate, AN,\n  sheetName, "اهداف فروش",\n  dataRange, "A:G",\n  result,\n    IF(\n      ISBLANK(inputDate),\n      "",\n      LET(\n        date, GREG_TO_JALALI(inputDate),\n        monthName, GET_JALALI_MONTH_NAME(date),\n        year, GET_JALALI_YEAR(date),\n        data, IMPORT_FROM_SHEET(SheetsFileId_Accounting_Chalebagh, sheetName, dataRange),\n        filteredData, FILTER(data, INDEX(data,,2) = monthName, INDEX(data,,3) = year),\n        INDEX(filteredData,,4)\n      )\n    ),\n  result\n)	1		
تعداد فیش هرشب	B301		LET(\n  inputDate, AN,\n  sheetName, "اهداف فروش",\n  dataRange, "A:G",\n  result,\n    IF(\n      ISBLANK(inputDate),\n      "",\n      LET(\n        date, GREG_TO_JALALI(inputDate),\n        monthName, GET_JALALI_MONTH_NAME(date),\n        year, GET_JALALI_YEAR(date),\n        data, IMPORT_FROM_SHEET(SheetsFileId_Accounting_Chalebagh, sheetName, dataRange),\n        filteredData, FILTER(data, INDEX(data,,2) = monthName, INDEX(data,,3) = year),\n        INDEX(filteredData,,4)\n      )\n    ),\n  result\n)	1		
تعداد فیش هرشب	B302		LET(\n  inputDate, AN,\n  sheetName, "اهداف فروش",\n  dataRange, "A:G",\n  result,\n    IF(\n      ISBLANK(inputDate),\n      "",\n      LET(\n        date, GREG_TO_JALALI(inputDate),\n        monthName, GET_JALALI_MONTH_NAME(date),\n        year, GET_JALALI_YEAR(date),\n        data, IMPORT_FROM_SHEET(SheetsFileId_Accounting_Chalebagh, sheetName, dataRange),\n        filteredData, FILTER(data, INDEX(data,,2) = monthName, INDEX(data,,3) = year),\n        INDEX(filteredData,,4)\n      )\n    ),\n  result\n)	1		
تعداد فیش هرشب	B303		LET(\n  inputDate, AN,\n  sheetName, "اهداف فروش",\n  dataRange, "A:G",\n  result,\n    IF(\n      ISBLANK(inputDate),\n      "",\n      LET(\n        date, GREG_TO_JALALI(inputDate),\n        monthName, GET_JALALI_MONTH_NAME(date),\n        year, GET_JALALI_YEAR(date),\n        data, IMPORT_FROM_SHEET(SheetsFileId_Accounting_Chalebagh, sheetName, dataRange),\n        filteredData, FILTER(data, INDEX(data,,2) = monthName, INDEX(data,,3) = year),\n        INDEX(filteredData,,4)\n      )\n    ),\n  result\n)	1		
تعداد فیش هرشب	B304		LET(\n  inputDate, AN,\n  sheetName, "اهداف فروش",\n  dataRange, "A:G",\n  result,\n    IF(\n      ISBLANK(inputDate),\n      "",\n      LET(\n        date, GREG_TO_JALALI(inputDate),\n        monthName, GET_JALALI_MONTH_NAME(date),\n        year, GET_JALALI_YEAR(date),\n        data, IMPORT_FROM_SHEET(SheetsFileId_Accounting_Chalebagh, sheetName, dataRange),\n        filteredData, FILTER(data, INDEX(data,,2) = monthName, INDEX(data,,3) = year),\n        INDEX(filteredData,,4)\n      )\n    ),\n  result\n)	1		
تعداد فیش هرشب	B305		LET(\n  inputDate, AN,\n  sheetName, "اهداف فروش",\n  dataRange, "A:G",\n  result,\n    IF(\n      ISBLANK(inputDate),\n      "",\n      LET(\n        date, GREG_TO_JALALI(inputDate),\n        monthName, GET_JALALI_MONTH_NAME(date),\n        year, GET_JALALI_YEAR(date),\n        data, IMPORT_FROM_SHEET(SheetsFileId_Accounting_Chalebagh, sheetName, dataRange),\n        filteredData, FILTER(data, INDEX(data,,2) = monthName, INDEX(data,,3) = year),\n        INDEX(filteredData,,4)\n      )\n    ),\n  result\n)	1		
تعداد فیش هرشب	B306		LET(\n  inputDate, AN,\n  sheetName, "اهداف فروش",\n  dataRange, "A:G",\n  result,\n    IF(\n      ISBLANK(inputDate),\n      "",\n      LET(\n        date, GREG_TO_JALALI(inputDate),\n        monthName, GET_JALALI_MONTH_NAME(date),\n        year, GET_JALALI_YEAR(date),\n        data, IMPORT_FROM_SHEET(SheetsFileId_Accounting_Chalebagh, sheetName, dataRange),\n        filteredData, FILTER(data, INDEX(data,,2) = monthName, INDEX(data,,3) = year),\n        INDEX(filteredData,,4)\n      )\n    ),\n  result\n)	1		
تعداد فیش هرشب	B307		LET(\n  inputDate, AN,\n  sheetName, "اهداف فروش",\n  dataRange, "A:G",\n  result,\n    IF(\n      ISBLANK(inputDate),\n      "",\n      LET(\n        date, GREG_TO_JALALI(inputDate),\n        monthName, GET_JALALI_MONTH_NAME(date),\n        year, GET_JALALI_YEAR(date),\n        data, IMPORT_FROM_SHEET(SheetsFileId_Accounting_Chalebagh, sheetName, dataRange),\n        filteredData, FILTER(data, INDEX(data,,2) = monthName, INDEX(data,,3) = year),\n        INDEX(filteredData,,4)\n      )\n    ),\n  result\n)	1		
تعداد فیش هرشب	B308		LET(\n  inputDate, AN,\n  sheetName, "اهداف فروش",\n  dataRange, "A:G",\n  result,\n    IF(\n      ISBLANK(inputDate),\n      "",\n      LET(\n        date, GREG_TO_JALALI(inputDate),\n        monthName, GET_JALALI_MONTH_NAME(date),\n        year, GET_JALALI_YEAR(date),\n        data, IMPORT_FROM_SHEET(SheetsFileId_Accounting_Chalebagh, sheetName, dataRange),\n        filteredData, FILTER(data, INDEX(data,,2) = monthName, INDEX(data,,3) = year),\n        INDEX(filteredData,,4)\n      )\n    ),\n  result\n)	1		
تعداد فیش هرشب	B309		LET(\n  inputDate, AN,\n  sheetName, "اهداف فروش",\n  dataRange, "A:G",\n  result,\n    IF(\n      ISBLANK(inputDate),\n      "",\n      LET(\n        date, GREG_TO_JALALI(inputDate),\n        monthName, GET_JALALI_MONTH_NAME(date),\n        year, GET_JALALI_YEAR(date),\n        data, IMPORT_FROM_SHEET(SheetsFileId_Accounting_Chalebagh, sheetName, dataRange),\n        filteredData, FILTER(data, INDEX(data,,2) = monthName, INDEX(data,,3) = year),\n        INDEX(filteredData,,4)\n      )\n    ),\n  result\n)	1		
تعداد فیش هرشب	B310		LET(\n  inputDate, AN,\n  sheetName, "اهداف فروش",\n  dataRange, "A:G",\n  result,\n    IF(\n      ISBLANK(inputDate),\n      "",\n      LET(\n        date, GREG_TO_JALALI(inputDate),\n        monthName, GET_JALALI_MONTH_NAME(date),\n        year, GET_JALALI_YEAR(date),\n        data, IMPORT_FROM_SHEET(SheetsFileId_Accounting_Chalebagh, sheetName, dataRange),\n        filteredData, FILTER(data, INDEX(data,,2) = monthName, INDEX(data,,3) = year),\n        INDEX(filteredData,,4)\n      )\n    ),\n  result\n)	1		
تعداد فیش هرشب	B311		LET(\n  inputDate, AN,\n  sheetName, "اهداف فروش",\n  dataRange, "A:G",\n  result,\n    IF(\n      ISBLANK(inputDate),\n      "",\n      LET(\n        date, GREG_TO_JALALI(inputDate),\n        monthName, GET_JALALI_MONTH_NAME(date),\n        year, GET_JALALI_YEAR(date),\n        data, IMPORT_FROM_SHEET(SheetsFileId_Accounting_Chalebagh, sheetName, dataRange),\n        filteredData, FILTER(data, INDEX(data,,2) = monthName, INDEX(data,,3) = year),\n        INDEX(filteredData,,4)\n      )\n    ),\n  result\n)	1		
تعداد فیش هرشب	B312		LET(\n  inputDate, AN,\n  sheetName, "اهداف فروش",\n  dataRange, "A:G",\n  result,\n    IF(\n      ISBLANK(inputDate),\n      "",\n      LET(\n        date, GREG_TO_JALALI(inputDate),\n        monthName, GET_JALALI_MONTH_NAME(date),\n        year, GET_JALALI_YEAR(date),\n        data, IMPORT_FROM_SHEET(SheetsFileId_Accounting_Chalebagh, sheetName, dataRange),\n        filteredData, FILTER(data, INDEX(data,,2) = monthName, INDEX(data,,3) = year),\n        INDEX(filteredData,,4)\n      )\n    ),\n  result\n)	1		
تعداد فیش هرشب	B313		LET(\n  inputDate, AN,\n  sheetName, "اهداف فروش",\n  dataRange, "A:G",\n  result,\n    IF(\n      ISBLANK(inputDate),\n      "",\n      LET(\n        date, GREG_TO_JALALI(inputDate),\n        monthName, GET_JALALI_MONTH_NAME(date),\n        year, GET_JALALI_YEAR(date),\n        data, IMPORT_FROM_SHEET(SheetsFileId_Accounting_Chalebagh, sheetName, dataRange),\n        filteredData, FILTER(data, INDEX(data,,2) = monthName, INDEX(data,,3) = year),\n        INDEX(filteredData,,4)\n      )\n    ),\n  result\n)	1		
تعداد فیش هرشب	B314		LET(\n  inputDate, AN,\n  sheetName, "اهداف فروش",\n  dataRange, "A:G",\n  result,\n    IF(\n      ISBLANK(inputDate),\n      "",\n      LET(\n        date, GREG_TO_JALALI(inputDate),\n        monthName, GET_JALALI_MONTH_NAME(date),\n        year, GET_JALALI_YEAR(date),\n        data, IMPORT_FROM_SHEET(SheetsFileId_Accounting_Chalebagh, sheetName, dataRange),\n        filteredData, FILTER(data, INDEX(data,,2) = monthName, INDEX(data,,3) = year),\n        INDEX(filteredData,,4)\n      )\n    ),\n  result\n)	1		
تعداد فیش هرشب	B315		LET(\n  inputDate, AN,\n  sheetName, "اهداف فروش",\n  dataRange, "A:G",\n  result,\n    IF(\n      ISBLANK(inputDate),\n      "",\n      LET(\n        date, GREG_TO_JALALI(inputDate),\n        monthName, GET_JALALI_MONTH_NAME(date),\n        year, GET_JALALI_YEAR(date),\n        data, IMPORT_FROM_SHEET(SheetsFileId_Accounting_Chalebagh, sheetName, dataRange),\n        filteredData, FILTER(data, INDEX(data,,2) = monthName, INDEX(data,,3) = year),\n        INDEX(filteredData,,4)\n      )\n    ),\n  result\n)	1		
تعداد فیش هرشب	B316		LET(\n  inputDate, AN,\n  sheetName, "اهداف فروش",\n  dataRange, "A:G",\n  result,\n    IF(\n      ISBLANK(inputDate),\n      "",\n      LET(\n        date, GREG_TO_JALALI(inputDate),\n        monthName, GET_JALALI_MONTH_NAME(date),\n        year, GET_JALALI_YEAR(date),\n        data, IMPORT_FROM_SHEET(SheetsFileId_Accounting_Chalebagh, sheetName, dataRange),\n        filteredData, FILTER(data, INDEX(data,,2) = monthName, INDEX(data,,3) = year),\n        INDEX(filteredData,,4)\n      )\n    ),\n  result\n)	1		
تعداد فیش هرشب	B317		LET(\n  inputDate, AN,\n  sheetName, "اهداف فروش",\n  dataRange, "A:G",\n  result,\n    IF(\n      ISBLANK(inputDate),\n      "",\n      LET(\n        date, GREG_TO_JALALI(inputDate),\n        monthName, GET_JALALI_MONTH_NAME(date),\n        year, GET_JALALI_YEAR(date),\n        data, IMPORT_FROM_SHEET(SheetsFileId_Accounting_Chalebagh, sheetName, dataRange),\n        filteredData, FILTER(data, INDEX(data,,2) = monthName, INDEX(data,,3) = year),\n        INDEX(filteredData,,4)\n      )\n    ),\n  result\n)	1		
تعداد فیش هرشب	B318		LET(\n  inputDate, AN,\n  sheetName, "اهداف فروش",\n  dataRange, "A:G",\n  result,\n    IF(\n      ISBLANK(inputDate),\n      "",\n      LET(\n        date, GREG_TO_JALALI(inputDate),\n        monthName, GET_JALALI_MONTH_NAME(date),\n        year, GET_JALALI_YEAR(date),\n        data, IMPORT_FROM_SHEET(SheetsFileId_Accounting_Chalebagh, sheetName, dataRange),\n        filteredData, FILTER(data, INDEX(data,,2) = monthName, INDEX(data,,3) = year),\n        INDEX(filteredData,,4)\n      )\n    ),\n  result\n)	1		
تعداد فیش هرشب	B319		LET(\n  inputDate, AN,\n  sheetName, "اهداف فروش",\n  dataRange, "A:G",\n  result,\n    IF(\n      ISBLANK(inputDate),\n      "",\n      LET(\n        date, GREG_TO_JALALI(inputDate),\n        monthName, GET_JALALI_MONTH_NAME(date),\n        year, GET_JALALI_YEAR(date),\n        data, IMPORT_FROM_SHEET(SheetsFileId_Accounting_Chalebagh, sheetName, dataRange),\n        filteredData, FILTER(data, INDEX(data,,2) = monthName, INDEX(data,,3) = year),\n        INDEX(filteredData,,4)\n      )\n    ),\n  result\n)	1		
تعداد فیش هرشب	B320		LET(\n  inputDate, AN,\n  sheetName, "اهداف فروش",\n  dataRange, "A:G",\n  result,\n    IF(\n      ISBLANK(inputDate),\n      "",\n      LET(\n        date, GREG_TO_JALALI(inputDate),\n        monthName, GET_JALALI_MONTH_NAME(date),\n        year, GET_JALALI_YEAR(date),\n        data, IMPORT_FROM_SHEET(SheetsFileId_Accounting_Chalebagh, sheetName, dataRange),\n        filteredData, FILTER(data, INDEX(data,,2) = monthName, INDEX(data,,3) = year),\n        INDEX(filteredData,,4)\n      )\n    ),\n  result\n)	1		
تعداد فیش هرشب	B321		LET(\n  inputDate, AN,\n  sheetName, "اهداف فروش",\n  dataRange, "A:G",\n  result,\n    IF(\n      ISBLANK(inputDate),\n      "",\n      LET(\n        date, GREG_TO_JALALI(inputDate),\n        monthName, GET_JALALI_MONTH_NAME(date),\n        year, GET_JALALI_YEAR(date),\n        data, IMPORT_FROM_SHEET(SheetsFileId_Accounting_Chalebagh, sheetName, dataRange),\n        filteredData, FILTER(data, INDEX(data,,2) = monthName, INDEX(data,,3) = year),\n        INDEX(filteredData,,4)\n      )\n    ),\n  result\n)	1		
تعداد فیش هرشب	B322		LET(\n  inputDate, AN,\n  sheetName, "اهداف فروش",\n  dataRange, "A:G",\n  result,\n    IF(\n      ISBLANK(inputDate),\n      "",\n      LET(\n        date, GREG_TO_JALALI(inputDate),\n        monthName, GET_JALALI_MONTH_NAME(date),\n        year, GET_JALALI_YEAR(date),\n        data, IMPORT_FROM_SHEET(SheetsFileId_Accounting_Chalebagh, sheetName, dataRange),\n        filteredData, FILTER(data, INDEX(data,,2) = monthName, INDEX(data,,3) = year),\n        INDEX(filteredData,,4)\n      )\n    ),\n  result\n)	1		
تعداد فیش هرشب	B323		LET(\n  inputDate, AN,\n  sheetName, "اهداف فروش",\n  dataRange, "A:G",\n  result,\n    IF(\n      ISBLANK(inputDate),\n      "",\n      LET(\n        date, GREG_TO_JALALI(inputDate),\n        monthName, GET_JALALI_MONTH_NAME(date),\n        year, GET_JALALI_YEAR(date),\n        data, IMPORT_FROM_SHEET(SheetsFileId_Accounting_Chalebagh, sheetName, dataRange),\n        filteredData, FILTER(data, INDEX(data,,2) = monthName, INDEX(data,,3) = year),\n        INDEX(filteredData,,4)\n      )\n    ),\n  result\n)	1		
تعداد فیش هرشب	B324		LET(\n  inputDate, AN,\n  sheetName, "اهداف فروش",\n  dataRange, "A:G",\n  result,\n    IF(\n      ISBLANK(inputDate),\n      "",\n      LET(\n        date, GREG_TO_JALALI(inputDate),\n        monthName, GET_JALALI_MONTH_NAME(date),\n        year, GET_JALALI_YEAR(date),\n        data, IMPORT_FROM_SHEET(SheetsFileId_Accounting_Chalebagh, sheetName, dataRange),\n        filteredData, FILTER(data, INDEX(data,,2) = monthName, INDEX(data,,3) = year),\n        INDEX(filteredData,,4)\n      )\n    ),\n  result\n)	1		
تعداد فیش هرشب	B325		LET(\n  inputDate, AN,\n  sheetName, "اهداف فروش",\n  dataRange, "A:G",\n  result,\n    IF(\n      ISBLANK(inputDate),\n      "",\n      LET(\n        date, GREG_TO_JALALI(inputDate),\n        monthName, GET_JALALI_MONTH_NAME(date),\n        year, GET_JALALI_YEAR(date),\n        data, IMPORT_FROM_SHEET(SheetsFileId_Accounting_Chalebagh, sheetName, dataRange),\n        filteredData, FILTER(data, INDEX(data,,2) = monthName, INDEX(data,,3) = year),\n        INDEX(filteredData,,4)\n      )\n    ),\n  result\n)	1		
تعداد فیش هرشب	B326		LET(\n  inputDate, AN,\n  sheetName, "اهداف فروش",\n  dataRange, "A:G",\n  result,\n    IF(\n      ISBLANK(inputDate),\n      "",\n      LET(\n        date, GREG_TO_JALALI(inputDate),\n        monthName, GET_JALALI_MONTH_NAME(date),\n        year, GET_JALALI_YEAR(date),\n        data, IMPORT_FROM_SHEET(SheetsFileId_Accounting_Chalebagh, sheetName, dataRange),\n        filteredData, FILTER(data, INDEX(data,,2) = monthName, INDEX(data,,3) = year),\n        INDEX(filteredData,,4)\n      )\n    ),\n  result\n)	1		
تعداد فیش هرشب	B327		LET(\n  inputDate, AN,\n  sheetName, "اهداف فروش",\n  dataRange, "A:G",\n  result,\n    IF(\n      ISBLANK(inputDate),\n      "",\n      LET(\n        date, GREG_TO_JALALI(inputDate),\n        monthName, GET_JALALI_MONTH_NAME(date),\n        year, GET_JALALI_YEAR(date),\n        data, IMPORT_FROM_SHEET(SheetsFileId_Accounting_Chalebagh, sheetName, dataRange),\n        filteredData, FILTER(data, INDEX(data,,2) = monthName, INDEX(data,,3) = year),\n        INDEX(filteredData,,4)\n      )\n    ),\n  result\n)	1		
تعداد فیش هرشب	B328		LET(\n  inputDate, AN,\n  sheetName, "اهداف فروش",\n  dataRange, "A:G",\n  result,\n    IF(\n      ISBLANK(inputDate),\n      "",\n      LET(\n        date, GREG_TO_JALALI(inputDate),\n        monthName, GET_JALALI_MONTH_NAME(date),\n        year, GET_JALALI_YEAR(date),\n        data, IMPORT_FROM_SHEET(SheetsFileId_Accounting_Chalebagh, sheetName, dataRange),\n        filteredData, FILTER(data, INDEX(data,,2) = monthName, INDEX(data,,3) = year),\n        INDEX(filteredData,,4)\n      )\n    ),\n  result\n)	1		
تعداد فیش هرشب	B329		LET(\n  inputDate, AN,\n  sheetName, "اهداف فروش",\n  dataRange, "A:G",\n  result,\n    IF(\n      ISBLANK(inputDate),\n      "",\n      LET(\n        date, GREG_TO_JALALI(inputDate),\n        monthName, GET_JALALI_MONTH_NAME(date),\n        year, GET_JALALI_YEAR(date),\n        data, IMPORT_FROM_SHEET(SheetsFileId_Accounting_Chalebagh, sheetName, dataRange),\n        filteredData, FILTER(data, INDEX(data,,2) = monthName, INDEX(data,,3) = year),\n        INDEX(filteredData,,4)\n      )\n    ),\n  result\n)	1		
تعداد فیش هرشب	B330		LET(\n  inputDate, AN,\n  sheetName, "اهداف فروش",\n  dataRange, "A:G",\n  result,\n    IF(\n      ISBLANK(inputDate),\n      "",\n      LET(\n        date, GREG_TO_JALALI(inputDate),\n        monthName, GET_JALALI_MONTH_NAME(date),\n        year, GET_JALALI_YEAR(date),\n        data, IMPORT_FROM_SHEET(SheetsFileId_Accounting_Chalebagh, sheetName, dataRange),\n        filteredData, FILTER(data, INDEX(data,,2) = monthName, INDEX(data,,3) = year),\n        INDEX(filteredData,,4)\n      )\n    ),\n  result\n)	1		
تعداد فیش هرشب	B331		LET(\n  inputDate, AN,\n  sheetName, "اهداف فروش",\n  dataRange, "A:G",\n  result,\n    IF(\n      ISBLANK(inputDate),\n      "",\n      LET(\n        date, GREG_TO_JALALI(inputDate),\n        monthName, GET_JALALI_MONTH_NAME(date),\n        year, GET_JALALI_YEAR(date),\n        data, IMPORT_FROM_SHEET(SheetsFileId_Accounting_Chalebagh, sheetName, dataRange),\n        filteredData, FILTER(data, INDEX(data,,2) = monthName, INDEX(data,,3) = year),\n        INDEX(filteredData,,4)\n      )\n    ),\n  result\n)	1		
تعداد فیش هرشب	B332		LET(\n  inputDate, AN,\n  sheetName, "اهداف فروش",\n  dataRange, "A:G",\n  result,\n    IF(\n      ISBLANK(inputDate),\n      "",\n      LET(\n        date, GREG_TO_JALALI(inputDate),\n        monthName, GET_JALALI_MONTH_NAME(date),\n        year, GET_JALALI_YEAR(date),\n        data, IMPORT_FROM_SHEET(SheetsFileId_Accounting_Chalebagh, sheetName, dataRange),\n        filteredData, FILTER(data, INDEX(data,,2) = monthName, INDEX(data,,3) = year),\n        INDEX(filteredData,,4)\n      )\n    ),\n  result\n)	1		
تعداد فیش هرشب	B333		LET(\n  inputDate, AN,\n  sheetName, "اهداف فروش",\n  dataRange, "A:G",\n  result,\n    IF(\n      ISBLANK(inputDate),\n      "",\n      LET(\n        date, GREG_TO_JALALI(inputDate),\n        monthName, GET_JALALI_MONTH_NAME(date),\n        year, GET_JALALI_YEAR(date),\n        data, IMPORT_FROM_SHEET(SheetsFileId_Accounting_Chalebagh, sheetName, dataRange),\n        filteredData, FILTER(data, INDEX(data,,2) = monthName, INDEX(data,,3) = year),\n        INDEX(filteredData,,4)\n      )\n    ),\n  result\n)	1		
تعداد فیش هرشب	B334		LET(\n  inputDate, AN,\n  sheetName, "اهداف فروش",\n  dataRange, "A:G",\n  result,\n    IF(\n      ISBLANK(inputDate),\n      "",\n      LET(\n        date, GREG_TO_JALALI(inputDate),\n        monthName, GET_JALALI_MONTH_NAME(date),\n        year, GET_JALALI_YEAR(date),\n        data, IMPORT_FROM_SHEET(SheetsFileId_Accounting_Chalebagh, sheetName, dataRange),\n        filteredData, FILTER(data, INDEX(data,,2) = monthName, INDEX(data,,3) = year),\n        INDEX(filteredData,,4)\n      )\n    ),\n  result\n)	1		
تعداد فیش هرشب	B335		LET(\n  inputDate, AN,\n  sheetName, "اهداف فروش",\n  dataRange, "A:G",\n  result,\n    IF(\n      ISBLANK(inputDate),\n      "",\n      LET(\n        date, GREG_TO_JALALI(inputDate),\n        monthName, GET_JALALI_MONTH_NAME(date),\n        year, GET_JALALI_YEAR(date),\n        data, IMPORT_FROM_SHEET(SheetsFileId_Accounting_Chalebagh, sheetName, dataRange),\n        filteredData, FILTER(data, INDEX(data,,2) = monthName, INDEX(data,,3) = year),\n        INDEX(filteredData,,4)\n      )\n    ),\n  result\n)	1		
تعداد فیش هرشب	B336		LET(\n  inputDate, AN,\n  sheetName, "اهداف فروش",\n  dataRange, "A:G",\n  result,\n    IF(\n      ISBLANK(inputDate),\n      "",\n      LET(\n        date, GREG_TO_JALALI(inputDate),\n        monthName, GET_JALALI_MONTH_NAME(date),\n        year, GET_JALALI_YEAR(date),\n        data, IMPORT_FROM_SHEET(SheetsFileId_Accounting_Chalebagh, sheetName, dataRange),\n        filteredData, FILTER(data, INDEX(data,,2) = monthName, INDEX(data,,3) = year),\n        INDEX(filteredData,,4)\n      )\n    ),\n  result\n)	1		
تعداد فیش هرشب	B337		LET(\n  inputDate, AN,\n  sheetName, "اهداف فروش",\n  dataRange, "A:G",\n  result,\n    IF(\n      ISBLANK(inputDate),\n      "",\n      LET(\n        date, GREG_TO_JALALI(inputDate),\n        monthName, GET_JALALI_MONTH_NAME(date),\n        year, GET_JALALI_YEAR(date),\n        data, IMPORT_FROM_SHEET(SheetsFileId_Accounting_Chalebagh, sheetName, dataRange),\n        filteredData, FILTER(data, INDEX(data,,2) = monthName, INDEX(data,,3) = year),\n        INDEX(filteredData,,4)\n      )\n    ),\n  result\n)	1		
تعداد فیش هرشب	B338		LET(\n  inputDate, AN,\n  sheetName, "اهداف فروش",\n  dataRange, "A:G",\n  result,\n    IF(\n      ISBLANK(inputDate),\n      "",\n      LET(\n        date, GREG_TO_JALALI(inputDate),\n        monthName, GET_JALALI_MONTH_NAME(date),\n        year, GET_JALALI_YEAR(date),\n        data, IMPORT_FROM_SHEET(SheetsFileId_Accounting_Chalebagh, sheetName, dataRange),\n        filteredData, FILTER(data, INDEX(data,,2) = monthName, INDEX(data,,3) = year),\n        INDEX(filteredData,,4)\n      )\n    ),\n  result\n)	1		
تعداد فیش هرشب	B339		LET(\n  inputDate, AN,\n  sheetName, "اهداف فروش",\n  dataRange, "A:G",\n  result,\n    IF(\n      ISBLANK(inputDate),\n      "",\n      LET(\n        date, GREG_TO_JALALI(inputDate),\n        monthName, GET_JALALI_MONTH_NAME(date),\n        year, GET_JALALI_YEAR(date),\n        data, IMPORT_FROM_SHEET(SheetsFileId_Accounting_Chalebagh, sheetName, dataRange),\n        filteredData, FILTER(data, INDEX(data,,2) = monthName, INDEX(data,,3) = year),\n        INDEX(filteredData,,4)\n      )\n    ),\n  result\n)	1		
تعداد فیش هرشب	B340		LET(\n  inputDate, AN,\n  sheetName, "اهداف فروش",\n  dataRange, "A:G",\n  result,\n    IF(\n      ISBLANK(inputDate),\n      "",\n      LET(\n        date, GREG_TO_JALALI(inputDate),\n        monthName, GET_JALALI_MONTH_NAME(date),\n        year, GET_JALALI_YEAR(date),\n        data, IMPORT_FROM_SHEET(SheetsFileId_Accounting_Chalebagh, sheetName, dataRange),\n        filteredData, FILTER(data, INDEX(data,,2) = monthName, INDEX(data,,3) = year),\n        INDEX(filteredData,,4)\n      )\n    ),\n  result\n)	1		
تعداد فیش هرشب	B341		LET(\n  inputDate, AN,\n  sheetName, "اهداف فروش",\n  dataRange, "A:G",\n  result,\n    IF(\n      ISBLANK(inputDate),\n      "",\n      LET(\n        date, GREG_TO_JALALI(inputDate),\n        monthName, GET_JALALI_MONTH_NAME(date),\n        year, GET_JALALI_YEAR(date),\n        data, IMPORT_FROM_SHEET(SheetsFileId_Accounting_Chalebagh, sheetName, dataRange),\n        filteredData, FILTER(data, INDEX(data,,2) = monthName, INDEX(data,,3) = year),\n        INDEX(filteredData,,4)\n      )\n    ),\n  result\n)	1		
تعداد فیش هرشب	B342		LET(\n  inputDate, AN,\n  sheetName, "اهداف فروش",\n  dataRange, "A:G",\n  result,\n    IF(\n      ISBLANK(inputDate),\n      "",\n      LET(\n        date, GREG_TO_JALALI(inputDate),\n        monthName, GET_JALALI_MONTH_NAME(date),\n        year, GET_JALALI_YEAR(date),\n        data, IMPORT_FROM_SHEET(SheetsFileId_Accounting_Chalebagh, sheetName, dataRange),\n        filteredData, FILTER(data, INDEX(data,,2) = monthName, INDEX(data,,3) = year),\n        INDEX(filteredData,,4)\n      )\n    ),\n  result\n)	1		
تعداد فیش هرشب	B343		LET(\n  inputDate, AN,\n  sheetName, "اهداف فروش",\n  dataRange, "A:G",\n  result,\n    IF(\n      ISBLANK(inputDate),\n      "",\n      LET(\n        date, GREG_TO_JALALI(inputDate),\n        monthName, GET_JALALI_MONTH_NAME(date),\n        year, GET_JALALI_YEAR(date),\n        data, IMPORT_FROM_SHEET(SheetsFileId_Accounting_Chalebagh, sheetName, dataRange),\n        filteredData, FILTER(data, INDEX(data,,2) = monthName, INDEX(data,,3) = year),\n        INDEX(filteredData,,4)\n      )\n    ),\n  result\n)	1		
تعداد فیش هرشب	B344		LET(\n  inputDate, AN,\n  sheetName, "اهداف فروش",\n  dataRange, "A:G",\n  result,\n    IF(\n      ISBLANK(inputDate),\n      "",\n      LET(\n        date, GREG_TO_JALALI(inputDate),\n        monthName, GET_JALALI_MONTH_NAME(date),\n        year, GET_JALALI_YEAR(date),\n        data, IMPORT_FROM_SHEET(SheetsFileId_Accounting_Chalebagh, sheetName, dataRange),\n        filteredData, FILTER(data, INDEX(data,,2) = monthName, INDEX(data,,3) = year),\n        INDEX(filteredData,,4)\n      )\n    ),\n  result\n)	1		
تعداد فیش هرشب	B345		LET(\n  inputDate, AN,\n  sheetName, "اهداف فروش",\n  dataRange, "A:G",\n  result,\n    IF(\n      ISBLANK(inputDate),\n      "",\n      LET(\n        date, GREG_TO_JALALI(inputDate),\n        monthName, GET_JALALI_MONTH_NAME(date),\n        year, GET_JALALI_YEAR(date),\n        data, IMPORT_FROM_SHEET(SheetsFileId_Accounting_Chalebagh, sheetName, dataRange),\n        filteredData, FILTER(data, INDEX(data,,2) = monthName, INDEX(data,,3) = year),\n        INDEX(filteredData,,4)\n      )\n    ),\n  result\n)	1		
تعداد فیش هرشب	B346		LET(\n  inputDate, AN,\n  sheetName, "اهداف فروش",\n  dataRange, "A:G",\n  result,\n    IF(\n      ISBLANK(inputDate),\n      "",\n      LET(\n        date, GREG_TO_JALALI(inputDate),\n        monthName, GET_JALALI_MONTH_NAME(date),\n        year, GET_JALALI_YEAR(date),\n        data, IMPORT_FROM_SHEET(SheetsFileId_Accounting_Chalebagh, sheetName, dataRange),\n        filteredData, FILTER(data, INDEX(data,,2) = monthName, INDEX(data,,3) = year),\n        INDEX(filteredData,,4)\n      )\n    ),\n  result\n)	1		
تعداد فیش هرشب	B347		LET(\n  inputDate, AN,\n  sheetName, "اهداف فروش",\n  dataRange, "A:G",\n  result,\n    IF(\n      ISBLANK(inputDate),\n      "",\n      LET(\n        date, GREG_TO_JALALI(inputDate),\n        monthName, GET_JALALI_MONTH_NAME(date),\n        year, GET_JALALI_YEAR(date),\n        data, IMPORT_FROM_SHEET(SheetsFileId_Accounting_Chalebagh, sheetName, dataRange),\n        filteredData, FILTER(data, INDEX(data,,2) = monthName, INDEX(data,,3) = year),\n        INDEX(filteredData,,4)\n      )\n    ),\n  result\n)	1		
تعداد فیش هرشب	B348		LET(\n  inputDate, AN,\n  sheetName, "اهداف فروش",\n  dataRange, "A:G",\n  result,\n    IF(\n      ISBLANK(inputDate),\n      "",\n      LET(\n        date, GREG_TO_JALALI(inputDate),\n        monthName, GET_JALALI_MONTH_NAME(date),\n        year, GET_JALALI_YEAR(date),\n        data, IMPORT_FROM_SHEET(SheetsFileId_Accounting_Chalebagh, sheetName, dataRange),\n        filteredData, FILTER(data, INDEX(data,,2) = monthName, INDEX(data,,3) = year),\n        INDEX(filteredData,,4)\n      )\n    ),\n  result\n)	1		
تعداد فیش هرشب	B349		LET(\n  inputDate, AN,\n  sheetName, "اهداف فروش",\n  dataRange, "A:G",\n  result,\n    IF(\n      ISBLANK(inputDate),\n      "",\n      LET(\n        date, GREG_TO_JALALI(inputDate),\n        monthName, GET_JALALI_MONTH_NAME(date),\n        year, GET_JALALI_YEAR(date),\n        data, IMPORT_FROM_SHEET(SheetsFileId_Accounting_Chalebagh, sheetName, dataRange),\n        filteredData, FILTER(data, INDEX(data,,2) = monthName, INDEX(data,,3) = year),\n        INDEX(filteredData,,4)\n      )\n    ),\n  result\n)	1		
تعداد فیش هرشب	B350		LET(\n  inputDate, AN,\n  sheetName, "اهداف فروش",\n  dataRange, "A:G",\n  result,\n    IF(\n      ISBLANK(inputDate),\n      "",\n      LET(\n        date, GREG_TO_JALALI(inputDate),\n        monthName, GET_JALALI_MONTH_NAME(date),\n        year, GET_JALALI_YEAR(date),\n        data, IMPORT_FROM_SHEET(SheetsFileId_Accounting_Chalebagh, sheetName, dataRange),\n        filteredData, FILTER(data, INDEX(data,,2) = monthName, INDEX(data,,3) = year),\n        INDEX(filteredData,,4)\n      )\n    ),\n  result\n)	1		
تعداد فیش هرشب	B351		LET(\n  inputDate, AN,\n  sheetName, "اهداف فروش",\n  dataRange, "A:G",\n  result,\n    IF(\n      ISBLANK(inputDate),\n      "",\n      LET(\n        date, GREG_TO_JALALI(inputDate),\n        monthName, GET_JALALI_MONTH_NAME(date),\n        year, GET_JALALI_YEAR(date),\n        data, IMPORT_FROM_SHEET(SheetsFileId_Accounting_Chalebagh, sheetName, dataRange),\n        filteredData, FILTER(data, INDEX(data,,2) = monthName, INDEX(data,,3) = year),\n        INDEX(filteredData,,4)\n      )\n    ),\n  result\n)	1		
تعداد فیش هرشب	B352		LET(\n  inputDate, AN,\n  sheetName, "اهداف فروش",\n  dataRange, "A:G",\n  result,\n    IF(\n      ISBLANK(inputDate),\n      "",\n      LET(\n        date, GREG_TO_JALALI(inputDate),\n        monthName, GET_JALALI_MONTH_NAME(date),\n        year, GET_JALALI_YEAR(date),\n        data, IMPORT_FROM_SHEET(SheetsFileId_Accounting_Chalebagh, sheetName, dataRange),\n        filteredData, FILTER(data, INDEX(data,,2) = monthName, INDEX(data,,3) = year),\n        INDEX(filteredData,,4)\n      )\n    ),\n  result\n)	1		
تعداد فیش هرشب	B353		LET(\n  inputDate, AN,\n  sheetName, "اهداف فروش",\n  dataRange, "A:G",\n  result,\n    IF(\n      ISBLANK(inputDate),\n      "",\n      LET(\n        date, GREG_TO_JALALI(inputDate),\n        monthName, GET_JALALI_MONTH_NAME(date),\n        year, GET_JALALI_YEAR(date),\n        data, IMPORT_FROM_SHEET(SheetsFileId_Accounting_Chalebagh, sheetName, dataRange),\n        filteredData, FILTER(data, INDEX(data,,2) = monthName, INDEX(data,,3) = year),\n        INDEX(filteredData,,4)\n      )\n    ),\n  result\n)	1		
تعداد فیش هرشب	B354		LET(\n  inputDate, AN,\n  sheetName, "اهداف فروش",\n  dataRange, "A:G",\n  result,\n    IF(\n      ISBLANK(inputDate),\n      "",\n      LET(\n        date, GREG_TO_JALALI(inputDate),\n        monthName, GET_JALALI_MONTH_NAME(date),\n        year, GET_JALALI_YEAR(date),\n        data, IMPORT_FROM_SHEET(SheetsFileId_Accounting_Chalebagh, sheetName, dataRange),\n        filteredData, FILTER(data, INDEX(data,,2) = monthName, INDEX(data,,3) = year),\n        INDEX(filteredData,,4)\n      )\n    ),\n  result\n)	1		
تعداد فیش هرشب	B355		LET(\n  inputDate, AN,\n  sheetName, "اهداف فروش",\n  dataRange, "A:G",\n  result,\n    IF(\n      ISBLANK(inputDate),\n      "",\n      LET(\n        date, GREG_TO_JALALI(inputDate),\n        monthName, GET_JALALI_MONTH_NAME(date),\n        year, GET_JALALI_YEAR(date),\n        data, IMPORT_FROM_SHEET(SheetsFileId_Accounting_Chalebagh, sheetName, dataRange),\n        filteredData, FILTER(data, INDEX(data,,2) = monthName, INDEX(data,,3) = year),\n        INDEX(filteredData,,4)\n      )\n    ),\n  result\n)	1		
تعداد فیش هرشب	B356		LET(\n  inputDate, AN,\n  sheetName, "اهداف فروش",\n  dataRange, "A:G",\n  result,\n    IF(\n      ISBLANK(inputDate),\n      "",\n      LET(\n        date, GREG_TO_JALALI(inputDate),\n        monthName, GET_JALALI_MONTH_NAME(date),\n        year, GET_JALALI_YEAR(date),\n        data, IMPORT_FROM_SHEET(SheetsFileId_Accounting_Chalebagh, sheetName, dataRange),\n        filteredData, FILTER(data, INDEX(data,,2) = monthName, INDEX(data,,3) = year),\n        INDEX(filteredData,,4)\n      )\n    ),\n  result\n)	1		
تعداد فیش هرشب	B357		LET(\n  inputDate, AN,\n  sheetName, "اهداف فروش",\n  dataRange, "A:G",\n  result,\n    IF(\n      ISBLANK(inputDate),\n      "",\n      LET(\n        date, GREG_TO_JALALI(inputDate),\n        monthName, GET_JALALI_MONTH_NAME(date),\n        year, GET_JALALI_YEAR(date),\n        data, IMPORT_FROM_SHEET(SheetsFileId_Accounting_Chalebagh, sheetName, dataRange),\n        filteredData, FILTER(data, INDEX(data,,2) = monthName, INDEX(data,,3) = year),\n        INDEX(filteredData,,4)\n      )\n    ),\n  result\n)	1		
تعداد فیش هرشب	B358		LET(\n  inputDate, AN,\n  sheetName, "اهداف فروش",\n  dataRange, "A:G",\n  result,\n    IF(\n      ISBLANK(inputDate),\n      "",\n      LET(\n        date, GREG_TO_JALALI(inputDate),\n        monthName, GET_JALALI_MONTH_NAME(date),\n        year, GET_JALALI_YEAR(date),\n        data, IMPORT_FROM_SHEET(SheetsFileId_Accounting_Chalebagh, sheetName, dataRange),\n        filteredData, FILTER(data, INDEX(data,,2) = monthName, INDEX(data,,3) = year),\n        INDEX(filteredData,,4)\n      )\n    ),\n  result\n)	1		
تعداد فیش هرشب	B359		LET(\n  inputDate, AN,\n  sheetName, "اهداف فروش",\n  dataRange, "A:G",\n  result,\n    IF(\n      ISBLANK(inputDate),\n      "",\n      LET(\n        date, GREG_TO_JALALI(inputDate),\n        monthName, GET_JALALI_MONTH_NAME(date),\n        year, GET_JALALI_YEAR(date),\n        data, IMPORT_FROM_SHEET(SheetsFileId_Accounting_Chalebagh, sheetName, dataRange),\n        filteredData, FILTER(data, INDEX(data,,2) = monthName, INDEX(data,,3) = year),\n        INDEX(filteredData,,4)\n      )\n    ),\n  result\n)	1		
تعداد فیش هرشب	B360		LET(\n  inputDate, AN,\n  sheetName, "اهداف فروش",\n  dataRange, "A:G",\n  result,\n    IF(\n      ISBLANK(inputDate),\n      "",\n      LET(\n        date, GREG_TO_JALALI(inputDate),\n        monthName, GET_JALALI_MONTH_NAME(date),\n        year, GET_JALALI_YEAR(date),\n        data, IMPORT_FROM_SHEET(SheetsFileId_Accounting_Chalebagh, sheetName, dataRange),\n        filteredData, FILTER(data, INDEX(data,,2) = monthName, INDEX(data,,3) = year),\n        INDEX(filteredData,,4)\n      )\n    ),\n  result\n)	1		
تعداد فیش هرشب	B361		LET(\n  inputDate, AN,\n  sheetName, "اهداف فروش",\n  dataRange, "A:G",\n  result,\n    IF(\n      ISBLANK(inputDate),\n      "",\n      LET(\n        date, GREG_TO_JALALI(inputDate),\n        monthName, GET_JALALI_MONTH_NAME(date),\n        year, GET_JALALI_YEAR(date),\n        data, IMPORT_FROM_SHEET(SheetsFileId_Accounting_Chalebagh, sheetName, dataRange),\n        filteredData, FILTER(data, INDEX(data,,2) = monthName, INDEX(data,,3) = year),\n        INDEX(filteredData,,4)\n      )\n    ),\n  result\n)	1		
تعداد فیش هرشب	B362		LET(\n  inputDate, AN,\n  sheetName, "اهداف فروش",\n  dataRange, "A:G",\n  result,\n    IF(\n      ISBLANK(inputDate),\n      "",\n      LET(\n        date, GREG_TO_JALALI(inputDate),\n        monthName, GET_JALALI_MONTH_NAME(date),\n        year, GET_JALALI_YEAR(date),\n        data, IMPORT_FROM_SHEET(SheetsFileId_Accounting_Chalebagh, sheetName, dataRange),\n        filteredData, FILTER(data, INDEX(data,,2) = monthName, INDEX(data,,3) = year),\n        INDEX(filteredData,,4)\n      )\n    ),\n  result\n)	1		
تعداد فیش هرشب	B363		LET(\n  inputDate, AN,\n  sheetName, "اهداف فروش",\n  dataRange, "A:G",\n  result,\n    IF(\n      ISBLANK(inputDate),\n      "",\n      LET(\n        date, GREG_TO_JALALI(inputDate),\n        monthName, GET_JALALI_MONTH_NAME(date),\n        year, GET_JALALI_YEAR(date),\n        data, IMPORT_FROM_SHEET(SheetsFileId_Accounting_Chalebagh, sheetName, dataRange),\n        filteredData, FILTER(data, INDEX(data,,2) = monthName, INDEX(data,,3) = year),\n        INDEX(filteredData,,4)\n      )\n    ),\n  result\n)	1		
تعداد فیش هرشب	B364		LET(\n  inputDate, AN,\n  sheetName, "اهداف فروش",\n  dataRange, "A:G",\n  result,\n    IF(\n      ISBLANK(inputDate),\n      "",\n      LET(\n        date, GREG_TO_JALALI(inputDate),\n        monthName, GET_JALALI_MONTH_NAME(date),\n        year, GET_JALALI_YEAR(date),\n        data, IMPORT_FROM_SHEET(SheetsFileId_Accounting_Chalebagh, sheetName, dataRange),\n        filteredData, FILTER(data, INDEX(data,,2) = monthName, INDEX(data,,3) = year),\n        INDEX(filteredData,,4)\n      )\n    ),\n  result\n)	1		
تعداد فیش هرشب	B365		LET(\n  inputDate, AN,\n  sheetName, "اهداف فروش",\n  dataRange, "A:G",\n  result,\n    IF(\n      ISBLANK(inputDate),\n      "",\n      LET(\n        date, GREG_TO_JALALI(inputDate),\n        monthName, GET_JALALI_MONTH_NAME(date),\n        year, GET_JALALI_YEAR(date),\n        data, IMPORT_FROM_SHEET(SheetsFileId_Accounting_Chalebagh, sheetName, dataRange),\n        filteredData, FILTER(data, INDEX(data,,2) = monthName, INDEX(data,,3) = year),\n        INDEX(filteredData,,4)\n      )\n    ),\n  result\n)	1		
تعداد فیش هرشب	B366		LET(\n  inputDate, AN,\n  sheetName, "اهداف فروش",\n  dataRange, "A:G",\n  result,\n    IF(\n      ISBLANK(inputDate),\n      "",\n      LET(\n        date, GREG_TO_JALALI(inputDate),\n        monthName, GET_JALALI_MONTH_NAME(date),\n        year, GET_JALALI_YEAR(date),\n        data, IMPORT_FROM_SHEET(SheetsFileId_Accounting_Chalebagh, sheetName, dataRange),\n        filteredData, FILTER(data, INDEX(data,,2) = monthName, INDEX(data,,3) = year),\n        INDEX(filteredData,,4)\n      )\n    ),\n  result\n)	1		
تعداد فیش هرشب	B367		LET(\n  inputDate, AN,\n  sheetName, "اهداف فروش",\n  dataRange, "A:G",\n  result,\n    IF(\n      ISBLANK(inputDate),\n      "",\n      LET(\n        date, GREG_TO_JALALI(inputDate),\n        monthName, GET_JALALI_MONTH_NAME(date),\n        year, GET_JALALI_YEAR(date),\n        data, IMPORT_FROM_SHEET(SheetsFileId_Accounting_Chalebagh, sheetName, dataRange),\n        filteredData, FILTER(data, INDEX(data,,2) = monthName, INDEX(data,,3) = year),\n        INDEX(filteredData,,4)\n      )\n    ),\n  result\n)	1		
تعداد فیش هرشب	B368		LET(\n  inputDate, AN,\n  sheetName, "اهداف فروش",\n  dataRange, "A:G",\n  result,\n    IF(\n      ISBLANK(inputDate),\n      "",\n      LET(\n        date, GREG_TO_JALALI(inputDate),\n        monthName, GET_JALALI_MONTH_NAME(date),\n        year, GET_JALALI_YEAR(date),\n        data, IMPORT_FROM_SHEET(SheetsFileId_Accounting_Chalebagh, sheetName, dataRange),\n        filteredData, FILTER(data, INDEX(data,,2) = monthName, INDEX(data,,3) = year),\n        INDEX(filteredData,,4)\n      )\n    ),\n  result\n)	1		
تعداد فیش هرشب	B369		LET(\n  inputDate, AN,\n  sheetName, "اهداف فروش",\n  dataRange, "A:G",\n  result,\n    IF(\n      ISBLANK(inputDate),\n      "",\n      LET(\n        date, GREG_TO_JALALI(inputDate),\n        monthName, GET_JALALI_MONTH_NAME(date),\n        year, GET_JALALI_YEAR(date),\n        data, IMPORT_FROM_SHEET(SheetsFileId_Accounting_Chalebagh, sheetName, dataRange),\n        filteredData, FILTER(data, INDEX(data,,2) = monthName, INDEX(data,,3) = year),\n        INDEX(filteredData,,4)\n      )\n    ),\n  result\n)	1		
تعداد فیش هرشب	B370		LET(\n  inputDate, AN,\n  sheetName, "اهداف فروش",\n  dataRange, "A:G",\n  result,\n    IF(\n      ISBLANK(inputDate),\n      "",\n      LET(\n        date, GREG_TO_JALALI(inputDate),\n        monthName, GET_JALALI_MONTH_NAME(date),\n        year, GET_JALALI_YEAR(date),\n        data, IMPORT_FROM_SHEET(SheetsFileId_Accounting_Chalebagh, sheetName, dataRange),\n        filteredData, FILTER(data, INDEX(data,,2) = monthName, INDEX(data,,3) = year),\n        INDEX(filteredData,,4)\n      )\n    ),\n  result\n)	1		
تعداد فیش هرشب	B371		LET(\n  inputDate, AN,\n  sheetName, "اهداف فروش",\n  dataRange, "A:G",\n  result,\n    IF(\n      ISBLANK(inputDate),\n      "",\n      LET(\n        date, GREG_TO_JALALI(inputDate),\n        monthName, GET_JALALI_MONTH_NAME(date),\n        year, GET_JALALI_YEAR(date),\n        data, IMPORT_FROM_SHEET(SheetsFileId_Accounting_Chalebagh, sheetName, dataRange),\n        filteredData, FILTER(data, INDEX(data,,2) = monthName, INDEX(data,,3) = year),\n        INDEX(filteredData,,4)\n      )\n    ),\n  result\n)	1		
تعداد فیش هرشب	B372		LET(\n  inputDate, AN,\n  sheetName, "اهداف فروش",\n  dataRange, "A:G",\n  result,\n    IF(\n      ISBLANK(inputDate),\n      "",\n      LET(\n        date, GREG_TO_JALALI(inputDate),\n        monthName, GET_JALALI_MONTH_NAME(date),\n        year, GET_JALALI_YEAR(date),\n        data, IMPORT_FROM_SHEET(SheetsFileId_Accounting_Chalebagh, sheetName, dataRange),\n        filteredData, FILTER(data, INDEX(data,,2) = monthName, INDEX(data,,3) = year),\n        INDEX(filteredData,,4)\n      )\n    ),\n  result\n)	1		
تعداد فیش هرشب	B373		LET(\n  inputDate, AN,\n  sheetName, "اهداف فروش",\n  dataRange, "A:G",\n  result,\n    IF(\n      ISBLANK(inputDate),\n      "",\n      LET(\n        date, GREG_TO_JALALI(inputDate),\n        monthName, GET_JALALI_MONTH_NAME(date),\n        year, GET_JALALI_YEAR(date),\n        data, IMPORT_FROM_SHEET(SheetsFileId_Accounting_Chalebagh, sheetName, dataRange),\n        filteredData, FILTER(data, INDEX(data,,2) = monthName, INDEX(data,,3) = year),\n        INDEX(filteredData,,4)\n      )\n    ),\n  result\n)	1		
تعداد فیش هرشب	B374		LET(\n  inputDate, AN,\n  sheetName, "اهداف فروش",\n  dataRange, "A:G",\n  result,\n    IF(\n      ISBLANK(inputDate),\n      "",\n      LET(\n        date, GREG_TO_JALALI(inputDate),\n        monthName, GET_JALALI_MONTH_NAME(date),\n        year, GET_JALALI_YEAR(date),\n        data, IMPORT_FROM_SHEET(SheetsFileId_Accounting_Chalebagh, sheetName, dataRange),\n        filteredData, FILTER(data, INDEX(data,,2) = monthName, INDEX(data,,3) = year),\n        INDEX(filteredData,,4)\n      )\n    ),\n  result\n)	1		
تعداد فیش هرشب	B375		LET(\n  inputDate, AN,\n  sheetName, "اهداف فروش",\n  dataRange, "A:G",\n  result,\n    IF(\n      ISBLANK(inputDate),\n      "",\n      LET(\n        date, GREG_TO_JALALI(inputDate),\n        monthName, GET_JALALI_MONTH_NAME(date),\n        year, GET_JALALI_YEAR(date),\n        data, IMPORT_FROM_SHEET(SheetsFileId_Accounting_Chalebagh, sheetName, dataRange),\n        filteredData, FILTER(data, INDEX(data,,2) = monthName, INDEX(data,,3) = year),\n        INDEX(filteredData,,4)\n      )\n    ),\n  result\n)	1		
تعداد فیش هرشب	B376		LET(\n  inputDate, AN,\n  sheetName, "اهداف فروش",\n  dataRange, "A:G",\n  result,\n    IF(\n      ISBLANK(inputDate),\n      "",\n      LET(\n        date, GREG_TO_JALALI(inputDate),\n        monthName, GET_JALALI_MONTH_NAME(date),\n        year, GET_JALALI_YEAR(date),\n        data, IMPORT_FROM_SHEET(SheetsFileId_Accounting_Chalebagh, sheetName, dataRange),\n        filteredData, FILTER(data, INDEX(data,,2) = monthName, INDEX(data,,3) = year),\n        INDEX(filteredData,,4)\n      )\n    ),\n  result\n)	1		
تعداد فیش هرشب	B377		LET(\n  inputDate, AN,\n  sheetName, "اهداف فروش",\n  dataRange, "A:G",\n  result,\n    IF(\n      ISBLANK(inputDate),\n      "",\n      LET(\n        date, GREG_TO_JALALI(inputDate),\n        monthName, GET_JALALI_MONTH_NAME(date),\n        year, GET_JALALI_YEAR(date),\n        data, IMPORT_FROM_SHEET(SheetsFileId_Accounting_Chalebagh, sheetName, dataRange),\n        filteredData, FILTER(data, INDEX(data,,2) = monthName, INDEX(data,,3) = year),\n        INDEX(filteredData,,4)\n      )\n    ),\n  result\n)	1		
تعداد فیش هرشب	B378		LET(\n  inputDate, AN,\n  sheetName, "اهداف فروش",\n  dataRange, "A:G",\n  result,\n    IF(\n      ISBLANK(inputDate),\n      "",\n      LET(\n        date, GREG_TO_JALALI(inputDate),\n        monthName, GET_JALALI_MONTH_NAME(date),\n        year, GET_JALALI_YEAR(date),\n        data, IMPORT_FROM_SHEET(SheetsFileId_Accounting_Chalebagh, sheetName, dataRange),\n        filteredData, FILTER(data, INDEX(data,,2) = monthName, INDEX(data,,3) = year),\n        INDEX(filteredData,,4)\n      )\n    ),\n  result\n)	1		
تعداد فیش هرشب	B379		LET(\n  inputDate, AN,\n  sheetName, "اهداف فروش",\n  dataRange, "A:G",\n  result,\n    IF(\n      ISBLANK(inputDate),\n      "",\n      LET(\n        date, GREG_TO_JALALI(inputDate),\n        monthName, GET_JALALI_MONTH_NAME(date),\n        year, GET_JALALI_YEAR(date),\n        data, IMPORT_FROM_SHEET(SheetsFileId_Accounting_Chalebagh, sheetName, dataRange),\n        filteredData, FILTER(data, INDEX(data,,2) = monthName, INDEX(data,,3) = year),\n        INDEX(filteredData,,4)\n      )\n    ),\n  result\n)	1		
تعداد فیش هرشب	B380		LET(\n  inputDate, AN,\n  sheetName, "اهداف فروش",\n  dataRange, "A:G",\n  result,\n    IF(\n      ISBLANK(inputDate),\n      "",\n      LET(\n        date, GREG_TO_JALALI(inputDate),\n        monthName, GET_JALALI_MONTH_NAME(date),\n        year, GET_JALALI_YEAR(date),\n        data, IMPORT_FROM_SHEET(SheetsFileId_Accounting_Chalebagh, sheetName, dataRange),\n        filteredData, FILTER(data, INDEX(data,,2) = monthName, INDEX(data,,3) = year),\n        INDEX(filteredData,,4)\n      )\n    ),\n  result\n)	1		
تعداد فیش هرشب	B381		LET(\n  inputDate, AN,\n  sheetName, "اهداف فروش",\n  dataRange, "A:G",\n  result,\n    IF(\n      ISBLANK(inputDate),\n      "",\n      LET(\n        date, GREG_TO_JALALI(inputDate),\n        monthName, GET_JALALI_MONTH_NAME(date),\n        year, GET_JALALI_YEAR(date),\n        data, IMPORT_FROM_SHEET(SheetsFileId_Accounting_Chalebagh, sheetName, dataRange),\n        filteredData, FILTER(data, INDEX(data,,2) = monthName, INDEX(data,,3) = year),\n        INDEX(filteredData,,4)\n      )\n    ),\n  result\n)	1		
تعداد فیش هرشب	B382		LET(\n  inputDate, AN,\n  sheetName, "اهداف فروش",\n  dataRange, "A:G",\n  result,\n    IF(\n      ISBLANK(inputDate),\n      "",\n      LET(\n        date, GREG_TO_JALALI(inputDate),\n        monthName, GET_JALALI_MONTH_NAME(date),\n        year, GET_JALALI_YEAR(date),\n        data, IMPORT_FROM_SHEET(SheetsFileId_Accounting_Chalebagh, sheetName, dataRange),\n        filteredData, FILTER(data, INDEX(data,,2) = monthName, INDEX(data,,3) = year),\n        INDEX(filteredData,,4)\n      )\n    ),\n  result\n)	1		
تعداد فیش هرشب	B383		LET(\n  inputDate, AN,\n  sheetName, "اهداف فروش",\n  dataRange, "A:G",\n  result,\n    IF(\n      ISBLANK(inputDate),\n      "",\n      LET(\n        date, GREG_TO_JALALI(inputDate),\n        monthName, GET_JALALI_MONTH_NAME(date),\n        year, GET_JALALI_YEAR(date),\n        data, IMPORT_FROM_SHEET(SheetsFileId_Accounting_Chalebagh, sheetName, dataRange),\n        filteredData, FILTER(data, INDEX(data,,2) = monthName, INDEX(data,,3) = year),\n        INDEX(filteredData,,4)\n      )\n    ),\n  result\n)	1		
تعداد فیش هرشب	B384		LET(\n  inputDate, AN,\n  sheetName, "اهداف فروش",\n  dataRange, "A:G",\n  result,\n    IF(\n      ISBLANK(inputDate),\n      "",\n      LET(\n        date, GREG_TO_JALALI(inputDate),\n        monthName, GET_JALALI_MONTH_NAME(date),\n        year, GET_JALALI_YEAR(date),\n        data, IMPORT_FROM_SHEET(SheetsFileId_Accounting_Chalebagh, sheetName, dataRange),\n        filteredData, FILTER(data, INDEX(data,,2) = monthName, INDEX(data,,3) = year),\n        INDEX(filteredData,,4)\n      )\n    ),\n  result\n)	1		
تعداد فیش هرشب	B385		LET(\n  inputDate, AN,\n  sheetName, "اهداف فروش",\n  dataRange, "A:G",\n  result,\n    IF(\n      ISBLANK(inputDate),\n      "",\n      LET(\n        date, GREG_TO_JALALI(inputDate),\n        monthName, GET_JALALI_MONTH_NAME(date),\n        year, GET_JALALI_YEAR(date),\n        data, IMPORT_FROM_SHEET(SheetsFileId_Accounting_Chalebagh, sheetName, dataRange),\n        filteredData, FILTER(data, INDEX(data,,2) = monthName, INDEX(data,,3) = year),\n        INDEX(filteredData,,4)\n      )\n    ),\n  result\n)	1		
تعداد فیش هرشب	B386		LET(\n  inputDate, AN,\n  sheetName, "اهداف فروش",\n  dataRange, "A:G",\n  result,\n    IF(\n      ISBLANK(inputDate),\n      "",\n      LET(\n        date, GREG_TO_JALALI(inputDate),\n        monthName, GET_JALALI_MONTH_NAME(date),\n        year, GET_JALALI_YEAR(date),\n        data, IMPORT_FROM_SHEET(SheetsFileId_Accounting_Chalebagh, sheetName, dataRange),\n        filteredData, FILTER(data, INDEX(data,,2) = monthName, INDEX(data,,3) = year),\n        INDEX(filteredData,,4)\n      )\n    ),\n  result\n)	1		
تعداد فیش هرشب	B387		LET(\n  inputDate, AN,\n  sheetName, "اهداف فروش",\n  dataRange, "A:G",\n  result,\n    IF(\n      ISBLANK(inputDate),\n      "",\n      LET(\n        date, GREG_TO_JALALI(inputDate),\n        monthName, GET_JALALI_MONTH_NAME(date),\n        year, GET_JALALI_YEAR(date),\n        data, IMPORT_FROM_SHEET(SheetsFileId_Accounting_Chalebagh, sheetName, dataRange),\n        filteredData, FILTER(data, INDEX(data,,2) = monthName, INDEX(data,,3) = year),\n        INDEX(filteredData,,4)\n      )\n    ),\n  result\n)	1		
تعداد فیش هرشب	B388		LET(\n  inputDate, AN,\n  sheetName, "اهداف فروش",\n  dataRange, "A:G",\n  result,\n    IF(\n      ISBLANK(inputDate),\n      "",\n      LET(\n        date, GREG_TO_JALALI(inputDate),\n        monthName, GET_JALALI_MONTH_NAME(date),\n        year, GET_JALALI_YEAR(date),\n        data, IMPORT_FROM_SHEET(SheetsFileId_Accounting_Chalebagh, sheetName, dataRange),\n        filteredData, FILTER(data, INDEX(data,,2) = monthName, INDEX(data,,3) = year),\n        INDEX(filteredData,,4)\n      )\n    ),\n  result\n)	1		
تعداد فیش هرشب	B389		LET(\n  inputDate, AN,\n  sheetName, "اهداف فروش",\n  dataRange, "A:G",\n  result,\n    IF(\n      ISBLANK(inputDate),\n      "",\n      LET(\n        date, GREG_TO_JALALI(inputDate),\n        monthName, GET_JALALI_MONTH_NAME(date),\n        year, GET_JALALI_YEAR(date),\n        data, IMPORT_FROM_SHEET(SheetsFileId_Accounting_Chalebagh, sheetName, dataRange),\n        filteredData, FILTER(data, INDEX(data,,2) = monthName, INDEX(data,,3) = year),\n        INDEX(filteredData,,4)\n      )\n    ),\n  result\n)	1		
تعداد فیش هرشب	B390		LET(\n  inputDate, AN,\n  sheetName, "اهداف فروش",\n  dataRange, "A:G",\n  result,\n    IF(\n      ISBLANK(inputDate),\n      "",\n      LET(\n        date, GREG_TO_JALALI(inputDate),\n        monthName, GET_JALALI_MONTH_NAME(date),\n        year, GET_JALALI_YEAR(date),\n        data, IMPORT_FROM_SHEET(SheetsFileId_Accounting_Chalebagh, sheetName, dataRange),\n        filteredData, FILTER(data, INDEX(data,,2) = monthName, INDEX(data,,3) = year),\n        INDEX(filteredData,,4)\n      )\n    ),\n  result\n)	1		
تعداد فیش هرشب	B391		LET(\n  inputDate, AN,\n  sheetName, "اهداف فروش",\n  dataRange, "A:G",\n  result,\n    IF(\n      ISBLANK(inputDate),\n      "",\n      LET(\n        date, GREG_TO_JALALI(inputDate),\n        monthName, GET_JALALI_MONTH_NAME(date),\n        year, GET_JALALI_YEAR(date),\n        data, IMPORT_FROM_SHEET(SheetsFileId_Accounting_Chalebagh, sheetName, dataRange),\n        filteredData, FILTER(data, INDEX(data,,2) = monthName, INDEX(data,,3) = year),\n        INDEX(filteredData,,4)\n      )\n    ),\n  result\n)	1		
تعداد فیش هرشب	B392		LET(\n  inputDate, AN,\n  sheetName, "اهداف فروش",\n  dataRange, "A:G",\n  result,\n    IF(\n      ISBLANK(inputDate),\n      "",\n      LET(\n        date, GREG_TO_JALALI(inputDate),\n        monthName, GET_JALALI_MONTH_NAME(date),\n        year, GET_JALALI_YEAR(date),\n        data, IMPORT_FROM_SHEET(SheetsFileId_Accounting_Chalebagh, sheetName, dataRange),\n        filteredData, FILTER(data, INDEX(data,,2) = monthName, INDEX(data,,3) = year),\n        INDEX(filteredData,,4)\n      )\n    ),\n  result\n)	1		
تعداد فیش هرشب	B393		LET(\n  inputDate, AN,\n  sheetName, "اهداف فروش",\n  dataRange, "A:G",\n  result,\n    IF(\n      ISBLANK(inputDate),\n      "",\n      LET(\n        date, GREG_TO_JALALI(inputDate),\n        monthName, GET_JALALI_MONTH_NAME(date),\n        year, GET_JALALI_YEAR(date),\n        data, IMPORT_FROM_SHEET(SheetsFileId_Accounting_Chalebagh, sheetName, dataRange),\n        filteredData, FILTER(data, INDEX(data,,2) = monthName, INDEX(data,,3) = year),\n        INDEX(filteredData,,4)\n      )\n    ),\n  result\n)	1		
تعداد فیش هرشب	B394		LET(\n  inputDate, AN,\n  sheetName, "اهداف فروش",\n  dataRange, "A:G",\n  result,\n    IF(\n      ISBLANK(inputDate),\n      "",\n      LET(\n        date, GREG_TO_JALALI(inputDate),\n        monthName, GET_JALALI_MONTH_NAME(date),\n        year, GET_JALALI_YEAR(date),\n        data, IMPORT_FROM_SHEET(SheetsFileId_Accounting_Chalebagh, sheetName, dataRange),\n        filteredData, FILTER(data, INDEX(data,,2) = monthName, INDEX(data,,3) = year),\n        INDEX(filteredData,,4)\n      )\n    ),\n  result\n)	1		
تعداد فیش هرشب	B395		LET(\n  inputDate, AN,\n  sheetName, "اهداف فروش",\n  dataRange, "A:G",\n  result,\n    IF(\n      ISBLANK(inputDate),\n      "",\n      LET(\n        date, GREG_TO_JALALI(inputDate),\n        monthName, GET_JALALI_MONTH_NAME(date),\n        year, GET_JALALI_YEAR(date),\n        data, IMPORT_FROM_SHEET(SheetsFileId_Accounting_Chalebagh, sheetName, dataRange),\n        filteredData, FILTER(data, INDEX(data,,2) = monthName, INDEX(data,,3) = year),\n        INDEX(filteredData,,4)\n      )\n    ),\n  result\n)	1		
تعداد فیش هرشب	B396		LET(\n  inputDate, AN,\n  sheetName, "اهداف فروش",\n  dataRange, "A:G",\n  result,\n    IF(\n      ISBLANK(inputDate),\n      "",\n      LET(\n        date, GREG_TO_JALALI(inputDate),\n        monthName, GET_JALALI_MONTH_NAME(date),\n        year, GET_JALALI_YEAR(date),\n        data, IMPORT_FROM_SHEET(SheetsFileId_Accounting_Chalebagh, sheetName, dataRange),\n        filteredData, FILTER(data, INDEX(data,,2) = monthName, INDEX(data,,3) = year),\n        INDEX(filteredData,,4)\n      )\n    ),\n  result\n)	1		
تعداد فیش هرشب	B397		LET(\n  inputDate, AN,\n  sheetName, "اهداف فروش",\n  dataRange, "A:G",\n  result,\n    IF(\n      ISBLANK(inputDate),\n      "",\n      LET(\n        date, GREG_TO_JALALI(inputDate),\n        monthName, GET_JALALI_MONTH_NAME(date),\n        year, GET_JALALI_YEAR(date),\n        data, IMPORT_FROM_SHEET(SheetsFileId_Accounting_Chalebagh, sheetName, dataRange),\n        filteredData, FILTER(data, INDEX(data,,2) = monthName, INDEX(data,,3) = year),\n        INDEX(filteredData,,4)\n      )\n    ),\n  result\n)	1		
تعداد فیش هرشب	B398		LET(\n  inputDate, AN,\n  sheetName, "اهداف فروش",\n  dataRange, "A:G",\n  result,\n    IF(\n      ISBLANK(inputDate),\n      "",\n      LET(\n        date, GREG_TO_JALALI(inputDate),\n        monthName, GET_JALALI_MONTH_NAME(date),\n        year, GET_JALALI_YEAR(date),\n        data, IMPORT_FROM_SHEET(SheetsFileId_Accounting_Chalebagh, sheetName, dataRange),\n        filteredData, FILTER(data, INDEX(data,,2) = monthName, INDEX(data,,3) = year),\n        INDEX(filteredData,,4)\n      )\n    ),\n  result\n)	1		
تعداد فیش هرشب	B399		LET(\n  inputDate, AN,\n  sheetName, "اهداف فروش",\n  dataRange, "A:G",\n  result,\n    IF(\n      ISBLANK(inputDate),\n      "",\n      LET(\n        date, GREG_TO_JALALI(inputDate),\n        monthName, GET_JALALI_MONTH_NAME(date),\n        year, GET_JALALI_YEAR(date),\n        data, IMPORT_FROM_SHEET(SheetsFileId_Accounting_Chalebagh, sheetName, dataRange),\n        filteredData, FILTER(data, INDEX(data,,2) = monthName, INDEX(data,,3) = year),\n        INDEX(filteredData,,4)\n      )\n    ),\n  result\n)	1		
تعداد فیش هرشب	B400		LET(\n  inputDate, AN,\n  sheetName, "اهداف فروش",\n  dataRange, "A:G",\n  result,\n    IF(\n      ISBLANK(inputDate),\n      "",\n      LET(\n        date, GREG_TO_JALALI(inputDate),\n        monthName, GET_JALALI_MONTH_NAME(date),\n        year, GET_JALALI_YEAR(date),\n        data, IMPORT_FROM_SHEET(SheetsFileId_Accounting_Chalebagh, sheetName, dataRange),\n        filteredData, FILTER(data, INDEX(data,,2) = monthName, INDEX(data,,3) = year),\n        INDEX(filteredData,,4)\n      )\n    ),\n  result\n)	1		
تعداد فیش هرشب	B401		LET(\n  inputDate, AN,\n  sheetName, "اهداف فروش",\n  dataRange, "A:G",\n  result,\n    IF(\n      ISBLANK(inputDate),\n      "",\n      LET(\n        date, GREG_TO_JALALI(inputDate),\n        monthName, GET_JALALI_MONTH_NAME(date),\n        year, GET_JALALI_YEAR(date),\n        data, IMPORT_FROM_SHEET(SheetsFileId_Accounting_Chalebagh, sheetName, dataRange),\n        filteredData, FILTER(data, INDEX(data,,2) = monthName, INDEX(data,,3) = year),\n        INDEX(filteredData,,4)\n      )\n    ),\n  result\n)	1		
تعداد فیش هرشب	B402		LET(\n  inputDate, AN,\n  sheetName, "اهداف فروش",\n  dataRange, "A:G",\n  result,\n    IF(\n      ISBLANK(inputDate),\n      "",\n      LET(\n        date, GREG_TO_JALALI(inputDate),\n        monthName, GET_JALALI_MONTH_NAME(date),\n        year, GET_JALALI_YEAR(date),\n        data, IMPORT_FROM_SHEET(SheetsFileId_Accounting_Chalebagh, sheetName, dataRange),\n        filteredData, FILTER(data, INDEX(data,,2) = monthName, INDEX(data,,3) = year),\n        INDEX(filteredData,,4)\n      )\n    ),\n  result\n)	1		
تعداد فیش هرشب	B403		LET(\n  inputDate, AN,\n  sheetName, "اهداف فروش",\n  dataRange, "A:G",\n  result,\n    IF(\n      ISBLANK(inputDate),\n      "",\n      LET(\n        date, GREG_TO_JALALI(inputDate),\n        monthName, GET_JALALI_MONTH_NAME(date),\n        year, GET_JALALI_YEAR(date),\n        data, IMPORT_FROM_SHEET(SheetsFileId_Accounting_Chalebagh, sheetName, dataRange),\n        filteredData, FILTER(data, INDEX(data,,2) = monthName, INDEX(data,,3) = year),\n        INDEX(filteredData,,4)\n      )\n    ),\n  result\n)	1		
تعداد فیش هرشب	B404		LET(\n  inputDate, AN,\n  sheetName, "اهداف فروش",\n  dataRange, "A:G",\n  result,\n    IF(\n      ISBLANK(inputDate),\n      "",\n      LET(\n        date, GREG_TO_JALALI(inputDate),\n        monthName, GET_JALALI_MONTH_NAME(date),\n        year, GET_JALALI_YEAR(date),\n        data, IMPORT_FROM_SHEET(SheetsFileId_Accounting_Chalebagh, sheetName, dataRange),\n        filteredData, FILTER(data, INDEX(data,,2) = monthName, INDEX(data,,3) = year),\n        INDEX(filteredData,,4)\n      )\n    ),\n  result\n)	1		
تعداد فیش هرشب	B405		LET(\n  inputDate, AN,\n  sheetName, "اهداف فروش",\n  dataRange, "A:G",\n  result,\n    IF(\n      ISBLANK(inputDate),\n      "",\n      LET(\n        date, GREG_TO_JALALI(inputDate),\n        monthName, GET_JALALI_MONTH_NAME(date),\n        year, GET_JALALI_YEAR(date),\n        data, IMPORT_FROM_SHEET(SheetsFileId_Accounting_Chalebagh, sheetName, dataRange),\n        filteredData, FILTER(data, INDEX(data,,2) = monthName, INDEX(data,,3) = year),\n        INDEX(filteredData,,4)\n      )\n    ),\n  result\n)	1		
تعداد فیش هرشب	B406		LET(\n  inputDate, AN,\n  sheetName, "اهداف فروش",\n  dataRange, "A:G",\n  result,\n    IF(\n      ISBLANK(inputDate),\n      "",\n      LET(\n        date, GREG_TO_JALALI(inputDate),\n        monthName, GET_JALALI_MONTH_NAME(date),\n        year, GET_JALALI_YEAR(date),\n        data, IMPORT_FROM_SHEET(SheetsFileId_Accounting_Chalebagh, sheetName, dataRange),\n        filteredData, FILTER(data, INDEX(data,,2) = monthName, INDEX(data,,3) = year),\n        INDEX(filteredData,,4)\n      )\n    ),\n  result\n)	1		
تعداد فیش هرشب	B407		LET(\n  inputDate, AN,\n  sheetName, "اهداف فروش",\n  dataRange, "A:G",\n  result,\n    IF(\n      ISBLANK(inputDate),\n      "",\n      LET(\n        date, GREG_TO_JALALI(inputDate),\n        monthName, GET_JALALI_MONTH_NAME(date),\n        year, GET_JALALI_YEAR(date),\n        data, IMPORT_FROM_SHEET(SheetsFileId_Accounting_Chalebagh, sheetName, dataRange),\n        filteredData, FILTER(data, INDEX(data,,2) = monthName, INDEX(data,,3) = year),\n        INDEX(filteredData,,4)\n      )\n    ),\n  result\n)	1		
تعداد فیش هرشب	B408		LET(\n  inputDate, AN,\n  sheetName, "اهداف فروش",\n  dataRange, "A:G",\n  result,\n    IF(\n      ISBLANK(inputDate),\n      "",\n      LET(\n        date, GREG_TO_JALALI(inputDate),\n        monthName, GET_JALALI_MONTH_NAME(date),\n        year, GET_JALALI_YEAR(date),\n        data, IMPORT_FROM_SHEET(SheetsFileId_Accounting_Chalebagh, sheetName, dataRange),\n        filteredData, FILTER(data, INDEX(data,,2) = monthName, INDEX(data,,3) = year),\n        INDEX(filteredData,,4)\n      )\n    ),\n  result\n)	1		
تعداد فیش هرشب	B409		LET(\n  inputDate, AN,\n  sheetName, "اهداف فروش",\n  dataRange, "A:G",\n  result,\n    IF(\n      ISBLANK(inputDate),\n      "",\n      LET(\n        date, GREG_TO_JALALI(inputDate),\n        monthName, GET_JALALI_MONTH_NAME(date),\n        year, GET_JALALI_YEAR(date),\n        data, IMPORT_FROM_SHEET(SheetsFileId_Accounting_Chalebagh, sheetName, dataRange),\n        filteredData, FILTER(data, INDEX(data,,2) = monthName, INDEX(data,,3) = year),\n        INDEX(filteredData,,4)\n      )\n    ),\n  result\n)	1		
تعداد فیش هرشب	B410		LET(\n  inputDate, AN,\n  sheetName, "اهداف فروش",\n  dataRange, "A:G",\n  result,\n    IF(\n      ISBLANK(inputDate),\n      "",\n      LET(\n        date, GREG_TO_JALALI(inputDate),\n        monthName, GET_JALALI_MONTH_NAME(date),\n        year, GET_JALALI_YEAR(date),\n        data, IMPORT_FROM_SHEET(SheetsFileId_Accounting_Chalebagh, sheetName, dataRange),\n        filteredData, FILTER(data, INDEX(data,,2) = monthName, INDEX(data,,3) = year),\n        INDEX(filteredData,,4)\n      )\n    ),\n  result\n)	1		
تعداد فیش هرشب	B411		LET(\n  inputDate, AN,\n  sheetName, "اهداف فروش",\n  dataRange, "A:G",\n  result,\n    IF(\n      ISBLANK(inputDate),\n      "",\n      LET(\n        date, GREG_TO_JALALI(inputDate),\n        monthName, GET_JALALI_MONTH_NAME(date),\n        year, GET_JALALI_YEAR(date),\n        data, IMPORT_FROM_SHEET(SheetsFileId_Accounting_Chalebagh, sheetName, dataRange),\n        filteredData, FILTER(data, INDEX(data,,2) = monthName, INDEX(data,,3) = year),\n        INDEX(filteredData,,4)\n      )\n    ),\n  result\n)	1		
تعداد فیش هرشب	B412		LET(\n  inputDate, AN,\n  sheetName, "اهداف فروش",\n  dataRange, "A:G",\n  result,\n    IF(\n      ISBLANK(inputDate),\n      "",\n      LET(\n        date, GREG_TO_JALALI(inputDate),\n        monthName, GET_JALALI_MONTH_NAME(date),\n        year, GET_JALALI_YEAR(date),\n        data, IMPORT_FROM_SHEET(SheetsFileId_Accounting_Chalebagh, sheetName, dataRange),\n        filteredData, FILTER(data, INDEX(data,,2) = monthName, INDEX(data,,3) = year),\n        INDEX(filteredData,,4)\n      )\n    ),\n  result\n)	1		
تعداد فیش هرشب	B413		LET(\n  inputDate, AN,\n  sheetName, "اهداف فروش",\n  dataRange, "A:G",\n  result,\n    IF(\n      ISBLANK(inputDate),\n      "",\n      LET(\n        date, GREG_TO_JALALI(inputDate),\n        monthName, GET_JALALI_MONTH_NAME(date),\n        year, GET_JALALI_YEAR(date),\n        data, IMPORT_FROM_SHEET(SheetsFileId_Accounting_Chalebagh, sheetName, dataRange),\n        filteredData, FILTER(data, INDEX(data,,2) = monthName, INDEX(data,,3) = year),\n        INDEX(filteredData,,4)\n      )\n    ),\n  result\n)	1		
تعداد فیش هرشب	B414		LET(\n  inputDate, AN,\n  sheetName, "اهداف فروش",\n  dataRange, "A:G",\n  result,\n    IF(\n      ISBLANK(inputDate),\n      "",\n      LET(\n        date, GREG_TO_JALALI(inputDate),\n        monthName, GET_JALALI_MONTH_NAME(date),\n        year, GET_JALALI_YEAR(date),\n        data, IMPORT_FROM_SHEET(SheetsFileId_Accounting_Chalebagh, sheetName, dataRange),\n        filteredData, FILTER(data, INDEX(data,,2) = monthName, INDEX(data,,3) = year),\n        INDEX(filteredData,,4)\n      )\n    ),\n  result\n)	1		
تعداد فیش هرشب	B415		LET(\n  inputDate, AN,\n  sheetName, "اهداف فروش",\n  dataRange, "A:G",\n  result,\n    IF(\n      ISBLANK(inputDate),\n      "",\n      LET(\n        date, GREG_TO_JALALI(inputDate),\n        monthName, GET_JALALI_MONTH_NAME(date),\n        year, GET_JALALI_YEAR(date),\n        data, IMPORT_FROM_SHEET(SheetsFileId_Accounting_Chalebagh, sheetName, dataRange),\n        filteredData, FILTER(data, INDEX(data,,2) = monthName, INDEX(data,,3) = year),\n        INDEX(filteredData,,4)\n      )\n    ),\n  result\n)	1		
تعداد فیش هرشب	B416		LET(\n  inputDate, AN,\n  sheetName, "اهداف فروش",\n  dataRange, "A:G",\n  result,\n    IF(\n      ISBLANK(inputDate),\n      "",\n      LET(\n        date, GREG_TO_JALALI(inputDate),\n        monthName, GET_JALALI_MONTH_NAME(date),\n        year, GET_JALALI_YEAR(date),\n        data, IMPORT_FROM_SHEET(SheetsFileId_Accounting_Chalebagh, sheetName, dataRange),\n        filteredData, FILTER(data, INDEX(data,,2) = monthName, INDEX(data,,3) = year),\n        INDEX(filteredData,,4)\n      )\n    ),\n  result\n)	1		
تعداد فیش هرشب	B417		LET(\n  inputDate, AN,\n  sheetName, "اهداف فروش",\n  dataRange, "A:G",\n  result,\n    IF(\n      ISBLANK(inputDate),\n      "",\n      LET(\n        date, GREG_TO_JALALI(inputDate),\n        monthName, GET_JALALI_MONTH_NAME(date),\n        year, GET_JALALI_YEAR(date),\n        data, IMPORT_FROM_SHEET(SheetsFileId_Accounting_Chalebagh, sheetName, dataRange),\n        filteredData, FILTER(data, INDEX(data,,2) = monthName, INDEX(data,,3) = year),\n        INDEX(filteredData,,4)\n      )\n    ),\n  result\n)	1		
تعداد فیش هرشب	B418		LET(\n  inputDate, AN,\n  sheetName, "اهداف فروش",\n  dataRange, "A:G",\n  result,\n    IF(\n      ISBLANK(inputDate),\n      "",\n      LET(\n        date, GREG_TO_JALALI(inputDate),\n        monthName, GET_JALALI_MONTH_NAME(date),\n        year, GET_JALALI_YEAR(date),\n        data, IMPORT_FROM_SHEET(SheetsFileId_Accounting_Chalebagh, sheetName, dataRange),\n        filteredData, FILTER(data, INDEX(data,,2) = monthName, INDEX(data,,3) = year),\n        INDEX(filteredData,,4)\n      )\n    ),\n  result\n)	1		
تعداد فیش هرشب	B419		LET(\n  inputDate, AN,\n  sheetName, "اهداف فروش",\n  dataRange, "A:G",\n  result,\n    IF(\n      ISBLANK(inputDate),\n      "",\n      LET(\n        date, GREG_TO_JALALI(inputDate),\n        monthName, GET_JALALI_MONTH_NAME(date),\n        year, GET_JALALI_YEAR(date),\n        data, IMPORT_FROM_SHEET(SheetsFileId_Accounting_Chalebagh, sheetName, dataRange),\n        filteredData, FILTER(data, INDEX(data,,2) = monthName, INDEX(data,,3) = year),\n        INDEX(filteredData,,4)\n      )\n    ),\n  result\n)	1		
تعداد فیش هرشب	B420		LET(\n  inputDate, AN,\n  sheetName, "اهداف فروش",\n  dataRange, "A:G",\n  result,\n    IF(\n      ISBLANK(inputDate),\n      "",\n      LET(\n        date, GREG_TO_JALALI(inputDate),\n        monthName, GET_JALALI_MONTH_NAME(date),\n        year, GET_JALALI_YEAR(date),\n        data, IMPORT_FROM_SHEET(SheetsFileId_Accounting_Chalebagh, sheetName, dataRange),\n        filteredData, FILTER(data, INDEX(data,,2) = monthName, INDEX(data,,3) = year),\n        INDEX(filteredData,,4)\n      )\n    ),\n  result\n)	1		
تعداد فیش هرشب	B421		LET(\n  inputDate, AN,\n  sheetName, "اهداف فروش",\n  dataRange, "A:G",\n  result,\n    IF(\n      ISBLANK(inputDate),\n      "",\n      LET(\n        date, GREG_TO_JALALI(inputDate),\n        monthName, GET_JALALI_MONTH_NAME(date),\n        year, GET_JALALI_YEAR(date),\n        data, IMPORT_FROM_SHEET(SheetsFileId_Accounting_Chalebagh, sheetName, dataRange),\n        filteredData, FILTER(data, INDEX(data,,2) = monthName, INDEX(data,,3) = year),\n        INDEX(filteredData,,4)\n      )\n    ),\n  result\n)	1		
تعداد فیش هرشب	B422		LET(\n  inputDate, AN,\n  sheetName, "اهداف فروش",\n  dataRange, "A:G",\n  result,\n    IF(\n      ISBLANK(inputDate),\n      "",\n      LET(\n        date, GREG_TO_JALALI(inputDate),\n        monthName, GET_JALALI_MONTH_NAME(date),\n        year, GET_JALALI_YEAR(date),\n        data, IMPORT_FROM_SHEET(SheetsFileId_Accounting_Chalebagh, sheetName, dataRange),\n        filteredData, FILTER(data, INDEX(data,,2) = monthName, INDEX(data,,3) = year),\n        INDEX(filteredData,,4)\n      )\n    ),\n  result\n)	1		
تعداد فیش هرشب	B423		LET(\n  inputDate, AN,\n  sheetName, "اهداف فروش",\n  dataRange, "A:G",\n  result,\n    IF(\n      ISBLANK(inputDate),\n      "",\n      LET(\n        date, GREG_TO_JALALI(inputDate),\n        monthName, GET_JALALI_MONTH_NAME(date),\n        year, GET_JALALI_YEAR(date),\n        data, IMPORT_FROM_SHEET(SheetsFileId_Accounting_Chalebagh, sheetName, dataRange),\n        filteredData, FILTER(data, INDEX(data,,2) = monthName, INDEX(data,,3) = year),\n        INDEX(filteredData,,4)\n      )\n    ),\n  result\n)	1		
تعداد فیش هرشب	B424		LET(\n  inputDate, AN,\n  sheetName, "اهداف فروش",\n  dataRange, "A:G",\n  result,\n    IF(\n      ISBLANK(inputDate),\n      "",\n      LET(\n        date, GREG_TO_JALALI(inputDate),\n        monthName, GET_JALALI_MONTH_NAME(date),\n        year, GET_JALALI_YEAR(date),\n        data, IMPORT_FROM_SHEET(SheetsFileId_Accounting_Chalebagh, sheetName, dataRange),\n        filteredData, FILTER(data, INDEX(data,,2) = monthName, INDEX(data,,3) = year),\n        INDEX(filteredData,,4)\n      )\n    ),\n  result\n)	1		
تعداد فیش هرشب	B425		LET(\n  inputDate, AN,\n  sheetName, "اهداف فروش",\n  dataRange, "A:G",\n  result,\n    IF(\n      ISBLANK(inputDate),\n      "",\n      LET(\n        date, GREG_TO_JALALI(inputDate),\n        monthName, GET_JALALI_MONTH_NAME(date),\n        year, GET_JALALI_YEAR(date),\n        data, IMPORT_FROM_SHEET(SheetsFileId_Accounting_Chalebagh, sheetName, dataRange),\n        filteredData, FILTER(data, INDEX(data,,2) = monthName, INDEX(data,,3) = year),\n        INDEX(filteredData,,4)\n      )\n    ),\n  result\n)	1		
تعداد فیش هرشب	B426		LET(\n  inputDate, AN,\n  sheetName, "اهداف فروش",\n  dataRange, "A:G",\n  result,\n    IF(\n      ISBLANK(inputDate),\n      "",\n      LET(\n        date, GREG_TO_JALALI(inputDate),\n        monthName, GET_JALALI_MONTH_NAME(date),\n        year, GET_JALALI_YEAR(date),\n        data, IMPORT_FROM_SHEET(SheetsFileId_Accounting_Chalebagh, sheetName, dataRange),\n        filteredData, FILTER(data, INDEX(data,,2) = monthName, INDEX(data,,3) = year),\n        INDEX(filteredData,,4)\n      )\n    ),\n  result\n)	1		
تعداد فیش هرشب	B427		LET(\n  inputDate, AN,\n  sheetName, "اهداف فروش",\n  dataRange, "A:G",\n  result,\n    IF(\n      ISBLANK(inputDate),\n      "",\n      LET(\n        date, GREG_TO_JALALI(inputDate),\n        monthName, GET_JALALI_MONTH_NAME(date),\n        year, GET_JALALI_YEAR(date),\n        data, IMPORT_FROM_SHEET(SheetsFileId_Accounting_Chalebagh, sheetName, dataRange),\n        filteredData, FILTER(data, INDEX(data,,2) = monthName, INDEX(data,,3) = year),\n        INDEX(filteredData,,4)\n      )\n    ),\n  result\n)	1		
تعداد فیش هرشب	B428		LET(\n  inputDate, AN,\n  sheetName, "اهداف فروش",\n  dataRange, "A:G",\n  result,\n    IF(\n      ISBLANK(inputDate),\n      "",\n      LET(\n        date, GREG_TO_JALALI(inputDate),\n        monthName, GET_JALALI_MONTH_NAME(date),\n        year, GET_JALALI_YEAR(date),\n        data, IMPORT_FROM_SHEET(SheetsFileId_Accounting_Chalebagh, sheetName, dataRange),\n        filteredData, FILTER(data, INDEX(data,,2) = monthName, INDEX(data,,3) = year),\n        INDEX(filteredData,,4)\n      )\n    ),\n  result\n)	1		
تعداد فیش هرشب	B429		LET(\n  inputDate, AN,\n  sheetName, "اهداف فروش",\n  dataRange, "A:G",\n  result,\n    IF(\n      ISBLANK(inputDate),\n      "",\n      LET(\n        date, GREG_TO_JALALI(inputDate),\n        monthName, GET_JALALI_MONTH_NAME(date),\n        year, GET_JALALI_YEAR(date),\n        data, IMPORT_FROM_SHEET(SheetsFileId_Accounting_Chalebagh, sheetName, dataRange),\n        filteredData, FILTER(data, INDEX(data,,2) = monthName, INDEX(data,,3) = year),\n        INDEX(filteredData,,4)\n      )\n    ),\n  result\n)	1		
تعداد فیش هرشب	B430		LET(\n  inputDate, AN,\n  sheetName, "اهداف فروش",\n  dataRange, "A:G",\n  result,\n    IF(\n      ISBLANK(inputDate),\n      "",\n      LET(\n        date, GREG_TO_JALALI(inputDate),\n        monthName, GET_JALALI_MONTH_NAME(date),\n        year, GET_JALALI_YEAR(date),\n        data, IMPORT_FROM_SHEET(SheetsFileId_Accounting_Chalebagh, sheetName, dataRange),\n        filteredData, FILTER(data, INDEX(data,,2) = monthName, INDEX(data,,3) = year),\n        INDEX(filteredData,,4)\n      )\n    ),\n  result\n)	1		
تعداد فیش هرشب	B431		LET(\n  inputDate, AN,\n  sheetName, "اهداف فروش",\n  dataRange, "A:G",\n  result,\n    IF(\n      ISBLANK(inputDate),\n      "",\n      LET(\n        date, GREG_TO_JALALI(inputDate),\n        monthName, GET_JALALI_MONTH_NAME(date),\n        year, GET_JALALI_YEAR(date),\n        data, IMPORT_FROM_SHEET(SheetsFileId_Accounting_Chalebagh, sheetName, dataRange),\n        filteredData, FILTER(data, INDEX(data,,2) = monthName, INDEX(data,,3) = year),\n        INDEX(filteredData,,4)\n      )\n    ),\n  result\n)	1		
تعداد فیش هرشب	B432		LET(\n  inputDate, AN,\n  sheetName, "اهداف فروش",\n  dataRange, "A:G",\n  result,\n    IF(\n      ISBLANK(inputDate),\n      "",\n      LET(\n        date, GREG_TO_JALALI(inputDate),\n        monthName, GET_JALALI_MONTH_NAME(date),\n        year, GET_JALALI_YEAR(date),\n        data, IMPORT_FROM_SHEET(SheetsFileId_Accounting_Chalebagh, sheetName, dataRange),\n        filteredData, FILTER(data, INDEX(data,,2) = monthName, INDEX(data,,3) = year),\n        INDEX(filteredData,,4)\n      )\n    ),\n  result\n)	1		
تعداد فیش هرشب	B433		LET(\n  inputDate, AN,\n  sheetName, "اهداف فروش",\n  dataRange, "A:G",\n  result,\n    IF(\n      ISBLANK(inputDate),\n      "",\n      LET(\n        date, GREG_TO_JALALI(inputDate),\n        monthName, GET_JALALI_MONTH_NAME(date),\n        year, GET_JALALI_YEAR(date),\n        data, IMPORT_FROM_SHEET(SheetsFileId_Accounting_Chalebagh, sheetName, dataRange),\n        filteredData, FILTER(data, INDEX(data,,2) = monthName, INDEX(data,,3) = year),\n        INDEX(filteredData,,4)\n      )\n    ),\n  result\n)	1		
تعداد فیش هرشب	B434		LET(\n  inputDate, AN,\n  sheetName, "اهداف فروش",\n  dataRange, "A:G",\n  result,\n    IF(\n      ISBLANK(inputDate),\n      "",\n      LET(\n        date, GREG_TO_JALALI(inputDate),\n        monthName, GET_JALALI_MONTH_NAME(date),\n        year, GET_JALALI_YEAR(date),\n        data, IMPORT_FROM_SHEET(SheetsFileId_Accounting_Chalebagh, sheetName, dataRange),\n        filteredData, FILTER(data, INDEX(data,,2) = monthName, INDEX(data,,3) = year),\n        INDEX(filteredData,,4)\n      )\n    ),\n  result\n)	1		
تعداد فیش هرشب	B435		LET(\n  inputDate, AN,\n  sheetName, "اهداف فروش",\n  dataRange, "A:G",\n  result,\n    IF(\n      ISBLANK(inputDate),\n      "",\n      LET(\n        date, GREG_TO_JALALI(inputDate),\n        monthName, GET_JALALI_MONTH_NAME(date),\n        year, GET_JALALI_YEAR(date),\n        data, IMPORT_FROM_SHEET(SheetsFileId_Accounting_Chalebagh, sheetName, dataRange),\n        filteredData, FILTER(data, INDEX(data,,2) = monthName, INDEX(data,,3) = year),\n        INDEX(filteredData,,4)\n      )\n    ),\n  result\n)	1		
تعداد فیش هرشب	B436		LET(\n  inputDate, AN,\n  sheetName, "اهداف فروش",\n  dataRange, "A:G",\n  result,\n    IF(\n      ISBLANK(inputDate),\n      "",\n      LET(\n        date, GREG_TO_JALALI(inputDate),\n        monthName, GET_JALALI_MONTH_NAME(date),\n        year, GET_JALALI_YEAR(date),\n        data, IMPORT_FROM_SHEET(SheetsFileId_Accounting_Chalebagh, sheetName, dataRange),\n        filteredData, FILTER(data, INDEX(data,,2) = monthName, INDEX(data,,3) = year),\n        INDEX(filteredData,,4)\n      )\n    ),\n  result\n)	1		
تعداد فیش هرشب	B437		LET(\n  inputDate, AN,\n  sheetName, "اهداف فروش",\n  dataRange, "A:G",\n  result,\n    IF(\n      ISBLANK(inputDate),\n      "",\n      LET(\n        date, GREG_TO_JALALI(inputDate),\n        monthName, GET_JALALI_MONTH_NAME(date),\n        year, GET_JALALI_YEAR(date),\n        data, IMPORT_FROM_SHEET(SheetsFileId_Accounting_Chalebagh, sheetName, dataRange),\n        filteredData, FILTER(data, INDEX(data,,2) = monthName, INDEX(data,,3) = year),\n        INDEX(filteredData,,4)\n      )\n    ),\n  result\n)	1		
تعداد فیش هرشب	B438		LET(\n  inputDate, AN,\n  sheetName, "اهداف فروش",\n  dataRange, "A:G",\n  result,\n    IF(\n      ISBLANK(inputDate),\n      "",\n      LET(\n        date, GREG_TO_JALALI(inputDate),\n        monthName, GET_JALALI_MONTH_NAME(date),\n        year, GET_JALALI_YEAR(date),\n        data, IMPORT_FROM_SHEET(SheetsFileId_Accounting_Chalebagh, sheetName, dataRange),\n        filteredData, FILTER(data, INDEX(data,,2) = monthName, INDEX(data,,3) = year),\n        INDEX(filteredData,,4)\n      )\n    ),\n  result\n)	1		
تعداد فیش هرشب	B439		LET(\n  inputDate, AN,\n  sheetName, "اهداف فروش",\n  dataRange, "A:G",\n  result,\n    IF(\n      ISBLANK(inputDate),\n      "",\n      LET(\n        date, GREG_TO_JALALI(inputDate),\n        monthName, GET_JALALI_MONTH_NAME(date),\n        year, GET_JALALI_YEAR(date),\n        data, IMPORT_FROM_SHEET(SheetsFileId_Accounting_Chalebagh, sheetName, dataRange),\n        filteredData, FILTER(data, INDEX(data,,2) = monthName, INDEX(data,,3) = year),\n        INDEX(filteredData,,4)\n      )\n    ),\n  result\n)	1		
تعداد فیش هرشب	B440		LET(\n  inputDate, AN,\n  sheetName, "اهداف فروش",\n  dataRange, "A:G",\n  result,\n    IF(\n      ISBLANK(inputDate),\n      "",\n      LET(\n        date, GREG_TO_JALALI(inputDate),\n        monthName, GET_JALALI_MONTH_NAME(date),\n        year, GET_JALALI_YEAR(date),\n        data, IMPORT_FROM_SHEET(SheetsFileId_Accounting_Chalebagh, sheetName, dataRange),\n        filteredData, FILTER(data, INDEX(data,,2) = monthName, INDEX(data,,3) = year),\n        INDEX(filteredData,,4)\n      )\n    ),\n  result\n)	1		
تعداد فیش هرشب	B441		LET(\n  inputDate, AN,\n  sheetName, "اهداف فروش",\n  dataRange, "A:G",\n  result,\n    IF(\n      ISBLANK(inputDate),\n      "",\n      LET(\n        date, GREG_TO_JALALI(inputDate),\n        monthName, GET_JALALI_MONTH_NAME(date),\n        year, GET_JALALI_YEAR(date),\n        data, IMPORT_FROM_SHEET(SheetsFileId_Accounting_Chalebagh, sheetName, dataRange),\n        filteredData, FILTER(data, INDEX(data,,2) = monthName, INDEX(data,,3) = year),\n        INDEX(filteredData,,4)\n      )\n    ),\n  result\n)	1		
تعداد فیش هرشب	B442		LET(\n  inputDate, AN,\n  sheetName, "اهداف فروش",\n  dataRange, "A:G",\n  result,\n    IF(\n      ISBLANK(inputDate),\n      "",\n      LET(\n        date, GREG_TO_JALALI(inputDate),\n        monthName, GET_JALALI_MONTH_NAME(date),\n        year, GET_JALALI_YEAR(date),\n        data, IMPORT_FROM_SHEET(SheetsFileId_Accounting_Chalebagh, sheetName, dataRange),\n        filteredData, FILTER(data, INDEX(data,,2) = monthName, INDEX(data,,3) = year),\n        INDEX(filteredData,,4)\n      )\n    ),\n  result\n)	1		
تعداد فیش هرشب	B443		LET(\n  inputDate, AN,\n  sheetName, "اهداف فروش",\n  dataRange, "A:G",\n  result,\n    IF(\n      ISBLANK(inputDate),\n      "",\n      LET(\n        date, GREG_TO_JALALI(inputDate),\n        monthName, GET_JALALI_MONTH_NAME(date),\n        year, GET_JALALI_YEAR(date),\n        data, IMPORT_FROM_SHEET(SheetsFileId_Accounting_Chalebagh, sheetName, dataRange),\n        filteredData, FILTER(data, INDEX(data,,2) = monthName, INDEX(data,,3) = year),\n        INDEX(filteredData,,4)\n      )\n    ),\n  result\n)	1		
تعداد فیش هرشب	B444		LET(\n  inputDate, AN,\n  sheetName, "اهداف فروش",\n  dataRange, "A:G",\n  result,\n    IF(\n      ISBLANK(inputDate),\n      "",\n      LET(\n        date, GREG_TO_JALALI(inputDate),\n        monthName, GET_JALALI_MONTH_NAME(date),\n        year, GET_JALALI_YEAR(date),\n        data, IMPORT_FROM_SHEET(SheetsFileId_Accounting_Chalebagh, sheetName, dataRange),\n        filteredData, FILTER(data, INDEX(data,,2) = monthName, INDEX(data,,3) = year),\n        INDEX(filteredData,,4)\n      )\n    ),\n  result\n)	1		
تعداد فیش هرشب	B445		LET(\n  inputDate, AN,\n  sheetName, "اهداف فروش",\n  dataRange, "A:G",\n  result,\n    IF(\n      ISBLANK(inputDate),\n      "",\n      LET(\n        date, GREG_TO_JALALI(inputDate),\n        monthName, GET_JALALI_MONTH_NAME(date),\n        year, GET_JALALI_YEAR(date),\n        data, IMPORT_FROM_SHEET(SheetsFileId_Accounting_Chalebagh, sheetName, dataRange),\n        filteredData, FILTER(data, INDEX(data,,2) = monthName, INDEX(data,,3) = year),\n        INDEX(filteredData,,4)\n      )\n    ),\n  result\n)	1		
تعداد فیش هرشب	B446		LET(\n  inputDate, AN,\n  sheetName, "اهداف فروش",\n  dataRange, "A:G",\n  result,\n    IF(\n      ISBLANK(inputDate),\n      "",\n      LET(\n        date, GREG_TO_JALALI(inputDate),\n        monthName, GET_JALALI_MONTH_NAME(date),\n        year, GET_JALALI_YEAR(date),\n        data, IMPORT_FROM_SHEET(SheetsFileId_Accounting_Chalebagh, sheetName, dataRange),\n        filteredData, FILTER(data, INDEX(data,,2) = monthName, INDEX(data,,3) = year),\n        INDEX(filteredData,,4)\n      )\n    ),\n  result\n)	1		
تعداد فیش هرشب	B447		LET(\n  inputDate, AN,\n  sheetName, "اهداف فروش",\n  dataRange, "A:G",\n  result,\n    IF(\n      ISBLANK(inputDate),\n      "",\n      LET(\n        date, GREG_TO_JALALI(inputDate),\n        monthName, GET_JALALI_MONTH_NAME(date),\n        year, GET_JALALI_YEAR(date),\n        data, IMPORT_FROM_SHEET(SheetsFileId_Accounting_Chalebagh, sheetName, dataRange),\n        filteredData, FILTER(data, INDEX(data,,2) = monthName, INDEX(data,,3) = year),\n        INDEX(filteredData,,4)\n      )\n    ),\n  result\n)	1		
تعداد فیش هرشب	B448		LET(\n  inputDate, AN,\n  sheetName, "اهداف فروش",\n  dataRange, "A:G",\n  result,\n    IF(\n      ISBLANK(inputDate),\n      "",\n      LET(\n        date, GREG_TO_JALALI(inputDate),\n        monthName, GET_JALALI_MONTH_NAME(date),\n        year, GET_JALALI_YEAR(date),\n        data, IMPORT_FROM_SHEET(SheetsFileId_Accounting_Chalebagh, sheetName, dataRange),\n        filteredData, FILTER(data, INDEX(data,,2) = monthName, INDEX(data,,3) = year),\n        INDEX(filteredData,,4)\n      )\n    ),\n  result\n)	1		
تعداد فیش هرشب	B449		LET(\n  inputDate, AN,\n  sheetName, "اهداف فروش",\n  dataRange, "A:G",\n  result,\n    IF(\n      ISBLANK(inputDate),\n      "",\n      LET(\n        date, GREG_TO_JALALI(inputDate),\n        monthName, GET_JALALI_MONTH_NAME(date),\n        year, GET_JALALI_YEAR(date),\n        data, IMPORT_FROM_SHEET(SheetsFileId_Accounting_Chalebagh, sheetName, dataRange),\n        filteredData, FILTER(data, INDEX(data,,2) = monthName, INDEX(data,,3) = year),\n        INDEX(filteredData,,4)\n      )\n    ),\n  result\n)	1		
تعداد فیش هرشب	B450		LET(\n  inputDate, AN,\n  sheetName, "اهداف فروش",\n  dataRange, "A:G",\n  result,\n    IF(\n      ISBLANK(inputDate),\n      "",\n      LET(\n        date, GREG_TO_JALALI(inputDate),\n        monthName, GET_JALALI_MONTH_NAME(date),\n        year, GET_JALALI_YEAR(date),\n        data, IMPORT_FROM_SHEET(SheetsFileId_Accounting_Chalebagh, sheetName, dataRange),\n        filteredData, FILTER(data, INDEX(data,,2) = monthName, INDEX(data,,3) = year),\n        INDEX(filteredData,,4)\n      )\n    ),\n  result\n)	1		
تعداد فیش هرشب	B451		LET(\n  inputDate, AN,\n  sheetName, "اهداف فروش",\n  dataRange, "A:G",\n  result,\n    IF(\n      ISBLANK(inputDate),\n      "",\n      LET(\n        date, GREG_TO_JALALI(inputDate),\n        monthName, GET_JALALI_MONTH_NAME(date),\n        year, GET_JALALI_YEAR(date),\n        data, IMPORT_FROM_SHEET(SheetsFileId_Accounting_Chalebagh, sheetName, dataRange),\n        filteredData, FILTER(data, INDEX(data,,2) = monthName, INDEX(data,,3) = year),\n        INDEX(filteredData,,4)\n      )\n    ),\n  result\n)	1		
تعداد فیش هرشب	B452		LET(\n  inputDate, AN,\n  sheetName, "اهداف فروش",\n  dataRange, "A:G",\n  result,\n    IF(\n      ISBLANK(inputDate),\n      "",\n      LET(\n        date, GREG_TO_JALALI(inputDate),\n        monthName, GET_JALALI_MONTH_NAME(date),\n        year, GET_JALALI_YEAR(date),\n        data, IMPORT_FROM_SHEET(SheetsFileId_Accounting_Chalebagh, sheetName, dataRange),\n        filteredData, FILTER(data, INDEX(data,,2) = monthName, INDEX(data,,3) = year),\n        INDEX(filteredData,,4)\n      )\n    ),\n  result\n)	1		
تعداد فیش هرشب	B453		LET(\n  inputDate, AN,\n  sheetName, "اهداف فروش",\n  dataRange, "A:G",\n  result,\n    IF(\n      ISBLANK(inputDate),\n      "",\n      LET(\n        date, GREG_TO_JALALI(inputDate),\n        monthName, GET_JALALI_MONTH_NAME(date),\n        year, GET_JALALI_YEAR(date),\n        data, IMPORT_FROM_SHEET(SheetsFileId_Accounting_Chalebagh, sheetName, dataRange),\n        filteredData, FILTER(data, INDEX(data,,2) = monthName, INDEX(data,,3) = year),\n        INDEX(filteredData,,4)\n      )\n    ),\n  result\n)	1		
تعداد فیش هرشب	B454		LET(\n  inputDate, AN,\n  sheetName, "اهداف فروش",\n  dataRange, "A:G",\n  result,\n    IF(\n      ISBLANK(inputDate),\n      "",\n      LET(\n        date, GREG_TO_JALALI(inputDate),\n        monthName, GET_JALALI_MONTH_NAME(date),\n        year, GET_JALALI_YEAR(date),\n        data, IMPORT_FROM_SHEET(SheetsFileId_Accounting_Chalebagh, sheetName, dataRange),\n        filteredData, FILTER(data, INDEX(data,,2) = monthName, INDEX(data,,3) = year),\n        INDEX(filteredData,,4)\n      )\n    ),\n  result\n)	1		
تعداد فیش هرشب	B455		LET(\n  inputDate, AN,\n  sheetName, "اهداف فروش",\n  dataRange, "A:G",\n  result,\n    IF(\n      ISBLANK(inputDate),\n      "",\n      LET(\n        date, GREG_TO_JALALI(inputDate),\n        monthName, GET_JALALI_MONTH_NAME(date),\n        year, GET_JALALI_YEAR(date),\n        data, IMPORT_FROM_SHEET(SheetsFileId_Accounting_Chalebagh, sheetName, dataRange),\n        filteredData, FILTER(data, INDEX(data,,2) = monthName, INDEX(data,,3) = year),\n        INDEX(filteredData,,4)\n      )\n    ),\n  result\n)	1		
تعداد فیش هرشب	B456		LET(\n  inputDate, AN,\n  sheetName, "اهداف فروش",\n  dataRange, "A:G",\n  result,\n    IF(\n      ISBLANK(inputDate),\n      "",\n      LET(\n        date, GREG_TO_JALALI(inputDate),\n        monthName, GET_JALALI_MONTH_NAME(date),\n        year, GET_JALALI_YEAR(date),\n        data, IMPORT_FROM_SHEET(SheetsFileId_Accounting_Chalebagh, sheetName, dataRange),\n        filteredData, FILTER(data, INDEX(data,,2) = monthName, INDEX(data,,3) = year),\n        INDEX(filteredData,,4)\n      )\n    ),\n  result\n)	1		
تعداد فیش هرشب	B457		LET(\n  inputDate, AN,\n  sheetName, "اهداف فروش",\n  dataRange, "A:G",\n  result,\n    IF(\n      ISBLANK(inputDate),\n      "",\n      LET(\n        date, GREG_TO_JALALI(inputDate),\n        monthName, GET_JALALI_MONTH_NAME(date),\n        year, GET_JALALI_YEAR(date),\n        data, IMPORT_FROM_SHEET(SheetsFileId_Accounting_Chalebagh, sheetName, dataRange),\n        filteredData, FILTER(data, INDEX(data,,2) = monthName, INDEX(data,,3) = year),\n        INDEX(filteredData,,4)\n      )\n    ),\n  result\n)	1		
تعداد فیش هرشب	B458		LET(\n  inputDate, AN,\n  sheetName, "اهداف فروش",\n  dataRange, "A:G",\n  result,\n    IF(\n      ISBLANK(inputDate),\n      "",\n      LET(\n        date, GREG_TO_JALALI(inputDate),\n        monthName, GET_JALALI_MONTH_NAME(date),\n        year, GET_JALALI_YEAR(date),\n        data, IMPORT_FROM_SHEET(SheetsFileId_Accounting_Chalebagh, sheetName, dataRange),\n        filteredData, FILTER(data, INDEX(data,,2) = monthName, INDEX(data,,3) = year),\n        INDEX(filteredData,,4)\n      )\n    ),\n  result\n)	1		
تعداد فیش هرشب	B459		LET(\n  inputDate, AN,\n  sheetName, "اهداف فروش",\n  dataRange, "A:G",\n  result,\n    IF(\n      ISBLANK(inputDate),\n      "",\n      LET(\n        date, GREG_TO_JALALI(inputDate),\n        monthName, GET_JALALI_MONTH_NAME(date),\n        year, GET_JALALI_YEAR(date),\n        data, IMPORT_FROM_SHEET(SheetsFileId_Accounting_Chalebagh, sheetName, dataRange),\n        filteredData, FILTER(data, INDEX(data,,2) = monthName, INDEX(data,,3) = year),\n        INDEX(filteredData,,4)\n      )\n    ),\n  result\n)	1		
تعداد فیش هرشب	B460		LET(\n  inputDate, AN,\n  sheetName, "اهداف فروش",\n  dataRange, "A:G",\n  result,\n    IF(\n      ISBLANK(inputDate),\n      "",\n      LET(\n        date, GREG_TO_JALALI(inputDate),\n        monthName, GET_JALALI_MONTH_NAME(date),\n        year, GET_JALALI_YEAR(date),\n        data, IMPORT_FROM_SHEET(SheetsFileId_Accounting_Chalebagh, sheetName, dataRange),\n        filteredData, FILTER(data, INDEX(data,,2) = monthName, INDEX(data,,3) = year),\n        INDEX(filteredData,,4)\n      )\n    ),\n  result\n)	1		
تعداد فیش هرشب	B461		LET(\n  inputDate, AN,\n  sheetName, "اهداف فروش",\n  dataRange, "A:G",\n  result,\n    IF(\n      ISBLANK(inputDate),\n      "",\n      LET(\n        date, GREG_TO_JALALI(inputDate),\n        monthName, GET_JALALI_MONTH_NAME(date),\n        year, GET_JALALI_YEAR(date),\n        data, IMPORT_FROM_SHEET(SheetsFileId_Accounting_Chalebagh, sheetName, dataRange),\n        filteredData, FILTER(data, INDEX(data,,2) = monthName, INDEX(data,,3) = year),\n        INDEX(filteredData,,4)\n      )\n    ),\n  result\n)	1		
تعداد فیش هرشب	B462		LET(\n  inputDate, AN,\n  sheetName, "اهداف فروش",\n  dataRange, "A:G",\n  result,\n    IF(\n      ISBLANK(inputDate),\n      "",\n      LET(\n        date, GREG_TO_JALALI(inputDate),\n        monthName, GET_JALALI_MONTH_NAME(date),\n        year, GET_JALALI_YEAR(date),\n        data, IMPORT_FROM_SHEET(SheetsFileId_Accounting_Chalebagh, sheetName, dataRange),\n        filteredData, FILTER(data, INDEX(data,,2) = monthName, INDEX(data,,3) = year),\n        INDEX(filteredData,,4)\n      )\n    ),\n  result\n)	1		
تعداد فیش هرشب	B463		LET(\n  inputDate, AN,\n  sheetName, "اهداف فروش",\n  dataRange, "A:G",\n  result,\n    IF(\n      ISBLANK(inputDate),\n      "",\n      LET(\n        date, GREG_TO_JALALI(inputDate),\n        monthName, GET_JALALI_MONTH_NAME(date),\n        year, GET_JALALI_YEAR(date),\n        data, IMPORT_FROM_SHEET(SheetsFileId_Accounting_Chalebagh, sheetName, dataRange),\n        filteredData, FILTER(data, INDEX(data,,2) = monthName, INDEX(data,,3) = year),\n        INDEX(filteredData,,4)\n      )\n    ),\n  result\n)	1		
تعداد فیش هرشب	B464		LET(\n  inputDate, AN,\n  sheetName, "اهداف فروش",\n  dataRange, "A:G",\n  result,\n    IF(\n      ISBLANK(inputDate),\n      "",\n      LET(\n        date, GREG_TO_JALALI(inputDate),\n        monthName, GET_JALALI_MONTH_NAME(date),\n        year, GET_JALALI_YEAR(date),\n        data, IMPORT_FROM_SHEET(SheetsFileId_Accounting_Chalebagh, sheetName, dataRange),\n        filteredData, FILTER(data, INDEX(data,,2) = monthName, INDEX(data,,3) = year),\n        INDEX(filteredData,,4)\n      )\n    ),\n  result\n)	1		
تعداد فیش هرشب	B465		LET(\n  inputDate, AN,\n  sheetName, "اهداف فروش",\n  dataRange, "A:G",\n  result,\n    IF(\n      ISBLANK(inputDate),\n      "",\n      LET(\n        date, GREG_TO_JALALI(inputDate),\n        monthName, GET_JALALI_MONTH_NAME(date),\n        year, GET_JALALI_YEAR(date),\n        data, IMPORT_FROM_SHEET(SheetsFileId_Accounting_Chalebagh, sheetName, dataRange),\n        filteredData, FILTER(data, INDEX(data,,2) = monthName, INDEX(data,,3) = year),\n        INDEX(filteredData,,4)\n      )\n    ),\n  result\n)	1		
تعداد فیش هرشب	B466		LET(\n  inputDate, AN,\n  sheetName, "اهداف فروش",\n  dataRange, "A:G",\n  result,\n    IF(\n      ISBLANK(inputDate),\n      "",\n      LET(\n        date, GREG_TO_JALALI(inputDate),\n        monthName, GET_JALALI_MONTH_NAME(date),\n        year, GET_JALALI_YEAR(date),\n        data, IMPORT_FROM_SHEET(SheetsFileId_Accounting_Chalebagh, sheetName, dataRange),\n        filteredData, FILTER(data, INDEX(data,,2) = monthName, INDEX(data,,3) = year),\n        INDEX(filteredData,,4)\n      )\n    ),\n  result\n)	1		
تعداد فیش هرشب	B467		LET(\n  inputDate, AN,\n  sheetName, "اهداف فروش",\n  dataRange, "A:G",\n  result,\n    IF(\n      ISBLANK(inputDate),\n      "",\n      LET(\n        date, GREG_TO_JALALI(inputDate),\n        monthName, GET_JALALI_MONTH_NAME(date),\n        year, GET_JALALI_YEAR(date),\n        data, IMPORT_FROM_SHEET(SheetsFileId_Accounting_Chalebagh, sheetName, dataRange),\n        filteredData, FILTER(data, INDEX(data,,2) = monthName, INDEX(data,,3) = year),\n        INDEX(filteredData,,4)\n      )\n    ),\n  result\n)	1		
تعداد فیش هرشب	B468		LET(\n  inputDate, AN,\n  sheetName, "اهداف فروش",\n  dataRange, "A:G",\n  result,\n    IF(\n      ISBLANK(inputDate),\n      "",\n      LET(\n        date, GREG_TO_JALALI(inputDate),\n        monthName, GET_JALALI_MONTH_NAME(date),\n        year, GET_JALALI_YEAR(date),\n        data, IMPORT_FROM_SHEET(SheetsFileId_Accounting_Chalebagh, sheetName, dataRange),\n        filteredData, FILTER(data, INDEX(data,,2) = monthName, INDEX(data,,3) = year),\n        INDEX(filteredData,,4)\n      )\n    ),\n  result\n)	1		
تعداد فیش هرشب	B469		LET(\n  inputDate, AN,\n  sheetName, "اهداف فروش",\n  dataRange, "A:G",\n  result,\n    IF(\n      ISBLANK(inputDate),\n      "",\n      LET(\n        date, GREG_TO_JALALI(inputDate),\n        monthName, GET_JALALI_MONTH_NAME(date),\n        year, GET_JALALI_YEAR(date),\n        data, IMPORT_FROM_SHEET(SheetsFileId_Accounting_Chalebagh, sheetName, dataRange),\n        filteredData, FILTER(data, INDEX(data,,2) = monthName, INDEX(data,,3) = year),\n        INDEX(filteredData,,4)\n      )\n    ),\n  result\n)	1		
تعداد فیش هرشب	B470		LET(\n  inputDate, AN,\n  sheetName, "اهداف فروش",\n  dataRange, "A:G",\n  result,\n    IF(\n      ISBLANK(inputDate),\n      "",\n      LET(\n        date, GREG_TO_JALALI(inputDate),\n        monthName, GET_JALALI_MONTH_NAME(date),\n        year, GET_JALALI_YEAR(date),\n        data, IMPORT_FROM_SHEET(SheetsFileId_Accounting_Chalebagh, sheetName, dataRange),\n        filteredData, FILTER(data, INDEX(data,,2) = monthName, INDEX(data,,3) = year),\n        INDEX(filteredData,,4)\n      )\n    ),\n  result\n)	1		
تعداد فیش هرشب	B471		LET(\n  inputDate, AN,\n  sheetName, "اهداف فروش",\n  dataRange, "A:G",\n  result,\n    IF(\n      ISBLANK(inputDate),\n      "",\n      LET(\n        date, GREG_TO_JALALI(inputDate),\n        monthName, GET_JALALI_MONTH_NAME(date),\n        year, GET_JALALI_YEAR(date),\n        data, IMPORT_FROM_SHEET(SheetsFileId_Accounting_Chalebagh, sheetName, dataRange),\n        filteredData, FILTER(data, INDEX(data,,2) = monthName, INDEX(data,,3) = year),\n        INDEX(filteredData,,4)\n      )\n    ),\n  result\n)	1		
تعداد فیش هرشب	B472		LET(\n  inputDate, AN,\n  sheetName, "اهداف فروش",\n  dataRange, "A:G",\n  result,\n    IF(\n      ISBLANK(inputDate),\n      "",\n      LET(\n        date, GREG_TO_JALALI(inputDate),\n        monthName, GET_JALALI_MONTH_NAME(date),\n        year, GET_JALALI_YEAR(date),\n        data, IMPORT_FROM_SHEET(SheetsFileId_Accounting_Chalebagh, sheetName, dataRange),\n        filteredData, FILTER(data, INDEX(data,,2) = monthName, INDEX(data,,3) = year),\n        INDEX(filteredData,,4)\n      )\n    ),\n  result\n)	1		
تعداد فیش هرشب	B473		LET(\n  inputDate, AN,\n  sheetName, "اهداف فروش",\n  dataRange, "A:G",\n  result,\n    IF(\n      ISBLANK(inputDate),\n      "",\n      LET(\n        date, GREG_TO_JALALI(inputDate),\n        monthName, GET_JALALI_MONTH_NAME(date),\n        year, GET_JALALI_YEAR(date),\n        data, IMPORT_FROM_SHEET(SheetsFileId_Accounting_Chalebagh, sheetName, dataRange),\n        filteredData, FILTER(data, INDEX(data,,2) = monthName, INDEX(data,,3) = year),\n        INDEX(filteredData,,4)\n      )\n    ),\n  result\n)	1		
تعداد فیش هرشب	B474		LET(\n  inputDate, AN,\n  sheetName, "اهداف فروش",\n  dataRange, "A:G",\n  result,\n    IF(\n      ISBLANK(inputDate),\n      "",\n      LET(\n        date, GREG_TO_JALALI(inputDate),\n        monthName, GET_JALALI_MONTH_NAME(date),\n        year, GET_JALALI_YEAR(date),\n        data, IMPORT_FROM_SHEET(SheetsFileId_Accounting_Chalebagh, sheetName, dataRange),\n        filteredData, FILTER(data, INDEX(data,,2) = monthName, INDEX(data,,3) = year),\n        INDEX(filteredData,,4)\n      )\n    ),\n  result\n)	1		
تعداد فیش هرشب	B475		LET(\n  inputDate, AN,\n  sheetName, "اهداف فروش",\n  dataRange, "A:G",\n  result,\n    IF(\n      ISBLANK(inputDate),\n      "",\n      LET(\n        date, GREG_TO_JALALI(inputDate),\n        monthName, GET_JALALI_MONTH_NAME(date),\n        year, GET_JALALI_YEAR(date),\n        data, IMPORT_FROM_SHEET(SheetsFileId_Accounting_Chalebagh, sheetName, dataRange),\n        filteredData, FILTER(data, INDEX(data,,2) = monthName, INDEX(data,,3) = year),\n        INDEX(filteredData,,4)\n      )\n    ),\n  result\n)	1		
تعداد فیش هرشب	B476		LET(\n  inputDate, AN,\n  sheetName, "اهداف فروش",\n  dataRange, "A:G",\n  result,\n    IF(\n      ISBLANK(inputDate),\n      "",\n      LET(\n        date, GREG_TO_JALALI(inputDate),\n        monthName, GET_JALALI_MONTH_NAME(date),\n        year, GET_JALALI_YEAR(date),\n        data, IMPORT_FROM_SHEET(SheetsFileId_Accounting_Chalebagh, sheetName, dataRange),\n        filteredData, FILTER(data, INDEX(data,,2) = monthName, INDEX(data,,3) = year),\n        INDEX(filteredData,,4)\n      )\n    ),\n  result\n)	1		
تعداد فیش هرشب	B477		LET(\n  inputDate, AN,\n  sheetName, "اهداف فروش",\n  dataRange, "A:G",\n  result,\n    IF(\n      ISBLANK(inputDate),\n      "",\n      LET(\n        date, GREG_TO_JALALI(inputDate),\n        monthName, GET_JALALI_MONTH_NAME(date),\n        year, GET_JALALI_YEAR(date),\n        data, IMPORT_FROM_SHEET(SheetsFileId_Accounting_Chalebagh, sheetName, dataRange),\n        filteredData, FILTER(data, INDEX(data,,2) = monthName, INDEX(data,,3) = year),\n        INDEX(filteredData,,4)\n      )\n    ),\n  result\n)	1		
تعداد فیش هرشب	B478		LET(\n  inputDate, AN,\n  sheetName, "اهداف فروش",\n  dataRange, "A:G",\n  result,\n    IF(\n      ISBLANK(inputDate),\n      "",\n      LET(\n        date, GREG_TO_JALALI(inputDate),\n        monthName, GET_JALALI_MONTH_NAME(date),\n        year, GET_JALALI_YEAR(date),\n        data, IMPORT_FROM_SHEET(SheetsFileId_Accounting_Chalebagh, sheetName, dataRange),\n        filteredData, FILTER(data, INDEX(data,,2) = monthName, INDEX(data,,3) = year),\n        INDEX(filteredData,,4)\n      )\n    ),\n  result\n)	1		
تعداد فیش هرشب	B479		LET(\n  inputDate, AN,\n  sheetName, "اهداف فروش",\n  dataRange, "A:G",\n  result,\n    IF(\n      ISBLANK(inputDate),\n      "",\n      LET(\n        date, GREG_TO_JALALI(inputDate),\n        monthName, GET_JALALI_MONTH_NAME(date),\n        year, GET_JALALI_YEAR(date),\n        data, IMPORT_FROM_SHEET(SheetsFileId_Accounting_Chalebagh, sheetName, dataRange),\n        filteredData, FILTER(data, INDEX(data,,2) = monthName, INDEX(data,,3) = year),\n        INDEX(filteredData,,4)\n      )\n    ),\n  result\n)	1		
تعداد فیش هرشب	B480		LET(\n  inputDate, AN,\n  sheetName, "اهداف فروش",\n  dataRange, "A:G",\n  result,\n    IF(\n      ISBLANK(inputDate),\n      "",\n      LET(\n        date, GREG_TO_JALALI(inputDate),\n        monthName, GET_JALALI_MONTH_NAME(date),\n        year, GET_JALALI_YEAR(date),\n        data, IMPORT_FROM_SHEET(SheetsFileId_Accounting_Chalebagh, sheetName, dataRange),\n        filteredData, FILTER(data, INDEX(data,,2) = monthName, INDEX(data,,3) = year),\n        INDEX(filteredData,,4)\n      )\n    ),\n  result\n)	1		
تعداد فیش هرشب	B481		LET(\n  inputDate, AN,\n  sheetName, "اهداف فروش",\n  dataRange, "A:G",\n  result,\n    IF(\n      ISBLANK(inputDate),\n      "",\n      LET(\n        date, GREG_TO_JALALI(inputDate),\n        monthName, GET_JALALI_MONTH_NAME(date),\n        year, GET_JALALI_YEAR(date),\n        data, IMPORT_FROM_SHEET(SheetsFileId_Accounting_Chalebagh, sheetName, dataRange),\n        filteredData, FILTER(data, INDEX(data,,2) = monthName, INDEX(data,,3) = year),\n        INDEX(filteredData,,4)\n      )\n    ),\n  result\n)	1		
تعداد فیش هرشب	B482		LET(\n  inputDate, AN,\n  sheetName, "اهداف فروش",\n  dataRange, "A:G",\n  result,\n    IF(\n      ISBLANK(inputDate),\n      "",\n      LET(\n        date, GREG_TO_JALALI(inputDate),\n        monthName, GET_JALALI_MONTH_NAME(date),\n        year, GET_JALALI_YEAR(date),\n        data, IMPORT_FROM_SHEET(SheetsFileId_Accounting_Chalebagh, sheetName, dataRange),\n        filteredData, FILTER(data, INDEX(data,,2) = monthName, INDEX(data,,3) = year),\n        INDEX(filteredData,,4)\n      )\n    ),\n  result\n)	1		
تعداد فیش هرشب	B483		LET(\n  inputDate, AN,\n  sheetName, "اهداف فروش",\n  dataRange, "A:G",\n  result,\n    IF(\n      ISBLANK(inputDate),\n      "",\n      LET(\n        date, GREG_TO_JALALI(inputDate),\n        monthName, GET_JALALI_MONTH_NAME(date),\n        year, GET_JALALI_YEAR(date),\n        data, IMPORT_FROM_SHEET(SheetsFileId_Accounting_Chalebagh, sheetName, dataRange),\n        filteredData, FILTER(data, INDEX(data,,2) = monthName, INDEX(data,,3) = year),\n        INDEX(filteredData,,4)\n      )\n    ),\n  result\n)	1		
تعداد فیش هرشب	B484		LET(\n  inputDate, AN,\n  sheetName, "اهداف فروش",\n  dataRange, "A:G",\n  result,\n    IF(\n      ISBLANK(inputDate),\n      "",\n      LET(\n        date, GREG_TO_JALALI(inputDate),\n        monthName, GET_JALALI_MONTH_NAME(date),\n        year, GET_JALALI_YEAR(date),\n        data, IMPORT_FROM_SHEET(SheetsFileId_Accounting_Chalebagh, sheetName, dataRange),\n        filteredData, FILTER(data, INDEX(data,,2) = monthName, INDEX(data,,3) = year),\n        INDEX(filteredData,,4)\n      )\n    ),\n  result\n)	1		
تعداد فیش هرشب	B485		LET(\n  inputDate, AN,\n  sheetName, "اهداف فروش",\n  dataRange, "A:G",\n  result,\n    IF(\n      ISBLANK(inputDate),\n      "",\n      LET(\n        date, GREG_TO_JALALI(inputDate),\n        monthName, GET_JALALI_MONTH_NAME(date),\n        year, GET_JALALI_YEAR(date),\n        data, IMPORT_FROM_SHEET(SheetsFileId_Accounting_Chalebagh, sheetName, dataRange),\n        filteredData, FILTER(data, INDEX(data,,2) = monthName, INDEX(data,,3) = year),\n        INDEX(filteredData,,4)\n      )\n    ),\n  result\n)	1		
تعداد فیش هرشب	B486		LET(\n  inputDate, AN,\n  sheetName, "اهداف فروش",\n  dataRange, "A:G",\n  result,\n    IF(\n      ISBLANK(inputDate),\n      "",\n      LET(\n        date, GREG_TO_JALALI(inputDate),\n        monthName, GET_JALALI_MONTH_NAME(date),\n        year, GET_JALALI_YEAR(date),\n        data, IMPORT_FROM_SHEET(SheetsFileId_Accounting_Chalebagh, sheetName, dataRange),\n        filteredData, FILTER(data, INDEX(data,,2) = monthName, INDEX(data,,3) = year),\n        INDEX(filteredData,,4)\n      )\n    ),\n  result\n)	1		
تعداد فیش هرشب	B487		LET(\n  inputDate, AN,\n  sheetName, "اهداف فروش",\n  dataRange, "A:G",\n  result,\n    IF(\n      ISBLANK(inputDate),\n      "",\n      LET(\n        date, GREG_TO_JALALI(inputDate),\n        monthName, GET_JALALI_MONTH_NAME(date),\n        year, GET_JALALI_YEAR(date),\n        data, IMPORT_FROM_SHEET(SheetsFileId_Accounting_Chalebagh, sheetName, dataRange),\n        filteredData, FILTER(data, INDEX(data,,2) = monthName, INDEX(data,,3) = year),\n        INDEX(filteredData,,4)\n      )\n    ),\n  result\n)	1		
تعداد فیش هرشب	B488		LET(\n  inputDate, AN,\n  sheetName, "اهداف فروش",\n  dataRange, "A:G",\n  result,\n    IF(\n      ISBLANK(inputDate),\n      "",\n      LET(\n        date, GREG_TO_JALALI(inputDate),\n        monthName, GET_JALALI_MONTH_NAME(date),\n        year, GET_JALALI_YEAR(date),\n        data, IMPORT_FROM_SHEET(SheetsFileId_Accounting_Chalebagh, sheetName, dataRange),\n        filteredData, FILTER(data, INDEX(data,,2) = monthName, INDEX(data,,3) = year),\n        INDEX(filteredData,,4)\n      )\n    ),\n  result\n)	1		
تعداد فیش هرشب	B489		LET(\n  inputDate, AN,\n  sheetName, "اهداف فروش",\n  dataRange, "A:G",\n  result,\n    IF(\n      ISBLANK(inputDate),\n      "",\n      LET(\n        date, GREG_TO_JALALI(inputDate),\n        monthName, GET_JALALI_MONTH_NAME(date),\n        year, GET_JALALI_YEAR(date),\n        data, IMPORT_FROM_SHEET(SheetsFileId_Accounting_Chalebagh, sheetName, dataRange),\n        filteredData, FILTER(data, INDEX(data,,2) = monthName, INDEX(data,,3) = year),\n        INDEX(filteredData,,4)\n      )\n    ),\n  result\n)	1		
تعداد فیش هرشب	B490		LET(\n  inputDate, AN,\n  sheetName, "اهداف فروش",\n  dataRange, "A:G",\n  result,\n    IF(\n      ISBLANK(inputDate),\n      "",\n      LET(\n        date, GREG_TO_JALALI(inputDate),\n        monthName, GET_JALALI_MONTH_NAME(date),\n        year, GET_JALALI_YEAR(date),\n        data, IMPORT_FROM_SHEET(SheetsFileId_Accounting_Chalebagh, sheetName, dataRange),\n        filteredData, FILTER(data, INDEX(data,,2) = monthName, INDEX(data,,3) = year),\n        INDEX(filteredData,,4)\n      )\n    ),\n  result\n)	1		
تعداد فیش هرشب	B491		LET(\n  inputDate, AN,\n  sheetName, "اهداف فروش",\n  dataRange, "A:G",\n  result,\n    IF(\n      ISBLANK(inputDate),\n      "",\n      LET(\n        date, GREG_TO_JALALI(inputDate),\n        monthName, GET_JALALI_MONTH_NAME(date),\n        year, GET_JALALI_YEAR(date),\n        data, IMPORT_FROM_SHEET(SheetsFileId_Accounting_Chalebagh, sheetName, dataRange),\n        filteredData, FILTER(data, INDEX(data,,2) = monthName, INDEX(data,,3) = year),\n        INDEX(filteredData,,4)\n      )\n    ),\n  result\n)	1		
تعداد فیش هرشب	B492		LET(\n  inputDate, AN,\n  sheetName, "اهداف فروش",\n  dataRange, "A:G",\n  result,\n    IF(\n      ISBLANK(inputDate),\n      "",\n      LET(\n        date, GREG_TO_JALALI(inputDate),\n        monthName, GET_JALALI_MONTH_NAME(date),\n        year, GET_JALALI_YEAR(date),\n        data, IMPORT_FROM_SHEET(SheetsFileId_Accounting_Chalebagh, sheetName, dataRange),\n        filteredData, FILTER(data, INDEX(data,,2) = monthName, INDEX(data,,3) = year),\n        INDEX(filteredData,,4)\n      )\n    ),\n  result\n)	1		
تعداد فیش هرشب	B493		LET(\n  inputDate, AN,\n  sheetName, "اهداف فروش",\n  dataRange, "A:G",\n  result,\n    IF(\n      ISBLANK(inputDate),\n      "",\n      LET(\n        date, GREG_TO_JALALI(inputDate),\n        monthName, GET_JALALI_MONTH_NAME(date),\n        year, GET_JALALI_YEAR(date),\n        data, IMPORT_FROM_SHEET(SheetsFileId_Accounting_Chalebagh, sheetName, dataRange),\n        filteredData, FILTER(data, INDEX(data,,2) = monthName, INDEX(data,,3) = year),\n        INDEX(filteredData,,4)\n      )\n    ),\n  result\n)	1		
تعداد فیش هرشب	B494		LET(\n  inputDate, AN,\n  sheetName, "اهداف فروش",\n  dataRange, "A:G",\n  result,\n    IF(\n      ISBLANK(inputDate),\n      "",\n      LET(\n        date, GREG_TO_JALALI(inputDate),\n        monthName, GET_JALALI_MONTH_NAME(date),\n        year, GET_JALALI_YEAR(date),\n        data, IMPORT_FROM_SHEET(SheetsFileId_Accounting_Chalebagh, sheetName, dataRange),\n        filteredData, FILTER(data, INDEX(data,,2) = monthName, INDEX(data,,3) = year),\n        INDEX(filteredData,,4)\n      )\n    ),\n  result\n)	1		
تعداد فیش هرشب	B495		LET(\n  inputDate, AN,\n  sheetName, "اهداف فروش",\n  dataRange, "A:G",\n  result,\n    IF(\n      ISBLANK(inputDate),\n      "",\n      LET(\n        date, GREG_TO_JALALI(inputDate),\n        monthName, GET_JALALI_MONTH_NAME(date),\n        year, GET_JALALI_YEAR(date),\n        data, IMPORT_FROM_SHEET(SheetsFileId_Accounting_Chalebagh, sheetName, dataRange),\n        filteredData, FILTER(data, INDEX(data,,2) = monthName, INDEX(data,,3) = year),\n        INDEX(filteredData,,4)\n      )\n    ),\n  result\n)	1		
تعداد فیش هرشب	B496		LET(\n  inputDate, AN,\n  sheetName, "اهداف فروش",\n  dataRange, "A:G",\n  result,\n    IF(\n      ISBLANK(inputDate),\n      "",\n      LET(\n        date, GREG_TO_JALALI(inputDate),\n        monthName, GET_JALALI_MONTH_NAME(date),\n        year, GET_JALALI_YEAR(date),\n        data, IMPORT_FROM_SHEET(SheetsFileId_Accounting_Chalebagh, sheetName, dataRange),\n        filteredData, FILTER(data, INDEX(data,,2) = monthName, INDEX(data,,3) = year),\n        INDEX(filteredData,,4)\n      )\n    ),\n  result\n)	1		
تعداد فیش هرشب	B497		LET(\n  inputDate, AN,\n  sheetName, "اهداف فروش",\n  dataRange, "A:G",\n  result,\n    IF(\n      ISBLANK(inputDate),\n      "",\n      LET(\n        date, GREG_TO_JALALI(inputDate),\n        monthName, GET_JALALI_MONTH_NAME(date),\n        year, GET_JALALI_YEAR(date),\n        data, IMPORT_FROM_SHEET(SheetsFileId_Accounting_Chalebagh, sheetName, dataRange),\n        filteredData, FILTER(data, INDEX(data,,2) = monthName, INDEX(data,,3) = year),\n        INDEX(filteredData,,4)\n      )\n    ),\n  result\n)	1		
تعداد فیش هرشب	B498		LET(\n  inputDate, AN,\n  sheetName, "اهداف فروش",\n  dataRange, "A:G",\n  result,\n    IF(\n      ISBLANK(inputDate),\n      "",\n      LET(\n        date, GREG_TO_JALALI(inputDate),\n        monthName, GET_JALALI_MONTH_NAME(date),\n        year, GET_JALALI_YEAR(date),\n        data, IMPORT_FROM_SHEET(SheetsFileId_Accounting_Chalebagh, sheetName, dataRange),\n        filteredData, FILTER(data, INDEX(data,,2) = monthName, INDEX(data,,3) = year),\n        INDEX(filteredData,,4)\n      )\n    ),\n  result\n)	1		
تعداد فیش هرشب	B499		LET(\n  inputDate, AN,\n  sheetName, "اهداف فروش",\n  dataRange, "A:G",\n  result,\n    IF(\n      ISBLANK(inputDate),\n      "",\n      LET(\n        date, GREG_TO_JALALI(inputDate),\n        monthName, GET_JALALI_MONTH_NAME(date),\n        year, GET_JALALI_YEAR(date),\n        data, IMPORT_FROM_SHEET(SheetsFileId_Accounting_Chalebagh, sheetName, dataRange),\n        filteredData, FILTER(data, INDEX(data,,2) = monthName, INDEX(data,,3) = year),\n        INDEX(filteredData,,4)\n      )\n    ),\n  result\n)	1		
تعداد فیش هرشب	B500		LET(\n  inputDate, AN,\n  sheetName, "اهداف فروش",\n  dataRange, "A:G",\n  result,\n    IF(\n      ISBLANK(inputDate),\n      "",\n      LET(\n        date, GREG_TO_JALALI(inputDate),\n        monthName, GET_JALALI_MONTH_NAME(date),\n        year, GET_JALALI_YEAR(date),\n        data, IMPORT_FROM_SHEET(SheetsFileId_Accounting_Chalebagh, sheetName, dataRange),\n        filteredData, FILTER(data, INDEX(data,,2) = monthName, INDEX(data,,3) = year),\n        INDEX(filteredData,,4)\n      )\n    ),\n  result\n)	1		
تعداد فیش هرشب	B501		LET(\n  inputDate, AN,\n  sheetName, "اهداف فروش",\n  dataRange, "A:G",\n  result,\n    IF(\n      ISBLANK(inputDate),\n      "",\n      LET(\n        date, GREG_TO_JALALI(inputDate),\n        monthName, GET_JALALI_MONTH_NAME(date),\n        year, GET_JALALI_YEAR(date),\n        data, IMPORT_FROM_SHEET(SheetsFileId_Accounting_Chalebagh, sheetName, dataRange),\n        filteredData, FILTER(data, INDEX(data,,2) = monthName, INDEX(data,,3) = year),\n        INDEX(filteredData,,4)\n      )\n    ),\n  result\n)	1		
تعداد فیش هرشب	B502		LET(\n  inputDate, AN,\n  sheetName, "اهداف فروش",\n  dataRange, "A:G",\n  result,\n    IF(\n      ISBLANK(inputDate),\n      "",\n      LET(\n        date, GREG_TO_JALALI(inputDate),\n        monthName, GET_JALALI_MONTH_NAME(date),\n        year, GET_JALALI_YEAR(date),\n        data, IMPORT_FROM_SHEET(SheetsFileId_Accounting_Chalebagh, sheetName, dataRange),\n        filteredData, FILTER(data, INDEX(data,,2) = monthName, INDEX(data,,3) = year),\n        INDEX(filteredData,,4)\n      )\n    ),\n  result\n)	1		
تعداد فیش هرشب	B503		LET(\n  inputDate, AN,\n  sheetName, "اهداف فروش",\n  dataRange, "A:G",\n  result,\n    IF(\n      ISBLANK(inputDate),\n      "",\n      LET(\n        date, GREG_TO_JALALI(inputDate),\n        monthName, GET_JALALI_MONTH_NAME(date),\n        year, GET_JALALI_YEAR(date),\n        data, IMPORT_FROM_SHEET(SheetsFileId_Accounting_Chalebagh, sheetName, dataRange),\n        filteredData, FILTER(data, INDEX(data,,2) = monthName, INDEX(data,,3) = year),\n        INDEX(filteredData,,4)\n      )\n    ),\n  result\n)	1		
تعداد فیش هرشب	B504		LET(\n  inputDate, AN,\n  sheetName, "اهداف فروش",\n  dataRange, "A:G",\n  result,\n    IF(\n      ISBLANK(inputDate),\n      "",\n      LET(\n        date, GREG_TO_JALALI(inputDate),\n        monthName, GET_JALALI_MONTH_NAME(date),\n        year, GET_JALALI_YEAR(date),\n        data, IMPORT_FROM_SHEET(SheetsFileId_Accounting_Chalebagh, sheetName, dataRange),\n        filteredData, FILTER(data, INDEX(data,,2) = monthName, INDEX(data,,3) = year),\n        INDEX(filteredData,,4)\n      )\n    ),\n  result\n)	1		
تعداد فیش هرشب	B505		LET(\n  inputDate, AN,\n  sheetName, "اهداف فروش",\n  dataRange, "A:G",\n  result,\n    IF(\n      ISBLANK(inputDate),\n      "",\n      LET(\n        date, GREG_TO_JALALI(inputDate),\n        monthName, GET_JALALI_MONTH_NAME(date),\n        year, GET_JALALI_YEAR(date),\n        data, IMPORT_FROM_SHEET(SheetsFileId_Accounting_Chalebagh, sheetName, dataRange),\n        filteredData, FILTER(data, INDEX(data,,2) = monthName, INDEX(data,,3) = year),\n        INDEX(filteredData,,4)\n      )\n    ),\n  result\n)	1		
تعداد فیش هرشب	B506		LET(\n  inputDate, AN,\n  sheetName, "اهداف فروش",\n  dataRange, "A:G",\n  result,\n    IF(\n      ISBLANK(inputDate),\n      "",\n      LET(\n        date, GREG_TO_JALALI(inputDate),\n        monthName, GET_JALALI_MONTH_NAME(date),\n        year, GET_JALALI_YEAR(date),\n        data, IMPORT_FROM_SHEET(SheetsFileId_Accounting_Chalebagh, sheetName, dataRange),\n        filteredData, FILTER(data, INDEX(data,,2) = monthName, INDEX(data,,3) = year),\n        INDEX(filteredData,,4)\n      )\n    ),\n  result\n)	1		
تعداد فیش هرشب	B507		LET(\n  inputDate, AN,\n  sheetName, "اهداف فروش",\n  dataRange, "A:G",\n  result,\n    IF(\n      ISBLANK(inputDate),\n      "",\n      LET(\n        date, GREG_TO_JALALI(inputDate),\n        monthName, GET_JALALI_MONTH_NAME(date),\n        year, GET_JALALI_YEAR(date),\n        data, IMPORT_FROM_SHEET(SheetsFileId_Accounting_Chalebagh, sheetName, dataRange),\n        filteredData, FILTER(data, INDEX(data,,2) = monthName, INDEX(data,,3) = year),\n        INDEX(filteredData,,4)\n      )\n    ),\n  result\n)	1		
تعداد فیش هرشب	B508		LET(\n  inputDate, AN,\n  sheetName, "اهداف فروش",\n  dataRange, "A:G",\n  result,\n    IF(\n      ISBLANK(inputDate),\n      "",\n      LET(\n        date, GREG_TO_JALALI(inputDate),\n        monthName, GET_JALALI_MONTH_NAME(date),\n        year, GET_JALALI_YEAR(date),\n        data, IMPORT_FROM_SHEET(SheetsFileId_Accounting_Chalebagh, sheetName, dataRange),\n        filteredData, FILTER(data, INDEX(data,,2) = monthName, INDEX(data,,3) = year),\n        INDEX(filteredData,,4)\n      )\n    ),\n  result\n)	1		
تعداد فیش هرشب	B509		LET(\n  inputDate, AN,\n  sheetName, "اهداف فروش",\n  dataRange, "A:G",\n  result,\n    IF(\n      ISBLANK(inputDate),\n      "",\n      LET(\n        date, GREG_TO_JALALI(inputDate),\n        monthName, GET_JALALI_MONTH_NAME(date),\n        year, GET_JALALI_YEAR(date),\n        data, IMPORT_FROM_SHEET(SheetsFileId_Accounting_Chalebagh, sheetName, dataRange),\n        filteredData, FILTER(data, INDEX(data,,2) = monthName, INDEX(data,,3) = year),\n        INDEX(filteredData,,4)\n      )\n    ),\n  result\n)	1		
تعداد فیش هرشب	B510		LET(\n  inputDate, AN,\n  sheetName, "اهداف فروش",\n  dataRange, "A:G",\n  result,\n    IF(\n      ISBLANK(inputDate),\n      "",\n      LET(\n        date, GREG_TO_JALALI(inputDate),\n        monthName, GET_JALALI_MONTH_NAME(date),\n        year, GET_JALALI_YEAR(date),\n        data, IMPORT_FROM_SHEET(SheetsFileId_Accounting_Chalebagh, sheetName, dataRange),\n        filteredData, FILTER(data, INDEX(data,,2) = monthName, INDEX(data,,3) = year),\n        INDEX(filteredData,,4)\n      )\n    ),\n  result\n)	1		
تعداد فیش هرشب	B511		LET(\n  inputDate, AN,\n  sheetName, "اهداف فروش",\n  dataRange, "A:G",\n  result,\n    IF(\n      ISBLANK(inputDate),\n      "",\n      LET(\n        date, GREG_TO_JALALI(inputDate),\n        monthName, GET_JALALI_MONTH_NAME(date),\n        year, GET_JALALI_YEAR(date),\n        data, IMPORT_FROM_SHEET(SheetsFileId_Accounting_Chalebagh, sheetName, dataRange),\n        filteredData, FILTER(data, INDEX(data,,2) = monthName, INDEX(data,,3) = year),\n        INDEX(filteredData,,4)\n      )\n    ),\n  result\n)	1		
تعداد فیش هرشب	B512		LET(\n  inputDate, AN,\n  sheetName, "اهداف فروش",\n  dataRange, "A:G",\n  result,\n    IF(\n      ISBLANK(inputDate),\n      "",\n      LET(\n        date, GREG_TO_JALALI(inputDate),\n        monthName, GET_JALALI_MONTH_NAME(date),\n        year, GET_JALALI_YEAR(date),\n        data, IMPORT_FROM_SHEET(SheetsFileId_Accounting_Chalebagh, sheetName, dataRange),\n        filteredData, FILTER(data, INDEX(data,,2) = monthName, INDEX(data,,3) = year),\n        INDEX(filteredData,,4)\n      )\n    ),\n  result\n)	1		
تعداد فیش هرشب	B513		LET(\n  inputDate, AN,\n  sheetName, "اهداف فروش",\n  dataRange, "A:G",\n  result,\n    IF(\n      ISBLANK(inputDate),\n      "",\n      LET(\n        date, GREG_TO_JALALI(inputDate),\n        monthName, GET_JALALI_MONTH_NAME(date),\n        year, GET_JALALI_YEAR(date),\n        data, IMPORT_FROM_SHEET(SheetsFileId_Accounting_Chalebagh, sheetName, dataRange),\n        filteredData, FILTER(data, INDEX(data,,2) = monthName, INDEX(data,,3) = year),\n        INDEX(filteredData,,4)\n      )\n    ),\n  result\n)	1		
تعداد فیش هرشب	B514		LET(\n  inputDate, AN,\n  sheetName, "اهداف فروش",\n  dataRange, "A:G",\n  result,\n    IF(\n      ISBLANK(inputDate),\n      "",\n      LET(\n        date, GREG_TO_JALALI(inputDate),\n        monthName, GET_JALALI_MONTH_NAME(date),\n        year, GET_JALALI_YEAR(date),\n        data, IMPORT_FROM_SHEET(SheetsFileId_Accounting_Chalebagh, sheetName, dataRange),\n        filteredData, FILTER(data, INDEX(data,,2) = monthName, INDEX(data,,3) = year),\n        INDEX(filteredData,,4)\n      )\n    ),\n  result\n)	1		
تعداد فیش هرشب	B515		LET(\n  inputDate, AN,\n  sheetName, "اهداف فروش",\n  dataRange, "A:G",\n  result,\n    IF(\n      ISBLANK(inputDate),\n      "",\n      LET(\n        date, GREG_TO_JALALI(inputDate),\n        monthName, GET_JALALI_MONTH_NAME(date),\n        year, GET_JALALI_YEAR(date),\n        data, IMPORT_FROM_SHEET(SheetsFileId_Accounting_Chalebagh, sheetName, dataRange),\n        filteredData, FILTER(data, INDEX(data,,2) = monthName, INDEX(data,,3) = year),\n        INDEX(filteredData,,4)\n      )\n    ),\n  result\n)	1		
تعداد فیش هرشب	B516		LET(\n  inputDate, AN,\n  sheetName, "اهداف فروش",\n  dataRange, "A:G",\n  result,\n    IF(\n      ISBLANK(inputDate),\n      "",\n      LET(\n        date, GREG_TO_JALALI(inputDate),\n        monthName, GET_JALALI_MONTH_NAME(date),\n        year, GET_JALALI_YEAR(date),\n        data, IMPORT_FROM_SHEET(SheetsFileId_Accounting_Chalebagh, sheetName, dataRange),\n        filteredData, FILTER(data, INDEX(data,,2) = monthName, INDEX(data,,3) = year),\n        INDEX(filteredData,,4)\n      )\n    ),\n  result\n)	1		
تعداد فیش هرشب	B517		LET(\n  inputDate, AN,\n  sheetName, "اهداف فروش",\n  dataRange, "A:G",\n  result,\n    IF(\n      ISBLANK(inputDate),\n      "",\n      LET(\n        date, GREG_TO_JALALI(inputDate),\n        monthName, GET_JALALI_MONTH_NAME(date),\n        year, GET_JALALI_YEAR(date),\n        data, IMPORT_FROM_SHEET(SheetsFileId_Accounting_Chalebagh, sheetName, dataRange),\n        filteredData, FILTER(data, INDEX(data,,2) = monthName, INDEX(data,,3) = year),\n        INDEX(filteredData,,4)\n      )\n    ),\n  result\n)	1		
تعداد فیش هرشب	B518		LET(\n  inputDate, AN,\n  sheetName, "اهداف فروش",\n  dataRange, "A:G",\n  result,\n    IF(\n      ISBLANK(inputDate),\n      "",\n      LET(\n        date, GREG_TO_JALALI(inputDate),\n        monthName, GET_JALALI_MONTH_NAME(date),\n        year, GET_JALALI_YEAR(date),\n        data, IMPORT_FROM_SHEET(SheetsFileId_Accounting_Chalebagh, sheetName, dataRange),\n        filteredData, FILTER(data, INDEX(data,,2) = monthName, INDEX(data,,3) = year),\n        INDEX(filteredData,,4)\n      )\n    ),\n  result\n)	1		
تعداد فیش هرشب	B519		LET(\n  inputDate, AN,\n  sheetName, "اهداف فروش",\n  dataRange, "A:G",\n  result,\n    IF(\n      ISBLANK(inputDate),\n      "",\n      LET(\n        date, GREG_TO_JALALI(inputDate),\n        monthName, GET_JALALI_MONTH_NAME(date),\n        year, GET_JALALI_YEAR(date),\n        data, IMPORT_FROM_SHEET(SheetsFileId_Accounting_Chalebagh, sheetName, dataRange),\n        filteredData, FILTER(data, INDEX(data,,2) = monthName, INDEX(data,,3) = year),\n        INDEX(filteredData,,4)\n      )\n    ),\n  result\n)	1		
تعداد فیش هرشب	B520		LET(\n  inputDate, AN,\n  sheetName, "اهداف فروش",\n  dataRange, "A:G",\n  result,\n    IF(\n      ISBLANK(inputDate),\n      "",\n      LET(\n        date, GREG_TO_JALALI(inputDate),\n        monthName, GET_JALALI_MONTH_NAME(date),\n        year, GET_JALALI_YEAR(date),\n        data, IMPORT_FROM_SHEET(SheetsFileId_Accounting_Chalebagh, sheetName, dataRange),\n        filteredData, FILTER(data, INDEX(data,,2) = monthName, INDEX(data,,3) = year),\n        INDEX(filteredData,,4)\n      )\n    ),\n  result\n)	1		
تعداد فیش هرشب	B521		LET(\n  inputDate, AN,\n  sheetName, "اهداف فروش",\n  dataRange, "A:G",\n  result,\n    IF(\n      ISBLANK(inputDate),\n      "",\n      LET(\n        date, GREG_TO_JALALI(inputDate),\n        monthName, GET_JALALI_MONTH_NAME(date),\n        year, GET_JALALI_YEAR(date),\n        data, IMPORT_FROM_SHEET(SheetsFileId_Accounting_Chalebagh, sheetName, dataRange),\n        filteredData, FILTER(data, INDEX(data,,2) = monthName, INDEX(data,,3) = year),\n        INDEX(filteredData,,4)\n      )\n    ),\n  result\n)	1		
تعداد فیش هرشب	B522		LET(\n  inputDate, AN,\n  sheetName, "اهداف فروش",\n  dataRange, "A:G",\n  result,\n    IF(\n      ISBLANK(inputDate),\n      "",\n      LET(\n        date, GREG_TO_JALALI(inputDate),\n        monthName, GET_JALALI_MONTH_NAME(date),\n        year, GET_JALALI_YEAR(date),\n        data, IMPORT_FROM_SHEET(SheetsFileId_Accounting_Chalebagh, sheetName, dataRange),\n        filteredData, FILTER(data, INDEX(data,,2) = monthName, INDEX(data,,3) = year),\n        INDEX(filteredData,,4)\n      )\n    ),\n  result\n)	1		
تعداد فیش هرشب	B523		LET(\n  inputDate, AN,\n  sheetName, "اهداف فروش",\n  dataRange, "A:G",\n  result,\n    IF(\n      ISBLANK(inputDate),\n      "",\n      LET(\n        date, GREG_TO_JALALI(inputDate),\n        monthName, GET_JALALI_MONTH_NAME(date),\n        year, GET_JALALI_YEAR(date),\n        data, IMPORT_FROM_SHEET(SheetsFileId_Accounting_Chalebagh, sheetName, dataRange),\n        filteredData, FILTER(data, INDEX(data,,2) = monthName, INDEX(data,,3) = year),\n        INDEX(filteredData,,4)\n      )\n    ),\n  result\n)	1		
تعداد فیش هرشب	B524		LET(\n  inputDate, AN,\n  sheetName, "اهداف فروش",\n  dataRange, "A:G",\n  result,\n    IF(\n      ISBLANK(inputDate),\n      "",\n      LET(\n        date, GREG_TO_JALALI(inputDate),\n        monthName, GET_JALALI_MONTH_NAME(date),\n        year, GET_JALALI_YEAR(date),\n        data, IMPORT_FROM_SHEET(SheetsFileId_Accounting_Chalebagh, sheetName, dataRange),\n        filteredData, FILTER(data, INDEX(data,,2) = monthName, INDEX(data,,3) = year),\n        INDEX(filteredData,,4)\n      )\n    ),\n  result\n)	1		
تعداد فیش هرشب	B525		LET(\n  inputDate, AN,\n  sheetName, "اهداف فروش",\n  dataRange, "A:G",\n  result,\n    IF(\n      ISBLANK(inputDate),\n      "",\n      LET(\n        date, GREG_TO_JALALI(inputDate),\n        monthName, GET_JALALI_MONTH_NAME(date),\n        year, GET_JALALI_YEAR(date),\n        data, IMPORT_FROM_SHEET(SheetsFileId_Accounting_Chalebagh, sheetName, dataRange),\n        filteredData, FILTER(data, INDEX(data,,2) = monthName, INDEX(data,,3) = year),\n        INDEX(filteredData,,4)\n      )\n    ),\n  result\n)	1		
تعداد فیش هرشب	B526		LET(\n  inputDate, AN,\n  sheetName, "اهداف فروش",\n  dataRange, "A:G",\n  result,\n    IF(\n      ISBLANK(inputDate),\n      "",\n      LET(\n        date, GREG_TO_JALALI(inputDate),\n        monthName, GET_JALALI_MONTH_NAME(date),\n        year, GET_JALALI_YEAR(date),\n        data, IMPORT_FROM_SHEET(SheetsFileId_Accounting_Chalebagh, sheetName, dataRange),\n        filteredData, FILTER(data, INDEX(data,,2) = monthName, INDEX(data,,3) = year),\n        INDEX(filteredData,,4)\n      )\n    ),\n  result\n)	1		
تعداد فیش هرشب	B527		LET(\n  inputDate, AN,\n  sheetName, "اهداف فروش",\n  dataRange, "A:G",\n  result,\n    IF(\n      ISBLANK(inputDate),\n      "",\n      LET(\n        date, GREG_TO_JALALI(inputDate),\n        monthName, GET_JALALI_MONTH_NAME(date),\n        year, GET_JALALI_YEAR(date),\n        data, IMPORT_FROM_SHEET(SheetsFileId_Accounting_Chalebagh, sheetName, dataRange),\n        filteredData, FILTER(data, INDEX(data,,2) = monthName, INDEX(data,,3) = year),\n        INDEX(filteredData,,4)\n      )\n    ),\n  result\n)	1		
تعداد فیش هرشب	B528		LET(\n  inputDate, AN,\n  sheetName, "اهداف فروش",\n  dataRange, "A:G",\n  result,\n    IF(\n      ISBLANK(inputDate),\n      "",\n      LET(\n        date, GREG_TO_JALALI(inputDate),\n        monthName, GET_JALALI_MONTH_NAME(date),\n        year, GET_JALALI_YEAR(date),\n        data, IMPORT_FROM_SHEET(SheetsFileId_Accounting_Chalebagh, sheetName, dataRange),\n        filteredData, FILTER(data, INDEX(data,,2) = monthName, INDEX(data,,3) = year),\n        INDEX(filteredData,,4)\n      )\n    ),\n  result\n)	1		
تعداد فیش هرشب	B529		LET(\n  inputDate, AN,\n  sheetName, "اهداف فروش",\n  dataRange, "A:G",\n  result,\n    IF(\n      ISBLANK(inputDate),\n      "",\n      LET(\n        date, GREG_TO_JALALI(inputDate),\n        monthName, GET_JALALI_MONTH_NAME(date),\n        year, GET_JALALI_YEAR(date),\n        data, IMPORT_FROM_SHEET(SheetsFileId_Accounting_Chalebagh, sheetName, dataRange),\n        filteredData, FILTER(data, INDEX(data,,2) = monthName, INDEX(data,,3) = year),\n        INDEX(filteredData,,4)\n      )\n    ),\n  result\n)	1		
تعداد فیش هرشب	B530		LET(\n  inputDate, AN,\n  sheetName, "اهداف فروش",\n  dataRange, "A:G",\n  result,\n    IF(\n      ISBLANK(inputDate),\n      "",\n      LET(\n        date, GREG_TO_JALALI(inputDate),\n        monthName, GET_JALALI_MONTH_NAME(date),\n        year, GET_JALALI_YEAR(date),\n        data, IMPORT_FROM_SHEET(SheetsFileId_Accounting_Chalebagh, sheetName, dataRange),\n        filteredData, FILTER(data, INDEX(data,,2) = monthName, INDEX(data,,3) = year),\n        INDEX(filteredData,,4)\n      )\n    ),\n  result\n)	1		
تعداد فیش هرشب	B531		LET(\n  inputDate, AN,\n  sheetName, "اهداف فروش",\n  dataRange, "A:G",\n  result,\n    IF(\n      ISBLANK(inputDate),\n      "",\n      LET(\n        date, GREG_TO_JALALI(inputDate),\n        monthName, GET_JALALI_MONTH_NAME(date),\n        year, GET_JALALI_YEAR(date),\n        data, IMPORT_FROM_SHEET(SheetsFileId_Accounting_Chalebagh, sheetName, dataRange),\n        filteredData, FILTER(data, INDEX(data,,2) = monthName, INDEX(data,,3) = year),\n        INDEX(filteredData,,4)\n      )\n    ),\n  result\n)	1		
تعداد فیش هرشب	B532		LET(\n  inputDate, AN,\n  sheetName, "اهداف فروش",\n  dataRange, "A:G",\n  result,\n    IF(\n      ISBLANK(inputDate),\n      "",\n      LET(\n        date, GREG_TO_JALALI(inputDate),\n        monthName, GET_JALALI_MONTH_NAME(date),\n        year, GET_JALALI_YEAR(date),\n        data, IMPORT_FROM_SHEET(SheetsFileId_Accounting_Chalebagh, sheetName, dataRange),\n        filteredData, FILTER(data, INDEX(data,,2) = monthName, INDEX(data,,3) = year),\n        INDEX(filteredData,,4)\n      )\n    ),\n  result\n)	1		
تعداد فیش هرشب	B533		LET(\n  inputDate, AN,\n  sheetName, "اهداف فروش",\n  dataRange, "A:G",\n  result,\n    IF(\n      ISBLANK(inputDate),\n      "",\n      LET(\n        date, GREG_TO_JALALI(inputDate),\n        monthName, GET_JALALI_MONTH_NAME(date),\n        year, GET_JALALI_YEAR(date),\n        data, IMPORT_FROM_SHEET(SheetsFileId_Accounting_Chalebagh, sheetName, dataRange),\n        filteredData, FILTER(data, INDEX(data,,2) = monthName, INDEX(data,,3) = year),\n        INDEX(filteredData,,4)\n      )\n    ),\n  result\n)	1		
تعداد فیش هرشب	B534		LET(\n  inputDate, AN,\n  sheetName, "اهداف فروش",\n  dataRange, "A:G",\n  result,\n    IF(\n      ISBLANK(inputDate),\n      "",\n      LET(\n        date, GREG_TO_JALALI(inputDate),\n        monthName, GET_JALALI_MONTH_NAME(date),\n        year, GET_JALALI_YEAR(date),\n        data, IMPORT_FROM_SHEET(SheetsFileId_Accounting_Chalebagh, sheetName, dataRange),\n        filteredData, FILTER(data, INDEX(data,,2) = monthName, INDEX(data,,3) = year),\n        INDEX(filteredData,,4)\n      )\n    ),\n  result\n)	1		
تعداد فیش هرشب	B535		LET(\n  inputDate, AN,\n  sheetName, "اهداف فروش",\n  dataRange, "A:G",\n  result,\n    IF(\n      ISBLANK(inputDate),\n      "",\n      LET(\n        date, GREG_TO_JALALI(inputDate),\n        monthName, GET_JALALI_MONTH_NAME(date),\n        year, GET_JALALI_YEAR(date),\n        data, IMPORT_FROM_SHEET(SheetsFileId_Accounting_Chalebagh, sheetName, dataRange),\n        filteredData, FILTER(data, INDEX(data,,2) = monthName, INDEX(data,,3) = year),\n        INDEX(filteredData,,4)\n      )\n    ),\n  result\n)	1		
تعداد فیش هرشب	B536		LET(\n  inputDate, AN,\n  sheetName, "اهداف فروش",\n  dataRange, "A:G",\n  result,\n    IF(\n      ISBLANK(inputDate),\n      "",\n      LET(\n        date, GREG_TO_JALALI(inputDate),\n        monthName, GET_JALALI_MONTH_NAME(date),\n        year, GET_JALALI_YEAR(date),\n        data, IMPORT_FROM_SHEET(SheetsFileId_Accounting_Chalebagh, sheetName, dataRange),\n        filteredData, FILTER(data, INDEX(data,,2) = monthName, INDEX(data,,3) = year),\n        INDEX(filteredData,,4)\n      )\n    ),\n  result\n)	1		
تعداد فیش هرشب	B537		LET(\n  inputDate, AN,\n  sheetName, "اهداف فروش",\n  dataRange, "A:G",\n  result,\n    IF(\n      ISBLANK(inputDate),\n      "",\n      LET(\n        date, GREG_TO_JALALI(inputDate),\n        monthName, GET_JALALI_MONTH_NAME(date),\n        year, GET_JALALI_YEAR(date),\n        data, IMPORT_FROM_SHEET(SheetsFileId_Accounting_Chalebagh, sheetName, dataRange),\n        filteredData, FILTER(data, INDEX(data,,2) = monthName, INDEX(data,,3) = year),\n        INDEX(filteredData,,4)\n      )\n    ),\n  result\n)	1		
تعداد فیش هرشب	B538		LET(\n  inputDate, AN,\n  sheetName, "اهداف فروش",\n  dataRange, "A:G",\n  result,\n    IF(\n      ISBLANK(inputDate),\n      "",\n      LET(\n        date, GREG_TO_JALALI(inputDate),\n        monthName, GET_JALALI_MONTH_NAME(date),\n        year, GET_JALALI_YEAR(date),\n        data, IMPORT_FROM_SHEET(SheetsFileId_Accounting_Chalebagh, sheetName, dataRange),\n        filteredData, FILTER(data, INDEX(data,,2) = monthName, INDEX(data,,3) = year),\n        INDEX(filteredData,,4)\n      )\n    ),\n  result\n)	1		
تعداد فیش هرشب	B539		LET(\n  inputDate, AN,\n  sheetName, "اهداف فروش",\n  dataRange, "A:G",\n  result,\n    IF(\n      ISBLANK(inputDate),\n      "",\n      LET(\n        date, GREG_TO_JALALI(inputDate),\n        monthName, GET_JALALI_MONTH_NAME(date),\n        year, GET_JALALI_YEAR(date),\n        data, IMPORT_FROM_SHEET(SheetsFileId_Accounting_Chalebagh, sheetName, dataRange),\n        filteredData, FILTER(data, INDEX(data,,2) = monthName, INDEX(data,,3) = year),\n        INDEX(filteredData,,4)\n      )\n    ),\n  result\n)	1		
تعداد فیش هرشب	B540		LET(\n  inputDate, AN,\n  sheetName, "اهداف فروش",\n  dataRange, "A:G",\n  result,\n    IF(\n      ISBLANK(inputDate),\n      "",\n      LET(\n        date, GREG_TO_JALALI(inputDate),\n        monthName, GET_JALALI_MONTH_NAME(date),\n        year, GET_JALALI_YEAR(date),\n        data, IMPORT_FROM_SHEET(SheetsFileId_Accounting_Chalebagh, sheetName, dataRange),\n        filteredData, FILTER(data, INDEX(data,,2) = monthName, INDEX(data,,3) = year),\n        INDEX(filteredData,,4)\n      )\n    ),\n  result\n)	1		
تعداد فیش هرشب	B541		LET(\n  inputDate, AN,\n  sheetName, "اهداف فروش",\n  dataRange, "A:G",\n  result,\n    IF(\n      ISBLANK(inputDate),\n      "",\n      LET(\n        date, GREG_TO_JALALI(inputDate),\n        monthName, GET_JALALI_MONTH_NAME(date),\n        year, GET_JALALI_YEAR(date),\n        data, IMPORT_FROM_SHEET(SheetsFileId_Accounting_Chalebagh, sheetName, dataRange),\n        filteredData, FILTER(data, INDEX(data,,2) = monthName, INDEX(data,,3) = year),\n        INDEX(filteredData,,4)\n      )\n    ),\n  result\n)	1		
تعداد فیش هرشب	B542		LET(\n  inputDate, AN,\n  sheetName, "اهداف فروش",\n  dataRange, "A:G",\n  result,\n    IF(\n      ISBLANK(inputDate),\n      "",\n      LET(\n        date, GREG_TO_JALALI(inputDate),\n        monthName, GET_JALALI_MONTH_NAME(date),\n        year, GET_JALALI_YEAR(date),\n        data, IMPORT_FROM_SHEET(SheetsFileId_Accounting_Chalebagh, sheetName, dataRange),\n        filteredData, FILTER(data, INDEX(data,,2) = monthName, INDEX(data,,3) = year),\n        INDEX(filteredData,,4)\n      )\n    ),\n  result\n)	1		
تعداد فیش هرشب	B543		LET(\n  inputDate, AN,\n  sheetName, "اهداف فروش",\n  dataRange, "A:G",\n  result,\n    IF(\n      ISBLANK(inputDate),\n      "",\n      LET(\n        date, GREG_TO_JALALI(inputDate),\n        monthName, GET_JALALI_MONTH_NAME(date),\n        year, GET_JALALI_YEAR(date),\n        data, IMPORT_FROM_SHEET(SheetsFileId_Accounting_Chalebagh, sheetName, dataRange),\n        filteredData, FILTER(data, INDEX(data,,2) = monthName, INDEX(data,,3) = year),\n        INDEX(filteredData,,4)\n      )\n    ),\n  result\n)	1		
تعداد فیش هرشب	B544		LET(\n  inputDate, AN,\n  sheetName, "اهداف فروش",\n  dataRange, "A:G",\n  result,\n    IF(\n      ISBLANK(inputDate),\n      "",\n      LET(\n        date, GREG_TO_JALALI(inputDate),\n        monthName, GET_JALALI_MONTH_NAME(date),\n        year, GET_JALALI_YEAR(date),\n        data, IMPORT_FROM_SHEET(SheetsFileId_Accounting_Chalebagh, sheetName, dataRange),\n        filteredData, FILTER(data, INDEX(data,,2) = monthName, INDEX(data,,3) = year),\n        INDEX(filteredData,,4)\n      )\n    ),\n  result\n)	1		
تعداد فیش هرشب	B545		LET(\n  inputDate, AN,\n  sheetName, "اهداف فروش",\n  dataRange, "A:G",\n  result,\n    IF(\n      ISBLANK(inputDate),\n      "",\n      LET(\n        date, GREG_TO_JALALI(inputDate),\n        monthName, GET_JALALI_MONTH_NAME(date),\n        year, GET_JALALI_YEAR(date),\n        data, IMPORT_FROM_SHEET(SheetsFileId_Accounting_Chalebagh, sheetName, dataRange),\n        filteredData, FILTER(data, INDEX(data,,2) = monthName, INDEX(data,,3) = year),\n        INDEX(filteredData,,4)\n      )\n    ),\n  result\n)	1		
تعداد فیش هرشب	B546		LET(\n  inputDate, AN,\n  sheetName, "اهداف فروش",\n  dataRange, "A:G",\n  result,\n    IF(\n      ISBLANK(inputDate),\n      "",\n      LET(\n        date, GREG_TO_JALALI(inputDate),\n        monthName, GET_JALALI_MONTH_NAME(date),\n        year, GET_JALALI_YEAR(date),\n        data, IMPORT_FROM_SHEET(SheetsFileId_Accounting_Chalebagh, sheetName, dataRange),\n        filteredData, FILTER(data, INDEX(data,,2) = monthName, INDEX(data,,3) = year),\n        INDEX(filteredData,,4)\n      )\n    ),\n  result\n)	1		
تعداد فیش هرشب	B547		LET(\n  inputDate, AN,\n  sheetName, "اهداف فروش",\n  dataRange, "A:G",\n  result,\n    IF(\n      ISBLANK(inputDate),\n      "",\n      LET(\n        date, GREG_TO_JALALI(inputDate),\n        monthName, GET_JALALI_MONTH_NAME(date),\n        year, GET_JALALI_YEAR(date),\n        data, IMPORT_FROM_SHEET(SheetsFileId_Accounting_Chalebagh, sheetName, dataRange),\n        filteredData, FILTER(data, INDEX(data,,2) = monthName, INDEX(data,,3) = year),\n        INDEX(filteredData,,4)\n      )\n    ),\n  result\n)	1		
تعداد فیش هرشب	B548		LET(\n  inputDate, AN,\n  sheetName, "اهداف فروش",\n  dataRange, "A:G",\n  result,\n    IF(\n      ISBLANK(inputDate),\n      "",\n      LET(\n        date, GREG_TO_JALALI(inputDate),\n        monthName, GET_JALALI_MONTH_NAME(date),\n        year, GET_JALALI_YEAR(date),\n        data, IMPORT_FROM_SHEET(SheetsFileId_Accounting_Chalebagh, sheetName, dataRange),\n        filteredData, FILTER(data, INDEX(data,,2) = monthName, INDEX(data,,3) = year),\n        INDEX(filteredData,,4)\n      )\n    ),\n  result\n)	1		
تعداد فیش هرشب	B549		LET(\n  inputDate, AN,\n  sheetName, "اهداف فروش",\n  dataRange, "A:G",\n  result,\n    IF(\n      ISBLANK(inputDate),\n      "",\n      LET(\n        date, GREG_TO_JALALI(inputDate),\n        monthName, GET_JALALI_MONTH_NAME(date),\n        year, GET_JALALI_YEAR(date),\n        data, IMPORT_FROM_SHEET(SheetsFileId_Accounting_Chalebagh, sheetName, dataRange),\n        filteredData, FILTER(data, INDEX(data,,2) = monthName, INDEX(data,,3) = year),\n        INDEX(filteredData,,4)\n      )\n    ),\n  result\n)	1		
تعداد فیش هرشب	B550		LET(\n  inputDate, AN,\n  sheetName, "اهداف فروش",\n  dataRange, "A:G",\n  result,\n    IF(\n      ISBLANK(inputDate),\n      "",\n      LET(\n        date, GREG_TO_JALALI(inputDate),\n        monthName, GET_JALALI_MONTH_NAME(date),\n        year, GET_JALALI_YEAR(date),\n        data, IMPORT_FROM_SHEET(SheetsFileId_Accounting_Chalebagh, sheetName, dataRange),\n        filteredData, FILTER(data, INDEX(data,,2) = monthName, INDEX(data,,3) = year),\n        INDEX(filteredData,,4)\n      )\n    ),\n  result\n)	1		
تعداد فیش هرشب	B551		LET(\n  inputDate, AN,\n  sheetName, "اهداف فروش",\n  dataRange, "A:G",\n  result,\n    IF(\n      ISBLANK(inputDate),\n      "",\n      LET(\n        date, GREG_TO_JALALI(inputDate),\n        monthName, GET_JALALI_MONTH_NAME(date),\n        year, GET_JALALI_YEAR(date),\n        data, IMPORT_FROM_SHEET(SheetsFileId_Accounting_Chalebagh, sheetName, dataRange),\n        filteredData, FILTER(data, INDEX(data,,2) = monthName, INDEX(data,,3) = year),\n        INDEX(filteredData,,4)\n      )\n    ),\n  result\n)	1		
تعداد فیش هرشب	B552		LET(\n  inputDate, AN,\n  sheetName, "اهداف فروش",\n  dataRange, "A:G",\n  result,\n    IF(\n      ISBLANK(inputDate),\n      "",\n      LET(\n        date, GREG_TO_JALALI(inputDate),\n        monthName, GET_JALALI_MONTH_NAME(date),\n        year, GET_JALALI_YEAR(date),\n        data, IMPORT_FROM_SHEET(SheetsFileId_Accounting_Chalebagh, sheetName, dataRange),\n        filteredData, FILTER(data, INDEX(data,,2) = monthName, INDEX(data,,3) = year),\n        INDEX(filteredData,,4)\n      )\n    ),\n  result\n)	1		
تعداد فیش هرشب	B553		LET(\n  inputDate, AN,\n  sheetName, "اهداف فروش",\n  dataRange, "A:G",\n  result,\n    IF(\n      ISBLANK(inputDate),\n      "",\n      LET(\n        date, GREG_TO_JALALI(inputDate),\n        monthName, GET_JALALI_MONTH_NAME(date),\n        year, GET_JALALI_YEAR(date),\n        data, IMPORT_FROM_SHEET(SheetsFileId_Accounting_Chalebagh, sheetName, dataRange),\n        filteredData, FILTER(data, INDEX(data,,2) = monthName, INDEX(data,,3) = year),\n        INDEX(filteredData,,4)\n      )\n    ),\n  result\n)	1		
تعداد فیش هرشب	B554		LET(\n  inputDate, AN,\n  sheetName, "اهداف فروش",\n  dataRange, "A:G",\n  result,\n    IF(\n      ISBLANK(inputDate),\n      "",\n      LET(\n        date, GREG_TO_JALALI(inputDate),\n        monthName, GET_JALALI_MONTH_NAME(date),\n        year, GET_JALALI_YEAR(date),\n        data, IMPORT_FROM_SHEET(SheetsFileId_Accounting_Chalebagh, sheetName, dataRange),\n        filteredData, FILTER(data, INDEX(data,,2) = monthName, INDEX(data,,3) = year),\n        INDEX(filteredData,,4)\n      )\n    ),\n  result\n)	1		
تعداد فیش هرشب	B555		LET(\n  inputDate, AN,\n  sheetName, "اهداف فروش",\n  dataRange, "A:G",\n  result,\n    IF(\n      ISBLANK(inputDate),\n      "",\n      LET(\n        date, GREG_TO_JALALI(inputDate),\n        monthName, GET_JALALI_MONTH_NAME(date),\n        year, GET_JALALI_YEAR(date),\n        data, IMPORT_FROM_SHEET(SheetsFileId_Accounting_Chalebagh, sheetName, dataRange),\n        filteredData, FILTER(data, INDEX(data,,2) = monthName, INDEX(data,,3) = year),\n        INDEX(filteredData,,4)\n      )\n    ),\n  result\n)	1		
تعداد فیش هرشب	B556		LET(\n  inputDate, AN,\n  sheetName, "اهداف فروش",\n  dataRange, "A:G",\n  result,\n    IF(\n      ISBLANK(inputDate),\n      "",\n      LET(\n        date, GREG_TO_JALALI(inputDate),\n        monthName, GET_JALALI_MONTH_NAME(date),\n        year, GET_JALALI_YEAR(date),\n        data, IMPORT_FROM_SHEET(SheetsFileId_Accounting_Chalebagh, sheetName, dataRange),\n        filteredData, FILTER(data, INDEX(data,,2) = monthName, INDEX(data,,3) = year),\n        INDEX(filteredData,,4)\n      )\n    ),\n  result\n)	1		
تعداد فیش هرشب	B557		LET(\n  inputDate, AN,\n  sheetName, "اهداف فروش",\n  dataRange, "A:G",\n  result,\n    IF(\n      ISBLANK(inputDate),\n      "",\n      LET(\n        date, GREG_TO_JALALI(inputDate),\n        monthName, GET_JALALI_MONTH_NAME(date),\n        year, GET_JALALI_YEAR(date),\n        data, IMPORT_FROM_SHEET(SheetsFileId_Accounting_Chalebagh, sheetName, dataRange),\n        filteredData, FILTER(data, INDEX(data,,2) = monthName, INDEX(data,,3) = year),\n        INDEX(filteredData,,4)\n      )\n    ),\n  result\n)	1		
تعداد فیش هرشب	B558		LET(\n  inputDate, AN,\n  sheetName, "اهداف فروش",\n  dataRange, "A:G",\n  result,\n    IF(\n      ISBLANK(inputDate),\n      "",\n      LET(\n        date, GREG_TO_JALALI(inputDate),\n        monthName, GET_JALALI_MONTH_NAME(date),\n        year, GET_JALALI_YEAR(date),\n        data, IMPORT_FROM_SHEET(SheetsFileId_Accounting_Chalebagh, sheetName, dataRange),\n        filteredData, FILTER(data, INDEX(data,,2) = monthName, INDEX(data,,3) = year),\n        INDEX(filteredData,,4)\n      )\n    ),\n  result\n)	1		
تعداد فیش هرشب	B559		LET(\n  inputDate, AN,\n  sheetName, "اهداف فروش",\n  dataRange, "A:G",\n  result,\n    IF(\n      ISBLANK(inputDate),\n      "",\n      LET(\n        date, GREG_TO_JALALI(inputDate),\n        monthName, GET_JALALI_MONTH_NAME(date),\n        year, GET_JALALI_YEAR(date),\n        data, IMPORT_FROM_SHEET(SheetsFileId_Accounting_Chalebagh, sheetName, dataRange),\n        filteredData, FILTER(data, INDEX(data,,2) = monthName, INDEX(data,,3) = year),\n        INDEX(filteredData,,4)\n      )\n    ),\n  result\n)	1		
تعداد فیش هرشب	B560		LET(\n  inputDate, AN,\n  sheetName, "اهداف فروش",\n  dataRange, "A:G",\n  result,\n    IF(\n      ISBLANK(inputDate),\n      "",\n      LET(\n        date, GREG_TO_JALALI(inputDate),\n        monthName, GET_JALALI_MONTH_NAME(date),\n        year, GET_JALALI_YEAR(date),\n        data, IMPORT_FROM_SHEET(SheetsFileId_Accounting_Chalebagh, sheetName, dataRange),\n        filteredData, FILTER(data, INDEX(data,,2) = monthName, INDEX(data,,3) = year),\n        INDEX(filteredData,,4)\n      )\n    ),\n  result\n)	1		
تعداد فیش هرشب	B561		LET(\n  inputDate, AN,\n  sheetName, "اهداف فروش",\n  dataRange, "A:G",\n  result,\n    IF(\n      ISBLANK(inputDate),\n      "",\n      LET(\n        date, GREG_TO_JALALI(inputDate),\n        monthName, GET_JALALI_MONTH_NAME(date),\n        year, GET_JALALI_YEAR(date),\n        data, IMPORT_FROM_SHEET(SheetsFileId_Accounting_Chalebagh, sheetName, dataRange),\n        filteredData, FILTER(data, INDEX(data,,2) = monthName, INDEX(data,,3) = year),\n        INDEX(filteredData,,4)\n      )\n    ),\n  result\n)	1		
تعداد فیش هرشب	B562		LET(\n  inputDate, AN,\n  sheetName, "اهداف فروش",\n  dataRange, "A:G",\n  result,\n    IF(\n      ISBLANK(inputDate),\n      "",\n      LET(\n        date, GREG_TO_JALALI(inputDate),\n        monthName, GET_JALALI_MONTH_NAME(date),\n        year, GET_JALALI_YEAR(date),\n        data, IMPORT_FROM_SHEET(SheetsFileId_Accounting_Chalebagh, sheetName, dataRange),\n        filteredData, FILTER(data, INDEX(data,,2) = monthName, INDEX(data,,3) = year),\n        INDEX(filteredData,,4)\n      )\n    ),\n  result\n)	1		
تعداد فیش هرشب	B563		LET(\n  inputDate, AN,\n  sheetName, "اهداف فروش",\n  dataRange, "A:G",\n  result,\n    IF(\n      ISBLANK(inputDate),\n      "",\n      LET(\n        date, GREG_TO_JALALI(inputDate),\n        monthName, GET_JALALI_MONTH_NAME(date),\n        year, GET_JALALI_YEAR(date),\n        data, IMPORT_FROM_SHEET(SheetsFileId_Accounting_Chalebagh, sheetName, dataRange),\n        filteredData, FILTER(data, INDEX(data,,2) = monthName, INDEX(data,,3) = year),\n        INDEX(filteredData,,4)\n      )\n    ),\n  result\n)	1		
تعداد فیش هرشب	B564		LET(\n  inputDate, AN,\n  sheetName, "اهداف فروش",\n  dataRange, "A:G",\n  result,\n    IF(\n      ISBLANK(inputDate),\n      "",\n      LET(\n        date, GREG_TO_JALALI(inputDate),\n        monthName, GET_JALALI_MONTH_NAME(date),\n        year, GET_JALALI_YEAR(date),\n        data, IMPORT_FROM_SHEET(SheetsFileId_Accounting_Chalebagh, sheetName, dataRange),\n        filteredData, FILTER(data, INDEX(data,,2) = monthName, INDEX(data,,3) = year),\n        INDEX(filteredData,,4)\n      )\n    ),\n  result\n)	1		
تعداد فیش هرشب	B565		LET(\n  inputDate, AN,\n  sheetName, "اهداف فروش",\n  dataRange, "A:G",\n  result,\n    IF(\n      ISBLANK(inputDate),\n      "",\n      LET(\n        date, GREG_TO_JALALI(inputDate),\n        monthName, GET_JALALI_MONTH_NAME(date),\n        year, GET_JALALI_YEAR(date),\n        data, IMPORT_FROM_SHEET(SheetsFileId_Accounting_Chalebagh, sheetName, dataRange),\n        filteredData, FILTER(data, INDEX(data,,2) = monthName, INDEX(data,,3) = year),\n        INDEX(filteredData,,4)\n      )\n    ),\n  result\n)	1		
تعداد فیش هرشب	B566		LET(\n  inputDate, AN,\n  sheetName, "اهداف فروش",\n  dataRange, "A:G",\n  result,\n    IF(\n      ISBLANK(inputDate),\n      "",\n      LET(\n        date, GREG_TO_JALALI(inputDate),\n        monthName, GET_JALALI_MONTH_NAME(date),\n        year, GET_JALALI_YEAR(date),\n        data, IMPORT_FROM_SHEET(SheetsFileId_Accounting_Chalebagh, sheetName, dataRange),\n        filteredData, FILTER(data, INDEX(data,,2) = monthName, INDEX(data,,3) = year),\n        INDEX(filteredData,,4)\n      )\n    ),\n  result\n)	1		
تعداد فیش هرشب	B567		LET(\n  inputDate, AN,\n  sheetName, "اهداف فروش",\n  dataRange, "A:G",\n  result,\n    IF(\n      ISBLANK(inputDate),\n      "",\n      LET(\n        date, GREG_TO_JALALI(inputDate),\n        monthName, GET_JALALI_MONTH_NAME(date),\n        year, GET_JALALI_YEAR(date),\n        data, IMPORT_FROM_SHEET(SheetsFileId_Accounting_Chalebagh, sheetName, dataRange),\n        filteredData, FILTER(data, INDEX(data,,2) = monthName, INDEX(data,,3) = year),\n        INDEX(filteredData,,4)\n      )\n    ),\n  result\n)	1		
تعداد فیش هرشب	B568		LET(\n  inputDate, AN,\n  sheetName, "اهداف فروش",\n  dataRange, "A:G",\n  result,\n    IF(\n      ISBLANK(inputDate),\n      "",\n      LET(\n        date, GREG_TO_JALALI(inputDate),\n        monthName, GET_JALALI_MONTH_NAME(date),\n        year, GET_JALALI_YEAR(date),\n        data, IMPORT_FROM_SHEET(SheetsFileId_Accounting_Chalebagh, sheetName, dataRange),\n        filteredData, FILTER(data, INDEX(data,,2) = monthName, INDEX(data,,3) = year),\n        INDEX(filteredData,,4)\n      )\n    ),\n  result\n)	1		
تعداد فیش هرشب	B569		LET(\n  inputDate, AN,\n  sheetName, "اهداف فروش",\n  dataRange, "A:G",\n  result,\n    IF(\n      ISBLANK(inputDate),\n      "",\n      LET(\n        date, GREG_TO_JALALI(inputDate),\n        monthName, GET_JALALI_MONTH_NAME(date),\n        year, GET_JALALI_YEAR(date),\n        data, IMPORT_FROM_SHEET(SheetsFileId_Accounting_Chalebagh, sheetName, dataRange),\n        filteredData, FILTER(data, INDEX(data,,2) = monthName, INDEX(data,,3) = year),\n        INDEX(filteredData,,4)\n      )\n    ),\n  result\n)	1		
تعداد فیش هرشب	B570		LET(\n  inputDate, AN,\n  sheetName, "اهداف فروش",\n  dataRange, "A:G",\n  result,\n    IF(\n      ISBLANK(inputDate),\n      "",\n      LET(\n        date, GREG_TO_JALALI(inputDate),\n        monthName, GET_JALALI_MONTH_NAME(date),\n        year, GET_JALALI_YEAR(date),\n        data, IMPORT_FROM_SHEET(SheetsFileId_Accounting_Chalebagh, sheetName, dataRange),\n        filteredData, FILTER(data, INDEX(data,,2) = monthName, INDEX(data,,3) = year),\n        INDEX(filteredData,,4)\n      )\n    ),\n  result\n)	1		
تعداد فیش هرشب	B571		LET(\n  inputDate, AN,\n  sheetName, "اهداف فروش",\n  dataRange, "A:G",\n  result,\n    IF(\n      ISBLANK(inputDate),\n      "",\n      LET(\n        date, GREG_TO_JALALI(inputDate),\n        monthName, GET_JALALI_MONTH_NAME(date),\n        year, GET_JALALI_YEAR(date),\n        data, IMPORT_FROM_SHEET(SheetsFileId_Accounting_Chalebagh, sheetName, dataRange),\n        filteredData, FILTER(data, INDEX(data,,2) = monthName, INDEX(data,,3) = year),\n        INDEX(filteredData,,4)\n      )\n    ),\n  result\n)	1		
تعداد فیش هرشب	B572		LET(\n  inputDate, AN,\n  sheetName, "اهداف فروش",\n  dataRange, "A:G",\n  result,\n    IF(\n      ISBLANK(inputDate),\n      "",\n      LET(\n        date, GREG_TO_JALALI(inputDate),\n        monthName, GET_JALALI_MONTH_NAME(date),\n        year, GET_JALALI_YEAR(date),\n        data, IMPORT_FROM_SHEET(SheetsFileId_Accounting_Chalebagh, sheetName, dataRange),\n        filteredData, FILTER(data, INDEX(data,,2) = monthName, INDEX(data,,3) = year),\n        INDEX(filteredData,,4)\n      )\n    ),\n  result\n)	1		
تعداد فیش هرشب	B573		LET(\n  inputDate, AN,\n  sheetName, "اهداف فروش",\n  dataRange, "A:G",\n  result,\n    IF(\n      ISBLANK(inputDate),\n      "",\n      LET(\n        date, GREG_TO_JALALI(inputDate),\n        monthName, GET_JALALI_MONTH_NAME(date),\n        year, GET_JALALI_YEAR(date),\n        data, IMPORT_FROM_SHEET(SheetsFileId_Accounting_Chalebagh, sheetName, dataRange),\n        filteredData, FILTER(data, INDEX(data,,2) = monthName, INDEX(data,,3) = year),\n        INDEX(filteredData,,4)\n      )\n    ),\n  result\n)	1		
تعداد فیش هرشب	B574		LET(\n  inputDate, AN,\n  sheetName, "اهداف فروش",\n  dataRange, "A:G",\n  result,\n    IF(\n      ISBLANK(inputDate),\n      "",\n      LET(\n        date, GREG_TO_JALALI(inputDate),\n        monthName, GET_JALALI_MONTH_NAME(date),\n        year, GET_JALALI_YEAR(date),\n        data, IMPORT_FROM_SHEET(SheetsFileId_Accounting_Chalebagh, sheetName, dataRange),\n        filteredData, FILTER(data, INDEX(data,,2) = monthName, INDEX(data,,3) = year),\n        INDEX(filteredData,,4)\n      )\n    ),\n  result\n)	1		
تعداد فیش هرشب	B575		LET(\n  inputDate, AN,\n  sheetName, "اهداف فروش",\n  dataRange, "A:G",\n  result,\n    IF(\n      ISBLANK(inputDate),\n      "",\n      LET(\n        date, GREG_TO_JALALI(inputDate),\n        monthName, GET_JALALI_MONTH_NAME(date),\n        year, GET_JALALI_YEAR(date),\n        data, IMPORT_FROM_SHEET(SheetsFileId_Accounting_Chalebagh, sheetName, dataRange),\n        filteredData, FILTER(data, INDEX(data,,2) = monthName, INDEX(data,,3) = year),\n        INDEX(filteredData,,4)\n      )\n    ),\n  result\n)	1		
