sheet	range	group	formula	count	cached	error
تعداد فیش هرشب بجز سالن	B2		LET(\n  inputDate, AN,\n  sheetName, "اهداف فروش",\n  dataRange, "A:G",\n  result,\n    IF(\n      ISBLANK(inputDate),\n      "",\n      LET(\n        date, GREG_TO_JALALI(inputDate),\n        monthName, GET_JALALI_MONTH_NAME(date),\n        year, GET_JALALI_YEAR(date),\n        data, IMPORT_FROM_SHEET(SheetsFileId_Accounting_Chalebagh, sheetName, dataRange),\n        filteredData, FILTER(data, INDEX(data,,2) = monthName, INDEX(data,,3) = year),\n        INDEX(filteredData,,5)\n      )\n    ),\n  result\n)\n	1	#N/A	#N/A
تعداد فیش هرشب بجز سالن	D2:D585	1	CN-BN	584	#N/A	#N/A
تعداد فیش هرشب بجز سالن	B4		LET(\n  inputDate, AN,\n  sheetName, "اهداف فروش",\n  dataRange, "A:G",\n  result,\n    IF(\n      ISBLANK(inputDate),\n      "",\n      LET(\n        date, GREG_TO_JALALI(inputDate),\n        monthName, GET_JALALI_MONTH_NAME(date),\n        year, GET_JALALI_YEAR(date),\n        data, IMPORT_FROM_SHEET(SheetsFileId_Accounting_Chalebagh, sheetName, dataRange),\n        filteredData, FILTER(data, INDEX(data,,2) = monthName, INDEX(data,,3) = year),\n        INDEX(filteredData,,5)\n      )\n    ),\n  result\n)\n	1	#N/A	#N/A
تعداد فیش هرشب بجز سالن	B5		LET(\n  inputDate, AN,\n  sheetName, "اهداف فروش",\n  dataRange, "A:G",\n  result,\n    IF(\n      ISBLANK(inputDate),\n      "",\n      LET(\n        date, GREG_TO_JALALI(inputDate),\n        monthName, GET_JALALI_MONTH_NAME(date),\n        year, GET_JALALI_YEAR(date),\n        data, IMPORT_FROM_SHEET(SheetsFileId_Accounting_Chalebagh, sheetName, dataRange),\n        filteredData, FILTER(data, INDEX(data,,2) = monthName, INDEX(data,,3) = year),\n        INDEX(filteredData,,5)\n      )\n    ),\n  result\n)\n	1	#N/A	#N/A
تعداد فیش هرشب بجز سالن	B6		LET(\n  inputDate, AN,\n  sheetName, "اهداف فروش",\n  dataRange, "A:G",\n  result,\n    IF(\n      ISBLANK(inputDate),\n      "",\n      LET(\n        date, GREG_TO_JALALI(inputDate),\n        monthName, GET_JALALI_MONTH_NAME(date),\n        year, GET_JALALI_YEAR(date),\n        data, IMPORT_FROM_SHEET(SheetsFileId_Accounting_Chalebagh, sheetName, dataRange),\n        filteredData, FILTER(data, INDEX(data,,2) = monthName, INDEX(data,,3) = year),\n        INDEX(filteredData,,5)\n      )\n    ),\n  result\n)\n	1	#N/A	#N/A
تعداد فیش هرشب بجز سالن	B7		LET(\n  inputDate, AN,\n  sheetName, "اهداف فروش",\n  dataRange, "A:G",\n  result,\n    IF(\n      ISBLANK(inputDate),\n      "",\n      LET(\n        date, GREG_TO_JALALI(inputDate),\n        monthName, GET_JALALI_MONTH_NAME(date),\n        year, GET_JALALI_YEAR(date),\n        data, IMPORT_FROM_SHEET(SheetsFileId_Accounting_Chalebagh, sheetName, dataRange),\n        filteredData, FILTER(data, INDEX(data,,2) = monthName, INDEX(data,,3) = year),\n        INDEX(filteredData,,5)\n      )\n    ),\n  result\n)\n	1	#N/A	#N/A
تعداد فیش هرشب بجز سالن	B8		LET(\n  inputDate, AN,\n  sheetName, "اهداف فروش",\n  dataRange, "A:G",\n  result,\n    IF(\n      ISBLANK(inputDate),\n      "",\n      LET(\n        date, GREG_TO_JALALI(inputDate),\n        monthName, GET_JALALI_MONTH_NAME(date),\n        year, GET_JALALI_YEAR(date),\n        data, IMPORT_FROM_SHEET(SheetsFileId_Accounting_Chalebagh, sheetName, dataRange),\n        filteredData, FILTER(data, INDEX(data,,2) = monthName, INDEX(data,,3) = year),\n        INDEX(filteredData,,5)\n      )\n    ),\n  result\n)\n	1	#N/A	#N/A
تعداد فیش هرشب بجز سالن	B9		LET(\n  inputDate, AN,\n  sheetName, "اهداف فروش",\n  dataRange, "A:G",\n  result,\n    IF(\n      ISBLANK(inputDate),\n      "",\n      LET(\n        date, GREG_TO_JALALI(inputDate),\n        monthName, GET_JALALI_MONTH_NAME(date),\n        year, GET_JALALI_YEAR(date),\n        data, IMPORT_FROM_SHEET(SheetsFileId_Accounting_Chalebagh, sheetName, dataRange),\n        filteredData, FILTER(data, INDEX(data,,2) = monthName, INDEX(data,,3) = year),\n        INDEX(filteredData,,5)\n      )\n    ),\n  result\n)\n	1	#N/A	#N/A
تعداد فیش هرشب بجز سالن	B10		LET(\n  inputDate, AN,\n  sheetName, "اهداف فروش",\n  dataRange, "A:G",\n  result,\n    IF(\n      ISBLANK(inputDate),\n      "",\n      LET(\n        date, GREG_TO_JALALI(inputDate),\n        monthName, GET_JALALI_MONTH_NAME(date),\n        year, GET_JALALI_YEAR(date),\n        data, IMPORT_FROM_SHEET(SheetsFileId_Accounting_Chalebagh, sheetName, dataRange),\n        filteredData, FILTER(data, INDEX(data,,2) = monthName, INDEX(data,,3) = year),\n        INDEX(filteredData,,5)\n      )\n    ),\n  result\n)\n	1	#N/A	#N/A
تعداد فیش هرشب بجز سالن	B11		LET(\n  inputDate, AN,\n  sheetName, "اهداف فروش",\n  dataRange, "A:G",\n  result,\n    IF(\n      ISBLANK(inputDate),\n      "",\n      LET(\n        date, GREG_TO_JALALI(inputDate),\n        monthName, GET_JALALI_MONTH_NAME(date),\n        year, GET_JALALI_YEAR(date),\n        data, IMPORT_FROM_SHEET(SheetsFileId_Accounting_Chalebagh, sheetName, dataRange),\n        filteredData, FILTER(data, INDEX(data,,2) = monthName, INDEX(data,,3) = year),\n        INDEX(filteredData,,5)\n      )\n    ),\n  result\n)\n	1	#N/A	#N/A
تعداد فیش هرشب بجز سالن	B12		LET(\n  inputDate, AN,\n  sheetName, "اهداف فروش",\n  dataRange, "A:G",\n  result,\n    IF(\n      ISBLANK(inputDate),\n      "",\n      LET(\n        date, GREG_TO_JALALI(inputDate),\n        monthName, GET_JALALI_MONTH_NAME(date),\n        year, GET_JALALI_YEAR(date),\n        data, IMPORT_FROM_SHEET(SheetsFileId_Accounting_Chalebagh, sheetName, dataRange),\n        filteredData, FILTER(data, INDEX(data,,2) = monthName, INDEX(data,,3) = year),\n        INDEX(filteredData,,5)\n      )\n    ),\n  result\n)\n	1	#N/A	#N/A
تعداد فیش هرشب بجز سالن	B13		LET(\n  inputDate, AN,\n  sheetName, "اهداف فروش",\n  dataRange, "A:G",\n  result,\n    IF(\n      ISBLANK(inputDate),\n      "",\n      LET(\n        date, GREG_TO_JALALI(inputDate),\n        monthName, GET_JALALI_MONTH_NAME(date),\n        year, GET_JALALI_YEAR(date),\n        data, IMPORT_FROM_SHEET(SheetsFileId_Accounting_Chalebagh, sheetName, dataRange),\n        filteredData, FILTER(data, INDEX(data,,2) = monthName, INDEX(data,,3) = year),\n        INDEX(filteredData,,5)\n      )\n    ),\n  result\n)\n	1	#N/A	#N/A
تعداد فیش هرشب بجز سالن	B14		LET(\n  inputDate, AN,\n  sheetName, "اهداف فروش",\n  dataRange, "A:G",\n  result,\n    IF(\n      ISBLANK(inputDate),\n      "",\n      LET(\n        date, GREG_TO_JALALI(inputDate),\n        monthName, GET_JALALI_MONTH_NAME(date),\n        year, GET_JALALI_YEAR(date),\n        data, IMPORT_FROM_SHEET(SheetsFileId_Accounting_Chalebagh, sheetName, dataRange),\n        filteredData, FILTER(data, INDEX(data,,2) = monthName, INDEX(data,,3) = year),\n        INDEX(filteredData,,5)\n      )\n    ),\n  result\n)\n	1	#N/A	#N/A
تعداد فیش هرشب بجز سالن	B15		LET(\n  inputDate, AN,\n  sheetName, "اهداف فروش",\n  dataRange, "A:G",\n  result,\n    IF(\n      ISBLANK(inputDate),\n      "",\n      LET(\n        date, GREG_TO_JALALI(inputDate),\n        monthName, GET_JALALI_MONTH_NAME(date),\n        year, GET_JALALI_YEAR(date),\n        data, IMPORT_FROM_SHEET(SheetsFileId_Accounting_Chalebagh, sheetName, dataRange),\n        filteredData, FILTER(data, INDEX(data,,2) = monthName, INDEX(data,,3) = year),\n        INDEX(filteredData,,5)\n      )\n    ),\n  result\n)\n	1	#N/A	#N/A
تعداد فیش هرشب بجز سالن	B16		LET(\n  inputDate, AN,\n  sheetName, "اهداف فروش",\n  dataRange, "A:G",\n  result,\n    IF(\n      ISBLANK(inputDate),\n      "",\n      LET(\n        date, GREG_TO_JALALI(inputDate),\n        monthName, GET_JALALI_MONTH_NAME(date),\n        year, GET_JALALI_YEAR(date),\n        data, IMPORT_FROM_SHEET(SheetsFileId_Accounting_Chalebagh, sheetName, dataRange),\n        filteredData, FILTER(data, INDEX(data,,2) = monthName, INDEX(data,,3) = year),\n        INDEX(filteredData,,5)\n      )\n    ),\n  result\n)\n	1	#N/A	#N/A
تعداد فیش هرشب بجز سالن	B17		LET(\n  inputDate, AN,\n  sheetName, "اهداف فروش",\n  dataRange, "A:G",\n  result,\n    IF(\n      ISBLANK(inputDate),\n      "",\n      LET(\n        date, GREG_TO_JALALI(inputDate),\n        monthName, GET_JALALI_MONTH_NAME(date),\n        year, GET_JALALI_YEAR(date),\n        data, IMPORT_FROM_SHEET(SheetsFileId_Accounting_Chalebagh, sheetName, dataRange),\n        filteredData, FILTER(data, INDEX(data,,2) = monthName, INDEX(data,,3) = year),\n        INDEX(filteredData,,5)\n      )\n    ),\n  result\n)\n	1	#N/A	#N/A
تعداد فیش هرشب بجز سالن	B18		LET(\n  inputDate, AN,\n  sheetName, "اهداف فروش",\n  dataRange, "A:G",\n  result,\n    IF(\n      ISBLANK(inputDate),\n      "",\n      LET(\n        date, GREG_TO_JALALI(inputDate),\n        monthName, GET_JALALI_MONTH_NAME(date),\n        year, GET_JALALI_YEAR(date),\n        data, IMPORT_FROM_SHEET(SheetsFileId_Accounting_Chalebagh, sheetName, dataRange),\n        filteredData, FILTER(data, INDEX(data,,2) = monthName, INDEX(data,,3) = year),\n        INDEX(filteredData,,5)\n      )\n    ),\n  result\n)\n	1	#N/A	#N/A
تعداد فیش هرشب بجز سالن	B19		LET(\n  inputDate, AN,\n  sheetName, "اهداف فروش",\n  dataRange, "A:G",\n  result,\n    IF(\n      ISBLANK(inputDate),\n      "",\n      LET(\n        date, GREG_TO_JALALI(inputDate),\n        monthName, GET_JALALI_MONTH_NAME(date),\n        year, GET_JALALI_YEAR(date),\n        data, IMPORT_FROM_SHEET(SheetsFileId_Accounting_Chalebagh, sheetName, dataRange),\n        filteredData, FILTER(data, INDEX(data,,2) = monthName, INDEX(data,,3) = year),\n        INDEX(filteredData,,5)\n      )\n    ),\n  result\n)\n	1	#N/A	#N/A
تعداد فیش هرشب بجز سالن	B20		LET(\n  inputDate, AN,\n  sheetName, "اهداف فروش",\n  dataRange, "A:G",\n  result,\n    IF(\n      ISBLANK(inputDate),\n      "",\n      LET(\n        date, GREG_TO_JALALI(inputDate),\n        monthName, GET_JALALI_MONTH_NAME(date),\n        year, GET_JALALI_YEAR(date),\n        data, IMPORT_FROM_SHEET(SheetsFileId_Accounting_Chalebagh, sheetName, dataRange),\n        filteredData, FILTER(data, INDEX(data,,2) = monthName, INDEX(data,,3) = year),\n        INDEX(filteredData,,5)\n      )\n    ),\n  result\n)\n	1	#N/A	#N/A
تعداد فیش هرشب بجز سالن	B21		LET(\n  inputDate, AN,\n  sheetName, "اهداف فروش",\n  dataRange, "A:G",\n  result,\n    IF(\n      ISBLANK(inputDate),\n      "",\n      LET(\n        date, GREG_TO_JALALI(inputDate),\n        monthName, GET_JALALI_MONTH_NAME(date),\n        year, GET_JALALI_YEAR(date),\n        data, IMPORT_FROM_SHEET(SheetsFileId_Accounting_Chalebagh, sheetName, dataRange),\n        filteredData, FILTER(data, INDEX(data,,2) = monthName, INDEX(data,,3) = year),\n        INDEX(filteredData,,5)\n      )\n    ),\n  result\n)\n	1	#N/A	#N/A
تعداد فیش هرشب بجز سالن	B22		LET(\n  inputDate, AN,\n  sheetName, "اهداف فروش",\n  dataRange, "A:G",\n  result,\n    IF(\n      ISBLANK(inputDate),\n      "",\n      LET(\n        date, GREG_TO_JALALI(inputDate),\n        monthName, GET_JALALI_MONTH_NAME(date),\n        year, GET_JALALI_YEAR(date),\n        data, IMPORT_FROM_SHEET(SheetsFileId_Accounting_Chalebagh, sheetName, dataRange),\n        filteredData, FILTER(data, INDEX(data,,2) = monthName, INDEX(data,,3) = year),\n        INDEX(filteredData,,5)\n      )\n    ),\n  result\n)\n	1	#N/A	#N/A
تعداد فیش هرشب بجز سالن	B23		LET(\n  inputDate, AN,\n  sheetName, "اهداف فروش",\n  dataRange, "A:G",\n  result,\n    IF(\n      ISBLANK(inputDate),\n      "",\n      LET(\n        date, GREG_TO_JALALI(inputDate),\n        monthName, GET_JALALI_MONTH_NAME(date),\n        year, GET_JALALI_YEAR(date),\n        data, IMPORT_FROM_SHEET(SheetsFileId_Accounting_Chalebagh, sheetName, dataRange),\n        filteredData, FILTER(data, INDEX(data,,2) = monthName, INDEX(data,,3) = year),\n        INDEX(filteredData,,5)\n      )\n    ),\n  result\n)\n	1	#N/A	#N/A
تعداد فیش هرشب بجز سالن	B24		LET(\n  inputDate, AN,\n  sheetName, "اهداف فروش",\n  dataRange, "A:G",\n  result,\n    IF(\n      ISBLANK(inputDate),\n      "",\n      LET(\n        date, GREG_TO_JALALI(inputDate),\n        monthName, GET_JALALI_MONTH_NAME(date),\n        year, GET_JALALI_YEAR(date),\n        data, IMPORT_FROM_SHEET(SheetsFileId_Accounting_Chalebagh, sheetName, dataRange),\n        filteredData, FILTER(data, INDEX(data,,2) = monthName, INDEX(data,,3) = year),\n        INDEX(filteredData,,5)\n      )\n    ),\n  result\n)\n	1	#N/A	#N/A
تعداد فیش هرشب بجز سالن	B25		LET(\n  inputDate, AN,\n  sheetName, "اهداف فروش",\n  dataRange, "A:G",\n  result,\n    IF(\n      ISBLANK(inputDate),\n      "",\n      LET(\n        date, GREG_TO_JALALI(inputDate),\n        monthName, GET_JALALI_MONTH_NAME(date),\n        year, GET_JALALI_YEAR(date),\n        data, IMPORT_FROM_SHEET(SheetsFileId_Accounting_Chalebagh, sheetName, dataRange),\n        filteredData, FILTER(data, INDEX(data,,2) = monthName, INDEX(data,,3) = year),\n        INDEX(filteredData,,5)\n      )\n    ),\n  result\n)\n	1	#N/A	#N/A
تعداد فیش هرشب بجز سالن	B26		LET(\n  inputDate, AN,\n  sheetName, "اهداف فروش",\n  dataRange, "A:G",\n  result,\n    IF(\n      ISBLANK(inputDate),\n      "",\n      LET(\n        date, GREG_TO_JALALI(inputDate),\n        monthName, GET_JALALI_MONTH_NAME(date),\n        year, GET_JALALI_YEAR(date),\n        data, IMPORT_FROM_SHEET(SheetsFileId_Accounting_Chalebagh, sheetName, dataRange),\n        filteredData, FILTER(data, INDEX(data,,2) = monthName, INDEX(data,,3) = year),\n        INDEX(filteredData,,5)\n      )\n    ),\n  result\n)\n	1	#N/A	#N/A
تعداد فیش هرشب بجز سالن	B27		LET(\n  inputDate, AN,\n  sheetName, "اهداف فروش",\n  dataRange, "A:G",\n  result,\n    IF(\n      ISBLANK(inputDate),\n      "",\n      LET(\n        date, GREG_TO_JALALI(inputDate),\n        monthName, GET_JALALI_MONTH_NAME(date),\n        year, GET_JALALI_YEAR(date),\n        data, IMPORT_FROM_SHEET(SheetsFileId_Accounting_Chalebagh, sheetName, dataRange),\n        filteredData, FILTER(data, INDEX(data,,2) = monthName, INDEX(data,,3) = year),\n        INDEX(filteredData,,5)\n      )\n    ),\n  result\n)\n	1	#N/A	#N/A
تعداد فیش هرشب بجز سالن	B28		LET(\n  inputDate, AN,\n  sheetName, "اهداف فروش",\n  dataRange, "A:G",\n  result,\n    IF(\n      ISBLANK(inputDate),\n      "",\n      LET(\n        date, GREG_TO_JALALI(inputDate),\n        monthName, GET_JALALI_MONTH_NAME(date),\n        year, GET_JALALI_YEAR(date),\n        data, IMPORT_FROM_SHEET(SheetsFileId_Accounting_Chalebagh, sheetName, dataRange),\n        filteredData, FILTER(data, INDEX(data,,2) = monthName, INDEX(data,,3) = year),\n        INDEX(filteredData,,5)\n      )\n    ),\n  result\n)\n	1	#N/A	#N/A
تعداد فیش هرشب بجز سالن	B29		LET(\n  inputDate, AN,\n  sheetName, "اهداف فروش",\n  dataRange, "A:G",\n  result,\n    IF(\n      ISBLANK(inputDate),\n      "",\n      LET(\n        date, GREG_TO_JALALI(inputDate),\n        monthName, GET_JALALI_MONTH_NAME(date),\n        year, GET_JALALI_YEAR(date),\n        data, IMPORT_FROM_SHEET(SheetsFileId_Accounting_Chalebagh, sheetName, dataRange),\n        filteredData, FILTER(data, INDEX(data,,2) = monthName, INDEX(data,,3) = year),\n        INDEX(filteredData,,5)\n      )\n    ),\n  result\n)\n	1	#N/A	#N/A
تعداد فیش هرشب بجز سالن	B30		LET(\n  inputDate, AN,\n  sheetName, "اهداف فروش",\n  dataRange, "A:G",\n  result,\n    IF(\n      ISBLANK(inputDate),\n      "",\n      LET(\n        date, GREG_TO_JALALI(inputDate),\n        monthName, GET_JALALI_MONTH_NAME(date),\n        year, GET_JALALI_YEAR(date),\n        data, IMPORT_FROM_SHEET(SheetsFileId_Accounting_Chalebagh, sheetName, dataRange),\n        filteredData, FILTER(data, INDEX(data,,2) = monthName, INDEX(data,,3) = year),\n        INDEX(filteredData,,5)\n      )\n    ),\n  result\n)\n	1	#N/A	#N/A
تعداد فیش هرشب بجز سالن	B31		LET(\n  inputDate, AN,\n  sheetName, "اهداف فروش",\n  dataRange, "A:G",\n  result,\n    IF(\n      ISBLANK(inputDate),\n      "",\n      LET(\n        date, GREG_TO_JALALI(inputDate),\n        monthName, GET_JALALI_MONTH_NAME(date),\n        year, GET_JALALI_YEAR(date),\n        data, IMPORT_FROM_SHEET(SheetsFileId_Accounting_Chalebagh, sheetName, dataRange),\n        filteredData, FILTER(data, INDEX(data,,2) = monthName, INDEX(data,,3) = year),\n        INDEX(filteredData,,5)\n      )\n    ),\n  result\n)\n	1	#N/A	#N/A
تعداد فیش هرشب بجز سالن	B32		LET(\n  inputDate, AN,\n  sheetName, "اهداف فروش",\n  dataRange, "A:G",\n  result,\n    IF(\n      ISBLANK(inputDate),\n      "",\n      LET(\n        date, GREG_TO_JALALI(inputDate),\n        monthName, GET_JALALI_MONTH_NAME(date),\n        year, GET_JALALI_YEAR(date),\n        data, IMPORT_FROM_SHEET(SheetsFileId_Accounting_Chalebagh, sheetName, dataRange),\n        filteredData, FILTER(data, INDEX(data,,2) = monthName, INDEX(data,,3) = year),\n        INDEX(filteredData,,5)\n      )\n    ),\n  result\n)\n	1	#N/A	#N/A
تعداد فیش هرشب بجز سالن	B33		LET(\n  inputDate, AN,\n  sheetName, "اهداف فروش",\n  dataRange, "A:G",\n  result,\n    IF(\n      ISBLANK(inputDate),\n      "",\n      LET(\n        date, GREG_TO_JALALI(inputDate),\n        monthName, GET_JALALI_MONTH_NAME(date),\n        year, GET_JALALI_YEAR(date),\n        data, IMPORT_FROM_SHEET(SheetsFileId_Accounting_Chalebagh, sheetName, dataRange),\n        filteredData, FILTER(data, INDEX(data,,2) = monthName, INDEX(data,,3) = year),\n        INDEX(filteredData,,5)\n      )\n    ),\n  result\n)\n	1	#N/A	#N/A
تعداد فیش هرشب بجز سالن	B34		LET(\n  inputDate, AN,\n  sheetName, "اهداف فروش",\n  dataRange, "A:G",\n  result,\n    IF(\n      ISBLANK(inputDate),\n      "",\n      LET(\n        date, GREG_TO_JALALI(inputDate),\n        monthName, GET_JALALI_MONTH_NAME(date),\n        year, GET_JALALI_YEAR(date),\n        data, IMPORT_FROM_SHEET(SheetsFileId_Accounting_Chalebagh, sheetName, dataRange),\n        filteredData, FILTER(data, INDEX(data,,2) = monthName, INDEX(data,,3) = year),\n        INDEX(filteredData,,5)\n      )\n    ),\n  result\n)\n	1	#N/A	#N/A
تعداد فیش هرشب بجز سالن	B35		LET(\n  inputDate, AN,\n  sheetName, "اهداف فروش",\n  dataRange, "A:G",\n  result,\n    IF(\n      ISBLANK(inputDate),\n      "",\n      LET(\n        date, GREG_TO_JALALI(inputDate),\n        monthName, GET_JALALI_MONTH_NAME(date),\n        year, GET_JALALI_YEAR(date),\n        data, IMPORT_FROM_SHEET(SheetsFileId_Accounting_Chalebagh, sheetName, dataRange),\n        filteredData, FILTER(data, INDEX(data,,2) = monthName, INDEX(data,,3) = year),\n        INDEX(filteredData,,5)\n      )\n    ),\n  result\n)\n	1	#N/A	#N/A
تعداد فیش هرشب بجز سالن	B36		LET(\n  inputDate, AN,\n  sheetName, "اهداف فروش",\n  dataRange, "A:G",\n  result,\n    IF(\n      ISBLANK(inputDate),\n      "",\n      LET(\n        date, GREG_TO_JALALI(inputDate),\n        monthName, GET_JALALI_MONTH_NAME(date),\n        year, GET_JALALI_YEAR(date),\n        data, IMPORT_FROM_SHEET(SheetsFileId_Accounting_Chalebagh, sheetName, dataRange),\n        filteredData, FILTER(data, INDEX(data,,2) = monthName, INDEX(data,,3) = year),\n        INDEX(filteredData,,5)\n      )\n    ),\n  result\n)\n	1	#N/A	#N/A
تعداد فیش هرشب بجز سالن	B37		LET(\n  inputDate, AN,\n  sheetName, "اهداف فروش",\n  dataRange, "A:G",\n  result,\n    IF(\n      ISBLANK(inputDate),\n      "",\n      LET(\n        date, GREG_TO_JALALI(inputDate),\n        monthName, GET_JALALI_MONTH_NAME(date),\n        year, GET_JALALI_YEAR(date),\n        data, IMPORT_FROM_SHEET(SheetsFileId_Accounting_Chalebagh, sheetName, dataRange),\n        filteredData, FILTER(data, INDEX(data,,2) = monthName, INDEX(data,,3) = year),\n        INDEX(filteredData,,5)\n      )\n    ),\n  result\n)\n	1	#N/A	#N/A
تعداد فیش هرشب بجز سالن	B38		LET(\n  inputDate, AN,\n  sheetName, "اهداف فروش",\n  dataRange, "A:G",\n  result,\n    IF(\n      ISBLANK(inputDate),\n      "",\n      LET(\n        date, GREG_TO_JALALI(inputDate),\n        monthName, GET_JALALI_MONTH_NAME(date),\n        year, GET_JALALI_YEAR(date),\n        data, IMPORT_FROM_SHEET(SheetsFileId_Accounting_Chalebagh, sheetName, dataRange),\n        filteredData, FILTER(data, INDEX(data,,2) = monthName, INDEX(data,,3) = year),\n        INDEX(filteredData,,5)\n      )\n    ),\n  result\n)\n	1	#N/A	#N/A
تعداد فیش هرشب بجز سالن	B39		LET(\n  inputDate, AN,\n  sheetName, "اهداف فروش",\n  dataRange, "A:G",\n  result,\n    IF(\n      ISBLANK(inputDate),\n      "",\n      LET(\n        date, GREG_TO_JALALI(inputDate),\n        monthName, GET_JALALI_MONTH_NAME(date),\n        year, GET_JALALI_YEAR(date),\n        data, IMPORT_FROM_SHEET(SheetsFileId_Accounting_Chalebagh, sheetName, dataRange),\n        filteredData, FILTER(data, INDEX(data,,2) = monthName, INDEX(data,,3) = year),\n        INDEX(filteredData,,5)\n      )\n    ),\n  result\n)\n	1	#N/A	#N/A
تعداد فیش هرشب بجز سالن	B40		LET(\n  inputDate, AN,\n  sheetName, "اهداف فروش",\n  dataRange, "A:G",\n  result,\n    IF(\n      ISBLANK(inputDate),\n      "",\n      LET(\n        date, GREG_TO_JALALI(inputDate),\n        monthName, GET_JALALI_MONTH_NAME(date),\n        year, GET_JALALI_YEAR(date),\n        data, IMPORT_FROM_SHEET(SheetsFileId_Accounting_Chalebagh, sheetName, dataRange),\n        filteredData, FILTER(data, INDEX(data,,2) = monthName, INDEX(data,,3) = year),\n        INDEX(filteredData,,5)\n      )\n    ),\n  result\n)\n	1	#N/A	#N/A
تعداد فیش هرشب بجز سالن	B41		LET(\n  inputDate, AN,\n  sheetName, "اهداف فروش",\n  dataRange, "A:G",\n  result,\n    IF(\n      ISBLANK(inputDate),\n      "",\n      LET(\n        date, GREG_TO_JALALI(inputDate),\n        monthName, GET_JALALI_MONTH_NAME(date),\n        year, GET_JALALI_YEAR(date),\n        data, IMPORT_FROM_SHEET(SheetsFileId_Accounting_Chalebagh, sheetName, dataRange),\n        filteredData, FILTER(data, INDEX(data,,2) = monthName, INDEX(data,,3) = year),\n        INDEX(filteredData,,5)\n      )\n    ),\n  result\n)\n	1	#N/A	#N/A
تعداد فیش هرشب بجز سالن	B42		LET(\n  inputDate, AN,\n  sheetName, "اهداف فروش",\n  dataRange, "A:G",\n  result,\n    IF(\n      ISBLANK(inputDate),\n      "",\n      LET(\n        date, GREG_TO_JALALI(inputDate),\n        monthName, GET_JALALI_MONTH_NAME(date),\n        year, GET_JALALI_YEAR(date),\n        data, IMPORT_FROM_SHEET(SheetsFileId_Accounting_Chalebagh, sheetName, dataRange),\n        filteredData, FILTER(data, INDEX(data,,2) = monthName, INDEX(data,,3) = year),\n        INDEX(filteredData,,5)\n      )\n    ),\n  result\n)\n	1	#N/A	#N/A
تعداد فیش هرشب بجز سالن	B43		LET(\n  inputDate, AN,\n  sheetName, "اهداف فروش",\n  dataRange, "A:G",\n  result,\n    IF(\n      ISBLANK(inputDate),\n      "",\n      LET(\n        date, GREG_TO_JALALI(inputDate),\n        monthName, GET_JALALI_MONTH_NAME(date),\n        year, GET_JALALI_YEAR(date),\n        data, IMPORT_FROM_SHEET(SheetsFileId_Accounting_Chalebagh, sheetName, dataRange),\n        filteredData, FILTER(data, INDEX(data,,2) = monthName, INDEX(data,,3) = year),\n        INDEX(filteredData,,5)\n      )\n    ),\n  result\n)\n	1	#N/A	#N/A
تعداد فیش هرشب بجز سالن	B44		LET(\n  inputDate, AN,\n  sheetName, "اهداف فروش",\n  dataRange, "A:G",\n  result,\n    IF(\n      ISBLANK(inputDate),\n      "",\n      LET(\n        date, GREG_TO_JALALI(inputDate),\n        monthName, GET_JALALI_MONTH_NAME(date),\n        year, GET_JALALI_YEAR(date),\n        data, IMPORT_FROM_SHEET(SheetsFileId_Accounting_Chalebagh, sheetName, dataRange),\n        filteredData, FILTER(data, INDEX(data,,2) = monthName, INDEX(data,,3) = year),\n        INDEX(filteredData,,5)\n      )\n    ),\n  result\n)\n	1	#N/A	#N/A
تعداد فیش هرشب بجز سالن	B45		LET(\n  inputDate, AN,\n  sheetName, "اهداف فروش",\n  dataRange, "A:G",\n  result,\n    IF(\n      ISBLANK(inputDate),\n      "",\n      LET(\n        date, GREG_TO_JALALI(inputDate),\n        monthName, GET_JALALI_MONTH_NAME(date),\n        year, GET_JALALI_YEAR(date),\n        data, IMPORT_FROM_SHEET(SheetsFileId_Accounting_Chalebagh, sheetName, dataRange),\n        filteredData, FILTER(data, INDEX(data,,2) = monthName, INDEX(data,,3) = year),\n        INDEX(filteredData,,5)\n      )\n    ),\n  result\n)\n	1	#N/A	#N/A
تعداد فیش هرشب بجز سالن	B46		LET(\n  inputDate, AN,\n  sheetName, "اهداف فروش",\n  dataRange, "A:G",\n  result,\n    IF(\n      ISBLANK(inputDate),\n      "",\n      LET(\n        date, GREG_TO_JALALI(inputDate),\n        monthName, GET_JALALI_MONTH_NAME(date),\n        year, GET_JALALI_YEAR(date),\n        data, IMPORT_FROM_SHEET(SheetsFileId_Accounting_Chalebagh, sheetName, dataRange),\n        filteredData, FILTER(data, INDEX(data,,2) = monthName, INDEX(data,,3) = year),\n        INDEX(filteredData,,5)\n      )\n    ),\n  result\n)\n	1	#N/A	#N/A
تعداد فیش هرشب بجز سالن	B47		LET(\n  inputDate, AN,\n  sheetName, "اهداف فروش",\n  dataRange, "A:G",\n  result,\n    IF(\n      ISBLANK(inputDate),\n      "",\n      LET(\n        date, GREG_TO_JALALI(inputDate),\n        monthName, GET_JALALI_MONTH_NAME(date),\n        year, GET_JALALI_YEAR(date),\n        data, IMPORT_FROM_SHEET(SheetsFileId_Accounting_Chalebagh, sheetName, dataRange),\n        filteredData, FILTER(data, INDEX(data,,2) = monthName, INDEX(data,,3) = year),\n        INDEX(filteredData,,5)\n      )\n    ),\n  result\n)\n	1	#N/A	#N/A
تعداد فیش هرشب بجز سالن	B48		LET(\n  inputDate, AN,\n  sheetName, "اهداف فروش",\n  dataRange, "A:G",\n  result,\n    IF(\n      ISBLANK(inputDate),\n      "",\n      LET(\n        date, GREG_TO_JALALI(inputDate),\n        monthName, GET_JALALI_MONTH_NAME(date),\n        year, GET_JALALI_YEAR(date),\n        data, IMPORT_FROM_SHEET(SheetsFileId_Accounting_Chalebagh, sheetName, dataRange),\n        filteredData, FILTER(data, INDEX(data,,2) = monthName, INDEX(data,,3) = year),\n        INDEX(filteredData,,5)\n      )\n    ),\n  result\n)\n	1	#N/A	#N/A
تعداد فیش هرشب بجز سالن	B49		LET(\n  inputDate, AN,\n  sheetName, "اهداف فروش",\n  dataRange, "A:G",\n  result,\n    IF(\n      ISBLANK(inputDate),\n      "",\n      LET(\n        date, GREG_TO_JALALI(inputDate),\n        monthName, GET_JALALI_MONTH_NAME(date),\n        year, GET_JALALI_YEAR(date),\n        data, IMPORT_FROM_SHEET(SheetsFileId_Accounting_Chalebagh, sheetName, dataRange),\n        filteredData, FILTER(data, INDEX(data,,2) = monthName, INDEX(data,,3) = year),\n        INDEX(filteredData,,5)\n      )\n    ),\n  result\n)\n	1	#N/A	#N/A
تعداد فیش هرشب بجز سالن	B50		LET(\n  inputDate, AN,\n  sheetName, "اهداف فروش",\n  dataRange, "A:G",\n  result,\n    IF(\n      ISBLANK(inputDate),\n      "",\n      LET(\n        date, GREG_TO_JALALI(inputDate),\n        monthName, GET_JALALI_MONTH_NAME(date),\n        year, GET_JALALI_YEAR(date),\n        data, IMPORT_FROM_SHEET(SheetsFileId_Accounting_Chalebagh, sheetName, dataRange),\n        filteredData, FILTER(data, INDEX(data,,2) = monthName, INDEX(data,,3) = year),\n        INDEX(filteredData,,5)\n      )\n    ),\n  result\n)\n	1	#N/A	#N/A
تعداد فیش هرشب بجز سالن	B51		LET(\n  inputDate, AN,\n  sheetName, "اهداف فروش",\n  dataRange, "A:G",\n  result,\n    IF(\n      ISBLANK(inputDate),\n      "",\n      LET(\n        date, GREG_TO_JALALI(inputDate),\n        monthName, GET_JALALI_MONTH_NAME(date),\n        year, GET_JALALI_YEAR(date),\n        data, IMPORT_FROM_SHEET(SheetsFileId_Accounting_Chalebagh, sheetName, dataRange),\n        filteredData, FILTER(data, INDEX(data,,2) = monthName, INDEX(data,,3) = year),\n        INDEX(filteredData,,5)\n      )\n    ),\n  result\n)\n	1	#N/A	#N/A
تعداد فیش هرشب بجز سالن	B52		LET(\n  inputDate, AN,\n  sheetName, "اهداف فروش",\n  dataRange, "A:G",\n  result,\n    IF(\n      ISBLANK(inputDate),\n      "",\n      LET(\n        date, GREG_TO_JALALI(inputDate),\n        monthName, GET_JALALI_MONTH_NAME(date),\n        year, GET_JALALI_YEAR(date),\n        data, IMPORT_FROM_SHEET(SheetsFileId_Accounting_Chalebagh, sheetName, dataRange),\n        filteredData, FILTER(data, INDEX(data,,2) = monthName, INDEX(data,,3) = year),\n        INDEX(filteredData,,5)\n      )\n    ),\n  result\n)\n	1	#N/A	#N/A
تعداد فیش هرشب بجز سالن	B53		LET(\n  inputDate, AN,\n  sheetName, "اهداف فروش",\n  dataRange, "A:G",\n  result,\n    IF(\n      ISBLANK(inputDate),\n      "",\n      LET(\n        date, GREG_TO_JALALI(inputDate),\n        monthName, GET_JALALI_MONTH_NAME(date),\n        year, GET_JALALI_YEAR(date),\n        data, IMPORT_FROM_SHEET(SheetsFileId_Accounting_Chalebagh, sheetName, dataRange),\n        filteredData, FILTER(data, INDEX(data,,2) = monthName, INDEX(data,,3) = year),\n        INDEX(filteredData,,5)\n      )\n    ),\n  result\n)\n	1	#N/A	#N/A
تعداد فیش هرشب بجز سالن	B54		LET(\n  inputDate, AN,\n  sheetName, "اهداف فروش",\n  dataRange, "A:G",\n  result,\n    IF(\n      ISBLANK(inputDate),\n      "",\n      LET(\n        date, GREG_TO_JALALI(inputDate),\n        monthName, GET_JALALI_MONTH_NAME(date),\n        year, GET_JALALI_YEAR(date),\n        data, IMPORT_FROM_SHEET(SheetsFileId_Accounting_Chalebagh, sheetName, dataRange),\n        filteredData, FILTER(data, INDEX(data,,2) = monthName, INDEX(data,,3) = year),\n        INDEX(filteredData,,5)\n      )\n    ),\n  result\n)\n	1	#N/A	#N/A
تعداد فیش هرشب بجز سالن	B55		LET(\n  inputDate, AN,\n  sheetName, "اهداف فروش",\n  dataRange, "A:G",\n  result,\n    IF(\n      ISBLANK(inputDate),\n      "",\n      LET(\n        date, GREG_TO_JALALI(inputDate),\n        monthName, GET_JALALI_MONTH_NAME(date),\n        year, GET_JALALI_YEAR(date),\n        data, IMPORT_FROM_SHEET(SheetsFileId_Accounting_Chalebagh, sheetName, dataRange),\n        filteredData, FILTER(data, INDEX(data,,2) = monthName, INDEX(data,,3) = year),\n        INDEX(filteredData,,5)\n      )\n    ),\n  result\n)\n	1	#N/A	#N/A
تعداد فیش هرشب بجز سالن	B56		LET(\n  inputDate, AN,\n  sheetName, "اهداف فروش",\n  dataRange, "A:G",\n  result,\n    IF(\n      ISBLANK(inputDate),\n      "",\n      LET(\n        date, GREG_TO_JALALI(inputDate),\n        monthName, GET_JALALI_MONTH_NAME(date),\n        year, GET_JALALI_YEAR(date),\n        data, IMPORT_FROM_SHEET(SheetsFileId_Accounting_Chalebagh, sheetName, dataRange),\n        filteredData, FILTER(data, INDEX(data,,2) = monthName, INDEX(data,,3) = year),\n        INDEX(filteredData,,5)\n      )\n    ),\n  result\n)\n	1	#N/A	#N/A
تعداد فیش هرشب بجز سالن	B57		LET(\n  inputDate, AN,\n  sheetName, "اهداف فروش",\n  dataRange, "A:G",\n  result,\n    IF(\n      ISBLANK(inputDate),\n      "",\n      LET(\n        date, GREG_TO_JALALI(inputDate),\n        monthName, GET_JALALI_MONTH_NAME(date),\n        year, GET_JALALI_YEAR(date),\n        data, IMPORT_FROM_SHEET(SheetsFileId_Accounting_Chalebagh, sheetName, dataRange),\n        filteredData, FILTER(data, INDEX(data,,2) = monthName, INDEX(data,,3) = year),\n        INDEX(filteredData,,5)\n      )\n    ),\n  result\n)\n	1	#N/A	#N/A
تعداد فیش هرشب بجز سالن	B58		LET(\n  inputDate, AN,\n  sheetName, "اهداف فروش",\n  dataRange, "A:G",\n  result,\n    IF(\n      ISBLANK(inputDate),\n      "",\n      LET(\n        date, GREG_TO_JALALI(inputDate),\n        monthName, GET_JALALI_MONTH_NAME(date),\n        year, GET_JALALI_YEAR(date),\n        data, IMPORT_FROM_SHEET(SheetsFileId_Accounting_Chalebagh, sheetName, dataRange),\n        filteredData, FILTER(data, INDEX(data,,2) = monthName, INDEX(data,,3) = year),\n        INDEX(filteredData,,5)\n      )\n    ),\n  result\n)\n	1	#N/A	#N/A
تعداد فیش هرشب بجز سالن	B59		LET(\n  inputDate, AN,\n  sheetName, "اهداف فروش",\n  dataRange, "A:G",\n  result,\n    IF(\n      ISBLANK(inputDate),\n      "",\n      LET(\n        date, GREG_TO_JALALI(inputDate),\n        monthName, GET_JALALI_MONTH_NAME(date),\n        year, GET_JALALI_YEAR(date),\n        data, IMPORT_FROM_SHEET(SheetsFileId_Accounting_Chalebagh, sheetName, dataRange),\n        filteredData, FILTER(data, INDEX(data,,2) = monthName, INDEX(data,,3) = year),\n        INDEX(filteredData,,5)\n      )\n    ),\n  result\n)\n	1	#N/A	#N/A
تعداد فیش هرشب بجز سالن	B60		LET(\n  inputDate, AN,\n  sheetName, "اهداف فروش",\n  dataRange, "A:G",\n  result,\n    IF(\n      ISBLANK(inputDate),\n      "",\n      LET(\n        date, GREG_TO_JALALI(inputDate),\n        monthName, GET_JALALI_MONTH_NAME(date),\n        year, GET_JALALI_YEAR(date),\n        data, IMPORT_FROM_SHEET(SheetsFileId_Accounting_Chalebagh, sheetName, dataRange),\n        filteredData, FILTER(data, INDEX(data,,2) = monthName, INDEX(data,,3) = year),\n        INDEX(filteredData,,5)\n      )\n    ),\n  result\n)\n	1	#N/A	#N/A
تعداد فیش هرشب بجز سالن	B61		LET(\n  inputDate, AN,\n  sheetName, "اهداف فروش",\n  dataRange, "A:G",\n  result,\n    IF(\n      ISBLANK(inputDate),\n      "",\n      LET(\n        date, GREG_TO_JALALI(inputDate),\n        monthName, GET_JALALI_MONTH_NAME(date),\n        year, GET_JALALI_YEAR(date),\n        data, IMPORT_FROM_SHEET(SheetsFileId_Accounting_Chalebagh, sheetName, dataRange),\n        filteredData, FILTER(data, INDEX(data,,2) = monthName, INDEX(data,,3) = year),\n        INDEX(filteredData,,5)\n      )\n    ),\n  result\n)\n	1	#N/A	#N/A
تعداد فیش هرشب بجز سالن	B62		LET(\n  inputDate, AN,\n  sheetName, "اهداف فروش",\n  dataRange, "A:G",\n  result,\n    IF(\n      ISBLANK(inputDate),\n      "",\n      LET(\n        date, GREG_TO_JALALI(inputDate),\n        monthName, GET_JALALI_MONTH_NAME(date),\n        year, GET_JALALI_YEAR(date),\n        data, IMPORT_FROM_SHEET(SheetsFileId_Accounting_Chalebagh, sheetName, dataRange),\n        filteredData, FILTER(data, INDEX(data,,2) = monthName, INDEX(data,,3) = year),\n        INDEX(filteredData,,5)\n      )\n    ),\n  result\n)\n	1	#N/A	#N/A
تعداد فیش هرشب بجز سالن	B63		LET(\n  inputDate, AN,\n  sheetName, "اهداف فروش",\n  dataRange, "A:G",\n  result,\n    IF(\n      ISBLANK(inputDate),\n      "",\n      LET(\n        date, GREG_TO_JALALI(inputDate),\n        monthName, GET_JALALI_MONTH_NAME(date),\n        year, GET_JALALI_YEAR(date),\n        data, IMPORT_FROM_SHEET(SheetsFileId_Accounting_Chalebagh, sheetName, dataRange),\n        filteredData, FILTER(data, INDEX(data,,2) = monthName, INDEX(data,,3) = year),\n        INDEX(filteredData,,5)\n      )\n    ),\n  result\n)\n	1	#N/A	#N/A
تعداد فیش هرشب بجز سالن	B64		LET(\n  inputDate, AN,\n  sheetName, "اهداف فروش",\n  dataRange, "A:G",\n  result,\n    IF(\n      ISBLANK(inputDate),\n      "",\n      LET(\n        date, GREG_TO_JALALI(inputDate),\n        monthName, GET_JALALI_MONTH_NAME(date),\n        year, GET_JALALI_YEAR(date),\n        data, IMPORT_FROM_SHEET(SheetsFileId_Accounting_Chalebagh, sheetName, dataRange),\n        filteredData, FILTER(data, INDEX(data,,2) = monthName, INDEX(data,,3) = year),\n        INDEX(filteredData,,5)\n      )\n    ),\n  result\n)\n	1	#N/A	#N/A
تعداد فیش هرشب بجز سالن	B65		LET(\n  inputDate, AN,\n  sheetName, "اهداف فروش",\n  dataRange, "A:G",\n  result,\n    IF(\n      ISBLANK(inputDate),\n      "",\n      LET(\n        date, GREG_TO_JALALI(inputDate),\n        monthName, GET_JALALI_MONTH_NAME(date),\n        year, GET_JALALI_YEAR(date),\n        data, IMPORT_FROM_SHEET(SheetsFileId_Accounting_Chalebagh, sheetName, dataRange),\n        filteredData, FILTER(data, INDEX(data,,2) = monthName, INDEX(data,,3) = year),\n        INDEX(filteredData,,5)\n      )\n    ),\n  result\n)\n	1	#N/A	#N/A
تعداد فیش هرشب بجز سالن	B66		LET(\n  inputDate, AN,\n  sheetName, "اهداف فروش",\n  dataRange, "A:G",\n  result,\n    IF(\n      ISBLANK(inputDate),\n      "",\n      LET(\n        date, GREG_TO_JALALI(inputDate),\n        monthName, GET_JALALI_MONTH_NAME(date),\n        year, GET_JALALI_YEAR(date),\n        data, IMPORT_FROM_SHEET(SheetsFileId_Accounting_Chalebagh, sheetName, dataRange),\n        filteredData, FILTER(data, INDEX(data,,2) = monthName, INDEX(data,,3) = year),\n        INDEX(filteredData,,5)\n      )\n    ),\n  result\n)\n	1	#N/A	#N/A
تعداد فیش هرشب بجز سالن	B67		LET(\n  inputDate, AN,\n  sheetName, "اهداف فروش",\n  dataRange, "A:G",\n  result,\n    IF(\n      ISBLANK(inputDate),\n      "",\n      LET(\n        date, GREG_TO_JALALI(inputDate),\n        monthName, GET_JALALI_MONTH_NAME(date),\n        year, GET_JALALI_YEAR(date),\n        data, IMPORT_FROM_SHEET(SheetsFileId_Accounting_Chalebagh, sheetName, dataRange),\n        filteredData, FILTER(data, INDEX(data,,2) = monthName, INDEX(data,,3) = year),\n        INDEX(filteredData,,5)\n      )\n    ),\n  result\n)\n	1	#N/A	#N/A
تعداد فیش هرشب بجز سالن	B68		LET(\n  inputDate, AN,\n  sheetName, "اهداف فروش",\n  dataRange, "A:G",\n  result,\n    IF(\n      ISBLANK(inputDate),\n      "",\n      LET(\n        date, GREG_TO_JALALI(inputDate),\n        monthName, GET_JALALI_MONTH_NAME(date),\n        year, GET_JALALI_YEAR(date),\n        data, IMPORT_FROM_SHEET(SheetsFileId_Accounting_Chalebagh, sheetName, dataRange),\n        filteredData, FILTER(data, INDEX(data,,2) = monthName, INDEX(data,,3) = year),\n        INDEX(filteredData,,5)\n      )\n    ),\n  result\n)\n	1	#N/A	#N/A
تعداد فیش هرشب بجز سالن	B69		LET(\n  inputDate, AN,\n  sheetName, "اهداف فروش",\n  dataRange, "A:G",\n  result,\n    IF(\n      ISBLANK(inputDate),\n      "",\n      LET(\n        date, GREG_TO_JALALI(inputDate),\n        monthName, GET_JALALI_MONTH_NAME(date),\n        year, GET_JALALI_YEAR(date),\n        data, IMPORT_FROM_SHEET(SheetsFileId_Accounting_Chalebagh, sheetName, dataRange),\n        filteredData, FILTER(data, INDEX(data,,2) = monthName, INDEX(data,,3) = year),\n        INDEX(filteredData,,5)\n      )\n    ),\n  result\n)\n	1	#N/A	#N/A
تعداد فیش هرشب بجز سالن	B70		LET(\n  inputDate, AN,\n  sheetName, "اهداف فروش",\n  dataRange, "A:G",\n  result,\n    IF(\n      ISBLANK(inputDate),\n      "",\n      LET(\n        date, GREG_TO_JALALI(inputDate),\n        monthName, GET_JALALI_MONTH_NAME(date),\n        year, GET_JALALI_YEAR(date),\n        data, IMPORT_FROM_SHEET(SheetsFileId_Accounting_Chalebagh, sheetName, dataRange),\n        filteredData, FILTER(data, INDEX(data,,2) = monthName, INDEX(data,,3) = year),\n        INDEX(filteredData,,5)\n      )\n    ),\n  result\n)\n	1	#N/A	#N/A
تعداد فیش هرشب بجز سالن	B71		LET(\n  inputDate, AN,\n  sheetName, "اهداف فروش",\n  dataRange, "A:G",\n  result,\n    IF(\n      ISBLANK(inputDate),\n      "",\n      LET(\n        date, GREG_TO_JALALI(inputDate),\n        monthName, GET_JALALI_MONTH_NAME(date),\n        year, GET_JALALI_YEAR(date),\n        data, IMPORT_FROM_SHEET(SheetsFileId_Accounting_Chalebagh, sheetName, dataRange),\n        filteredData, FILTER(data, INDEX(data,,2) = monthName, INDEX(data,,3) = year),\n        INDEX(filteredData,,5)\n      )\n    ),\n  result\n)\n	1	#N/A	#N/A
تعداد فیش هرشب بجز سالن	B72		LET(\n  inputDate, AN,\n  sheetName, "اهداف فروش",\n  dataRange, "A:G",\n  result,\n    IF(\n      ISBLANK(inputDate),\n      "",\n      LET(\n        date, GREG_TO_JALALI(inputDate),\n        monthName, GET_JALALI_MONTH_NAME(date),\n        year, GET_JALALI_YEAR(date),\n        data, IMPORT_FROM_SHEET(SheetsFileId_Accounting_Chalebagh, sheetName, dataRange),\n        filteredData, FILTER(data, INDEX(data,,2) = monthName, INDEX(data,,3) = year),\n        INDEX(filteredData,,5)\n      )\n    ),\n  result\n)\n	1	#N/A	#N/A
تعداد فیش هرشب بجز سالن	B73		LET(\n  inputDate, AN,\n  sheetName, "اهداف فروش",\n  dataRange, "A:G",\n  result,\n    IF(\n      ISBLANK(inputDate),\n      "",\n      LET(\n        date, GREG_TO_JALALI(inputDate),\n        monthName, GET_JALALI_MONTH_NAME(date),\n        year, GET_JALALI_YEAR(date),\n        data, IMPORT_FROM_SHEET(SheetsFileId_Accounting_Chalebagh, sheetName, dataRange),\n        filteredData, FILTER(data, INDEX(data,,2) = monthName, INDEX(data,,3) = year),\n        INDEX(filteredData,,5)\n      )\n    ),\n  result\n)\n	1	#N/A	#N/A
تعداد فیش هرشب بجز سالن	B74		LET(\n  inputDate, AN,\n  sheetName, "اهداف فروش",\n  dataRange, "A:G",\n  result,\n    IF(\n      ISBLANK(inputDate),\n      "",\n      LET(\n        date, GREG_TO_JALALI(inputDate),\n        monthName, GET_JALALI_MONTH_NAME(date),\n        year, GET_JALALI_YEAR(date),\n        data, IMPORT_FROM_SHEET(SheetsFileId_Accounting_Chalebagh, sheetName, dataRange),\n        filteredData, FILTER(data, INDEX(data,,2) = monthName, INDEX(data,,3) = year),\n        INDEX(filteredData,,5)\n      )\n    ),\n  result\n)\n	1	#N/A	#N/A
تعداد فیش هرشب بجز سالن	B75		LET(\n  inputDate, AN,\n  sheetName, "اهداف فروش",\n  dataRange, "A:G",\n  result,\n    IF(\n      ISBLANK(inputDate),\n      "",\n      LET(\n        date, GREG_TO_JALALI(inputDate),\n        monthName, GET_JALALI_MONTH_NAME(date),\n        year, GET_JALALI_YEAR(date),\n        data, IMPORT_FROM_SHEET(SheetsFileId_Accounting_Chalebagh, sheetName, dataRange),\n        filteredData, FILTER(data, INDEX(data,,2) = monthName, INDEX(data,,3) = year),\n        INDEX(filteredData,,5)\n      )\n    ),\n  result\n)\n	1	#N/A	#N/A
تعداد فیش هرشب بجز سالن	B76		LET(\n  inputDate, AN,\n  sheetName, "اهداف فروش",\n  dataRange, "A:G",\n  result,\n    IF(\n      ISBLANK(inputDate),\n      "",\n      LET(\n        date, GREG_TO_JALALI(inputDate),\n        monthName, GET_JALALI_MONTH_NAME(date),\n        year, GET_JALALI_YEAR(date),\n        data, IMPORT_FROM_SHEET(SheetsFileId_Accounting_Chalebagh, sheetName, dataRange),\n        filteredData, FILTER(data, INDEX(data,,2) = monthName, INDEX(data,,3) = year),\n        INDEX(filteredData,,5)\n      )\n    ),\n  result\n)\n	1	#N/A	#N/A
تعداد فیش هرشب بجز سالن	B77		LET(\n  inputDate, AN,\n  sheetName, "اهداف فروش",\n  dataRange, "A:G",\n  result,\n    IF(\n      ISBLANK(inputDate),\n      "",\n      LET(\n        date, GREG_TO_JALALI(inputDate),\n        monthName, GET_JALALI_MONTH_NAME(date),\n        year, GET_JALALI_YEAR(date),\n        data, IMPORT_FROM_SHEET(SheetsFileId_Accounting_Chalebagh, sheetName, dataRange),\n        filteredData, FILTER(data, INDEX(data,,2) = monthName, INDEX(data,,3) = year),\n        INDEX(filteredData,,5)\n      )\n    ),\n  result\n)\n	1	#N/A	#N/A
تعداد فیش هرشب بجز سالن	B78		LET(\n  inputDate, AN,\n  sheetName, "اهداف فروش",\n  dataRange, "A:G",\n  result,\n    IF(\n      ISBLANK(inputDate),\n      "",\n      LET(\n        date, GREG_TO_JALALI(inputDate),\n        monthName, GET_JALALI_MONTH_NAME(date),\n        year, GET_JALALI_YEAR(date),\n        data, IMPORT_FROM_SHEET(SheetsFileId_Accounting_Chalebagh, sheetName, dataRange),\n        filteredData, FILTER(data, INDEX(data,,2) = monthName, INDEX(data,,3) = year),\n        INDEX(filteredData,,5)\n      )\n    ),\n  result\n)\n	1	#N/A	#N/A
تعداد فیش هرشب بجز سالن	B79		LET(\n  inputDate, AN,\n  sheetName, "اهداف فروش",\n  dataRange, "A:G",\n  result,\n    IF(\n      ISBLANK(inputDate),\n      "",\n      LET(\n        date, GREG_TO_JALALI(inputDate),\n        monthName, GET_JALALI_MONTH_NAME(date),\n        year, GET_JALALI_YEAR(date),\n        data, IMPORT_FROM_SHEET(SheetsFileId_Accounting_Chalebagh, sheetName, dataRange),\n        filteredData, FILTER(data, INDEX(data,,2) = monthName, INDEX(data,,3) = year),\n        INDEX(filteredData,,5)\n      )\n    ),\n  result\n)\n	1	#N/A	#N/A
تعداد فیش هرشب بجز سالن	B80		LET(\n  inputDate, AN,\n  sheetName, "اهداف فروش",\n  dataRange, "A:G",\n  result,\n    IF(\n      ISBLANK(inputDate),\n      "",\n      LET(\n        date, GREG_TO_JALALI(inputDate),\n        monthName, GET_JALALI_MONTH_NAME(date),\n        year, GET_JALALI_YEAR(date),\n        data, IMPORT_FROM_SHEET(SheetsFileId_Accounting_Chalebagh, sheetName, dataRange),\n        filteredData, FILTER(data, INDEX(data,,2) = monthName, INDEX(data,,3) = year),\n        INDEX(filteredData,,5)\n      )\n    ),\n  result\n)\n	1	#N/A	#N/A
تعداد فیش هرشب بجز سالن	B81		LET(\n  inputDate, AN,\n  sheetName, "اهداف فروش",\n  dataRange, "A:G",\n  result,\n    IF(\n      ISBLANK(inputDate),\n      "",\n      LET(\n        date, GREG_TO_JALALI(inputDate),\n        monthName, GET_JALALI_MONTH_NAME(date),\n        year, GET_JALALI_YEAR(date),\n        data, IMPORT_FROM_SHEET(SheetsFileId_Accounting_Chalebagh, sheetName, dataRange),\n        filteredData, FILTER(data, INDEX(data,,2) = monthName, INDEX(data,,3) = year),\n        INDEX(filteredData,,5)\n      )\n    ),\n  result\n)\n	1	#N/A	#N/A
تعداد فیش هرشب بجز سالن	B82		LET(\n  inputDate, AN,\n  sheetName, "اهداف فروش",\n  dataRange, "A:G",\n  result,\n    IF(\n      ISBLANK(inputDate),\n      "",\n      LET(\n        date, GREG_TO_JALALI(inputDate),\n        monthName, GET_JALALI_MONTH_NAME(date),\n        year, GET_JALALI_YEAR(date),\n        data, IMPORT_FROM_SHEET(SheetsFileId_Accounting_Chalebagh, sheetName, dataRange),\n        filteredData, FILTER(data, INDEX(data,,2) = monthName, INDEX(data,,3) = year),\n        INDEX(filteredData,,5)\n      )\n    ),\n  result\n)\n	1	#N/A	#N/A
تعداد فیش هرشب بجز سالن	B83		LET(\n  inputDate, AN,\n  sheetName, "اهداف فروش",\n  dataRange, "A:G",\n  result,\n    IF(\n      ISBLANK(inputDate),\n      "",\n      LET(\n        date, GREG_TO_JALALI(inputDate),\n        monthName, GET_JALALI_MONTH_NAME(date),\n        year, GET_JALALI_YEAR(date),\n        data, IMPORT_FROM_SHEET(SheetsFileId_Accounting_Chalebagh, sheetName, dataRange),\n        filteredData, FILTER(data, INDEX(data,,2) = monthName, INDEX(data,,3) = year),\n        INDEX(filteredData,,5)\n      )\n    ),\n  result\n)\n	1	#N/A	#N/A
تعداد فیش هرشب بجز سالن	B84		LET(\n  inputDate, AN,\n  sheetName, "اهداف فروش",\n  dataRange, "A:G",\n  result,\n    IF(\n      ISBLANK(inputDate),\n      "",\n      LET(\n        date, GREG_TO_JALALI(inputDate),\n        monthName, GET_JALALI_MONTH_NAME(date),\n        year, GET_JALALI_YEAR(date),\n        data, IMPORT_FROM_SHEET(SheetsFileId_Accounting_Chalebagh, sheetName, dataRange),\n        filteredData, FILTER(data, INDEX(data,,2) = monthName, INDEX(data,,3) = year),\n        INDEX(filteredData,,5)\n      )\n    ),\n  result\n)\n	1	#N/A	#N/A
تعداد فیش هرشب بجز سالن	B85		LET(\n  inputDate, AN,\n  sheetName, "اهداف فروش",\n  dataRange, "A:G",\n  result,\n    IF(\n      ISBLANK(inputDate),\n      "",\n      LET(\n        date, GREG_TO_JALALI(inputDate),\n        monthName, GET_JALALI_MONTH_NAME(date),\n        year, GET_JALALI_YEAR(date),\n        data, IMPORT_FROM_SHEET(SheetsFileId_Accounting_Chalebagh, sheetName, dataRange),\n        filteredData, FILTER(data, INDEX(data,,2) = monthName, INDEX(data,,3) = year),\n        INDEX(filteredData,,5)\n      )\n    ),\n  result\n)\n	1	#N/A	#N/A
تعداد فیش هرشب بجز سالن	B86		LET(\n  inputDate, AN,\n  sheetName, "اهداف فروش",\n  dataRange, "A:G",\n  result,\n    IF(\n      ISBLANK(inputDate),\n      "",\n      LET(\n        date, GREG_TO_JALALI(inputDate),\n        monthName, GET_JALALI_MONTH_NAME(date),\n        year, GET_JALALI_YEAR(date),\n        data, IMPORT_FROM_SHEET(SheetsFileId_Accounting_Chalebagh, sheetName, dataRange),\n        filteredData, FILTER(data, INDEX(data,,2) = monthName, INDEX(data,,3) = year),\n        INDEX(filteredData,,5)\n      )\n    ),\n  result\n)\n	1	#N/A	#N/A
تعداد فیش هرشب بجز سالن	B87		LET(\n  inputDate, AN,\n  sheetName, "اهداف فروش",\n  dataRange, "A:G",\n  result,\n    IF(\n      ISBLANK(inputDate),\n      "",\n      LET(\n        date, GREG_TO_JALALI(inputDate),\n        monthName, GET_JALALI_MONTH_NAME(date),\n        year, GET_JALALI_YEAR(date),\n        data, IMPORT_FROM_SHEET(SheetsFileId_Accounting_Chalebagh, sheetName, dataRange),\n        filteredData, FILTER(data, INDEX(data,,2) = monthName, INDEX(data,,3) = year),\n        INDEX(filteredData,,5)\n      )\n    ),\n  result\n)\n	1	#N/A	#N/A
تعداد فیش هرشب بجز سالن	B88		LET(\n  inputDate, AN,\n  sheetName, "اهداف فروش",\n  dataRange, "A:G",\n  result,\n    IF(\n      ISBLANK(inputDate),\n      "",\n      LET(\n        date, GREG_TO_JALALI(inputDate),\n        monthName, GET_JALALI_MONTH_NAME(date),\n        year, GET_JALALI_YEAR(date),\n        data, IMPORT_FROM_SHEET(SheetsFileId_Accounting_Chalebagh, sheetName, dataRange),\n        filteredData, FILTER(data, INDEX(data,,2) = monthName, INDEX(data,,3) = year),\n        INDEX(filteredData,,5)\n      )\n    ),\n  result\n)\n	1	#N/A	#N/A
تعداد فیش هرشب بجز سالن	B89		LET(\n  inputDate, AN,\n  sheetName, "اهداف فروش",\n  dataRange, "A:G",\n  result,\n    IF(\n      ISBLANK(inputDate),\n      "",\n      LET(\n        date, GREG_TO_JALALI(inputDate),\n        monthName, GET_JALALI_MONTH_NAME(date),\n        year, GET_JALALI_YEAR(date),\n        data, IMPORT_FROM_SHEET(SheetsFileId_Accounting_Chalebagh, sheetName, dataRange),\n        filteredData, FILTER(data, INDEX(data,,2) = monthName, INDEX(data,,3) = year),\n        INDEX(filteredData,,5)\n      )\n    ),\n  result\n)\n	1	#N/A	#N/A
تعداد فیش هرشب بجز سالن	B90		LET(\n  inputDate, AN,\n  sheetName, "اهداف فروش",\n  dataRange, "A:G",\n  result,\n    IF(\n      ISBLANK(inputDate),\n      "",\n      LET(\n        date, GREG_TO_JALALI(inputDate),\n        monthName, GET_JALALI_MONTH_NAME(date),\n        year, GET_JALALI_YEAR(date),\n        data, IMPORT_FROM_SHEET(SheetsFileId_Accounting_Chalebagh, sheetName, dataRange),\n        filteredData, FILTER(data, INDEX(data,,2) = monthName, INDEX(data,,3) = year),\n        INDEX(filteredData,,5)\n      )\n    ),\n  result\n)\n	1	#N/A	#N/A
تعداد فیش هرشب بجز سالن	B91		LET(\n  inputDate, AN,\n  sheetName, "اهداف فروش",\n  dataRange, "A:G",\n  result,\n    IF(\n      ISBLANK(inputDate),\n      "",\n      LET(\n        date, GREG_TO_JALALI(inputDate),\n        monthName, GET_JALALI_MONTH_NAME(date),\n        year, GET_JALALI_YEAR(date),\n        data, IMPORT_FROM_SHEET(SheetsFileId_Accounting_Chalebagh, sheetName, dataRange),\n        filteredData, FILTER(data, INDEX(data,,2) = monthName, INDEX(data,,3) = year),\n        INDEX(filteredData,,5)\n      )\n    ),\n  result\n)\n	1	#N/A	#N/A
تعداد فیش هرشب بجز سالن	B92		LET(\n  inputDate, AN,\n  sheetName, "اهداف فروش",\n  dataRange, "A:G",\n  result,\n    IF(\n      ISBLANK(inputDate),\n      "",\n      LET(\n        date, GREG_TO_JALALI(inputDate),\n        monthName, GET_JALALI_MONTH_NAME(date),\n        year, GET_JALALI_YEAR(date),\n        data, IMPORT_FROM_SHEET(SheetsFileId_Accounting_Chalebagh, sheetName, dataRange),\n        filteredData, FILTER(data, INDEX(data,,2) = monthName, INDEX(data,,3) = year),\n        INDEX(filteredData,,5)\n      )\n    ),\n  result\n)\n	1	#N/A	#N/A
تعداد فیش هرشب بجز سالن	B93		LET(\n  inputDate, AN,\n  sheetName, "اهداف فروش",\n  dataRange, "A:G",\n  result,\n    IF(\n      ISBLANK(inputDate),\n      "",\n      LET(\n        date, GREG_TO_JALALI(inputDate),\n        monthName, GET_JALALI_MONTH_NAME(date),\n        year, GET_JALALI_YEAR(date),\n        data, IMPORT_FROM_SHEET(SheetsFileId_Accounting_Chalebagh, sheetName, dataRange),\n        filteredData, FILTER(data, INDEX(data,,2) = monthName, INDEX(data,,3) = year),\n        INDEX(filteredData,,5)\n      )\n    ),\n  result\n)\n	1	#N/A	#N/A
تعداد فیش هرشب بجز سالن	B94		LET(\n  inputDate, AN,\n  sheetName, "اهداف فروش",\n  dataRange, "A:G",\n  result,\n    IF(\n      ISBLANK(inputDate),\n      "",\n      LET(\n        date, GREG_TO_JALALI(inputDate),\n        monthName, GET_JALALI_MONTH_NAME(date),\n        year, GET_JALALI_YEAR(date),\n        data, IMPORT_FROM_SHEET(SheetsFileId_Accounting_Chalebagh, sheetName, dataRange),\n        filteredData, FILTER(data, INDEX(data,,2) = monthName, INDEX(data,,3) = year),\n        INDEX(filteredData,,5)\n      )\n    ),\n  result\n)\n	1	#N/A	#N/A
تعداد فیش هرشب بجز سالن	B95		LET(\n  inputDate, AN,\n  sheetName, "اهداف فروش",\n  dataRange, "A:G",\n  result,\n    IF(\n      ISBLANK(inputDate),\n      "",\n      LET(\n        date, GREG_TO_JALALI(inputDate),\n        monthName, GET_JALALI_MONTH_NAME(date),\n        year, GET_JALALI_YEAR(date),\n        data, IMPORT_FROM_SHEET(SheetsFileId_Accounting_Chalebagh, sheetName, dataRange),\n        filteredData, FILTER(data, INDEX(data,,2) = monthName, INDEX(data,,3) = year),\n        INDEX(filteredData,,5)\n      )\n    ),\n  result\n)\n	1	#N/A	#N/A
تعداد فیش هرشب بجز سالن	B96		LET(\n  inputDate, AN,\n  sheetName, "اهداف فروش",\n  dataRange, "A:G",\n  result,\n    IF(\n      ISBLANK(inputDate),\n      "",\n      LET(\n        date, GREG_TO_JALALI(inputDate),\n        monthName, GET_JALALI_MONTH_NAME(date),\n        year, GET_JALALI_YEAR(date),\n        data, IMPORT_FROM_SHEET(SheetsFileId_Accounting_Chalebagh, sheetName, dataRange),\n        filteredData, FILTER(data, INDEX(data,,2) = monthName, INDEX(data,,3) = year),\n        INDEX(filteredData,,5)\n      )\n    ),\n  result\n)\n	1	#N/A	#N/A
تعداد فیش هرشب بجز سالن	B97		LET(\n  inputDate, AN,\n  sheetName, "اهداف فروش",\n  dataRange, "A:G",\n  result,\n    IF(\n      ISBLANK(inputDate),\n      "",\n      LET(\n        date, GREG_TO_JALALI(inputDate),\n        monthName, GET_JALALI_MONTH_NAME(date),\n        year, GET_JALALI_YEAR(date),\n        data, IMPORT_FROM_SHEET(SheetsFileId_Accounting_Chalebagh, sheetName, dataRange),\n        filteredData, FILTER(data, INDEX(data,,2) = monthName, INDEX(data,,3) = year),\n        INDEX(filteredData,,5)\n      )\n    ),\n  result\n)\n	1	#N/A	#N/A
تعداد فیش هرشب بجز سالن	B98		LET(\n  inputDate, AN,\n  sheetName, "اهداف فروش",\n  dataRange, "A:G",\n  result,\n    IF(\n      ISBLANK(inputDate),\n      "",\n      LET(\n        date, GREG_TO_JALALI(inputDate),\n        monthName, GET_JALALI_MONTH_NAME(date),\n        year, GET_JALALI_YEAR(date),\n        data, IMPORT_FROM_SHEET(SheetsFileId_Accounting_Chalebagh, sheetName, dataRange),\n        filteredData, FILTER(data, INDEX(data,,2) = monthName, INDEX(data,,3) = year),\n        INDEX(filteredData,,5)\n      )\n    ),\n  result\n)\n	1	#N/A	#N/A
تعداد فیش هرشب بجز سالن	B99		LET(\n  inputDate, AN,\n  sheetName, "اهداف فروش",\n  dataRange, "A:G",\n  result,\n    IF(\n      ISBLANK(inputDate),\n      "",\n      LET(\n        date, GREG_TO_JALALI(inputDate),\n        monthName, GET_JALALI_MONTH_NAME(date),\n        year, GET_JALALI_YEAR(date),\n        data, IMPORT_FROM_SHEET(SheetsFileId_Accounting_Chalebagh, sheetName, dataRange),\n        filteredData, FILTER(data, INDEX(data,,2) = monthName, INDEX(data,,3) = year),\n        INDEX(filteredData,,5)\n      )\n    ),\n  result\n)\n	1	#N/A	#N/A
تعداد فیش هرشب بجز سالن	B100		LET(\n  inputDate, AN,\n  sheetName, "اهداف فروش",\n  dataRange, "A:G",\n  result,\n    IF(\n      ISBLANK(inputDate),\n      "",\n      LET(\n        date, GREG_TO_JALALI(inputDate),\n        monthName, GET_JALALI_MONTH_NAME(date),\n        year, GET_JALALI_YEAR(date),\n        data, IMPORT_FROM_SHEET(SheetsFileId_Accounting_Chalebagh, sheetName, dataRange),\n        filteredData, FILTER(data, INDEX(data,,2) = monthName, INDEX(data,,3) = year),\n        INDEX(filteredData,,5)\n      )\n    ),\n  result\n)\n	1	#N/A	#N/A
تعداد فیش هرشب بجز سالن	B101		LET(\n  inputDate, AN,\n  sheetName, "اهداف فروش",\n  dataRange, "A:G",\n  result,\n    IF(\n      ISBLANK(inputDate),\n      "",\n      LET(\n        date, GREG_TO_JALALI(inputDate),\n        monthName, GET_JALALI_MONTH_NAME(date),\n        year, GET_JALALI_YEAR(date),\n        data, IMPORT_FROM_SHEET(SheetsFileId_Accounting_Chalebagh, sheetName, dataRange),\n        filteredData, FILTER(data, INDEX(data,,2) = monthName, INDEX(data,,3) = year),\n        INDEX(filteredData,,5)\n      )\n    ),\n  result\n)\n	1	#N/A	#N/A
تعداد فیش هرشب بجز سالن	B102		LET(\n  inputDate, AN,\n  sheetName, "اهداف فروش",\n  dataRange, "A:G",\n  result,\n    IF(\n      ISBLANK(inputDate),\n      "",\n      LET(\n        date, GREG_TO_JALALI(inputDate),\n        monthName, GET_JALALI_MONTH_NAME(date),\n        year, GET_JALALI_YEAR(date),\n        data, IMPORT_FROM_SHEET(SheetsFileId_Accounting_Chalebagh, sheetName, dataRange),\n        filteredData, FILTER(data, INDEX(data,,2) = monthName, INDEX(data,,3) = year),\n        INDEX(filteredData,,5)\n      )\n    ),\n  result\n)\n	1	#N/A	#N/A
تعداد فیش هرشب بجز سالن	B103		LET(\n  inputDate, AN,\n  sheetName, "اهداف فروش",\n  dataRange, "A:G",\n  result,\n    IF(\n      ISBLANK(inputDate),\n      "",\n      LET(\n        date, GREG_TO_JALALI(inputDate),\n        monthName, GET_JALALI_MONTH_NAME(date),\n        year, GET_JALALI_YEAR(date),\n        data, IMPORT_FROM_SHEET(SheetsFileId_Accounting_Chalebagh, sheetName, dataRange),\n        filteredData, FILTER(data, INDEX(data,,2) = monthName, INDEX(data,,3) = year),\n        INDEX(filteredData,,5)\n      )\n    ),\n  result\n)\n	1	#N/A	#N/A
تعداد فیش هرشب بجز سالن	B104		LET(\n  inputDate, AN,\n  sheetName, "اهداف فروش",\n  dataRange, "A:G",\n  result,\n    IF(\n      ISBLANK(inputDate),\n      "",\n      LET(\n        date, GREG_TO_JALALI(inputDate),\n        monthName, GET_JALALI_MONTH_NAME(date),\n        year, GET_JALALI_YEAR(date),\n        data, IMPORT_FROM_SHEET(SheetsFileId_Accounting_Chalebagh, sheetName, dataRange),\n        filteredData, FILTER(data, INDEX(data,,2) = monthName, INDEX(data,,3) = year),\n        INDEX(filteredData,,5)\n      )\n    ),\n  result\n)\n	1	#N/A	#N/A
تعداد فیش هرشب بجز سالن	B105		LET(\n  inputDate, AN,\n  sheetName, "اهداف فروش",\n  dataRange, "A:G",\n  result,\n    IF(\n      ISBLANK(inputDate),\n      "",\n      LET(\n        date, GREG_TO_JALALI(inputDate),\n        monthName, GET_JALALI_MONTH_NAME(date),\n        year, GET_JALALI_YEAR(date),\n        data, IMPORT_FROM_SHEET(SheetsFileId_Accounting_Chalebagh, sheetName, dataRange),\n        filteredData, FILTER(data, INDEX(data,,2) = monthName, INDEX(data,,3) = year),\n        INDEX(filteredData,,5)\n      )\n    ),\n  result\n)\n	1	#N/A	#N/A
تعداد فیش هرشب بجز سالن	B106		LET(\n  inputDate, AN,\n  sheetName, "اهداف فروش",\n  dataRange, "A:G",\n  result,\n    IF(\n      ISBLANK(inputDate),\n      "",\n      LET(\n        date, GREG_TO_JALALI(inputDate),\n        monthName, GET_JALALI_MONTH_NAME(date),\n        year, GET_JALALI_YEAR(date),\n        data, IMPORT_FROM_SHEET(SheetsFileId_Accounting_Chalebagh, sheetName, dataRange),\n        filteredData, FILTER(data, INDEX(data,,2) = monthName, INDEX(data,,3) = year),\n        INDEX(filteredData,,5)\n      )\n    ),\n  result\n)\n	1	#N/A	#N/A
تعداد فیش هرشب بجز سالن	B107		LET(\n  inputDate, AN,\n  sheetName, "اهداف فروش",\n  dataRange, "A:G",\n  result,\n    IF(\n      ISBLANK(inputDate),\n      "",\n      LET(\n        date, GREG_TO_JALALI(inputDate),\n        monthName, GET_JALALI_MONTH_NAME(date),\n        year, GET_JALALI_YEAR(date),\n        data, IMPORT_FROM_SHEET(SheetsFileId_Accounting_Chalebagh, sheetName, dataRange),\n        filteredData, FILTER(data, INDEX(data,,2) = monthName, INDEX(data,,3) = year),\n        INDEX(filteredData,,5)\n      )\n    ),\n  result\n)\n	1	#N/A	#N/A
تعداد فیش هرشب بجز سالن	B108		LET(\n  inputDate, AN,\n  sheetName, "اهداف فروش",\n  dataRange, "A:G",\n  result,\n    IF(\n      ISBLANK(inputDate),\n      "",\n      LET(\n        date, GREG_TO_JALALI(inputDate),\n        monthName, GET_JALALI_MONTH_NAME(date),\n        year, GET_JALALI_YEAR(date),\n        data, IMPORT_FROM_SHEET(SheetsFileId_Accounting_Chalebagh, sheetName, dataRange),\n        filteredData, FILTER(data, INDEX(data,,2) = monthName, INDEX(data,,3) = year),\n        INDEX(filteredData,,5)\n      )\n    ),\n  result\n)\n	1	#N/A	#N/A
تعداد فیش هرشب بجز سالن	B109		LET(\n  inputDate, AN,\n  sheetName, "اهداف فروش",\n  dataRange, "A:G",\n  result,\n    IF(\n      ISBLANK(inputDate),\n      "",\n      LET(\n        date, GREG_TO_JALALI(inputDate),\n        monthName, GET_JALALI_MONTH_NAME(date),\n        year, GET_JALALI_YEAR(date),\n        data, IMPORT_FROM_SHEET(SheetsFileId_Accounting_Chalebagh, sheetName, dataRange),\n        filteredData, FILTER(data, INDEX(data,,2) = monthName, INDEX(data,,3) = year),\n        INDEX(filteredData,,5)\n      )\n    ),\n  result\n)\n	1	#N/A	#N/A
تعداد فیش هرشب بجز سالن	B110		LET(\n  inputDate, AN,\n  sheetName, "اهداف فروش",\n  dataRange, "A:G",\n  result,\n    IF(\n      ISBLANK(inputDate),\n      "",\n      LET(\n        date, GREG_TO_JALALI(inputDate),\n        monthName, GET_JALALI_MONTH_NAME(date),\n        year, GET_JALALI_YEAR(date),\n        data, IMPORT_FROM_SHEET(SheetsFileId_Accounting_Chalebagh, sheetName, dataRange),\n        filteredData, FILTER(data, INDEX(data,,2) = monthName, INDEX(data,,3) = year),\n        INDEX(filteredData,,5)\n      )\n    ),\n  result\n)\n	1	#N/A	#N/A
تعداد فیش هرشب بجز سالن	B111		LET(\n  inputDate, AN,\n  sheetName, "اهداف فروش",\n  dataRange, "A:G",\n  result,\n    IF(\n      ISBLANK(inputDate),\n      "",\n      LET(\n        date, GREG_TO_JALALI(inputDate),\n        monthName, GET_JALALI_MONTH_NAME(date),\n        year, GET_JALALI_YEAR(date),\n        data, IMPORT_FROM_SHEET(SheetsFileId_Accounting_Chalebagh, sheetName, dataRange),\n        filteredData, FILTER(data, INDEX(data,,2) = monthName, INDEX(data,,3) = year),\n        INDEX(filteredData,,5)\n      )\n    ),\n  result\n)\n	1	#N/A	#N/A
تعداد فیش هرشب بجز سالن	B112		LET(\n  inputDate, AN,\n  sheetName, "اهداف فروش",\n  dataRange, "A:G",\n  result,\n    IF(\n      ISBLANK(inputDate),\n      "",\n      LET(\n        date, GREG_TO_JALALI(inputDate),\n        monthName, GET_JALALI_MONTH_NAME(date),\n        year, GET_JALALI_YEAR(date),\n        data, IMPORT_FROM_SHEET(SheetsFileId_Accounting_Chalebagh, sheetName, dataRange),\n        filteredData, FILTER(data, INDEX(data,,2) = monthName, INDEX(data,,3) = year),\n        INDEX(filteredData,,5)\n      )\n    ),\n  result\n)\n	1	#N/A	#N/A
تعداد فیش هرشب بجز سالن	B113		LET(\n  inputDate, AN,\n  sheetName, "اهداف فروش",\n  dataRange, "A:G",\n  result,\n    IF(\n      ISBLANK(inputDate),\n      "",\n      LET(\n        date, GREG_TO_JALALI(inputDate),\n        monthName, GET_JALALI_MONTH_NAME(date),\n        year, GET_JALALI_YEAR(date),\n        data, IMPORT_FROM_SHEET(SheetsFileId_Accounting_Chalebagh, sheetName, dataRange),\n        filteredData, FILTER(data, INDEX(data,,2) = monthName, INDEX(data,,3) = year),\n        INDEX(filteredData,,5)\n      )\n    ),\n  result\n)\n	1	#N/A	#N/A
تعداد فیش هرشب بجز سالن	B114		LET(\n  inputDate, AN,\n  sheetName, "اهداف فروش",\n  dataRange, "A:G",\n  result,\n    IF(\n      ISBLANK(inputDate),\n      "",\n      LET(\n        date, GREG_TO_JALALI(inputDate),\n        monthName, GET_JALALI_MONTH_NAME(date),\n        year, GET_JALALI_YEAR(date),\n        data, IMPORT_FROM_SHEET(SheetsFileId_Accounting_Chalebagh, sheetName, dataRange),\n        filteredData, FILTER(data, INDEX(data,,2) = monthName, INDEX(data,,3) = year),\n        INDEX(filteredData,,5)\n      )\n    ),\n  result\n)\n	1	#N/A	#N/A
تعداد فیش هرشب بجز سالن	B115		LET(\n  inputDate, AN,\n  sheetName, "اهداف فروش",\n  dataRange, "A:G",\n  result,\n    IF(\n      ISBLANK(inputDate),\n      "",\n      LET(\n        date, GREG_TO_JALALI(inputDate),\n        monthName, GET_JALALI_MONTH_NAME(date),\n        year, GET_JALALI_YEAR(date),\n        data, IMPORT_FROM_SHEET(SheetsFileId_Accounting_Chalebagh, sheetName, dataRange),\n        filteredData, FILTER(data, INDEX(data,,2) = monthName, INDEX(data,,3) = year),\n        INDEX(filteredData,,5)\n      )\n    ),\n  result\n)\n	1	#N/A	#N/A
تعداد فیش هرشب بجز سالن	B116		LET(\n  inputDate, AN,\n  sheetName, "اهداف فروش",\n  dataRange, "A:G",\n  result,\n    IF(\n      ISBLANK(inputDate),\n      "",\n      LET(\n        date, GREG_TO_JALALI(inputDate),\n        monthName, GET_JALALI_MONTH_NAME(date),\n        year, GET_JALALI_YEAR(date),\n        data, IMPORT_FROM_SHEET(SheetsFileId_Accounting_Chalebagh, sheetName, dataRange),\n        filteredData, FILTER(data, INDEX(data,,2) = monthName, INDEX(data,,3) = year),\n        INDEX(filteredData,,5)\n      )\n    ),\n  result\n)\n	1		
تعداد فیش هرشب بجز سالن	B117		LET(\n  inputDate, AN,\n  sheetName, "اهداف فروش",\n  dataRange, "A:G",\n  result,\n    IF(\n      ISBLANK(inputDate),\n      "",\n      LET(\n        date, GREG_TO_JALALI(inputDate),\n        monthName, GET_JALALI_MONTH_NAME(date),\n        year, GET_JALALI_YEAR(date),\n        data, IMPORT_FROM_SHEET(SheetsFileId_Accounting_Chalebagh, sheetName, dataRange),\n        filteredData, FILTER(data, INDEX(data,,2) = monthName, INDEX(data,,3) = year),\n        INDEX(filteredData,,5)\n      )\n    ),\n  result\n)\n	1		
تعداد فیش هرشب بجز سالن	B118		LET(\n  inputDate, AN,\n  sheetName, "اهداف فروش",\n  dataRange, "A:G",\n  result,\n    IF(\n      ISBLANK(inputDate),\n      "",\n      LET(\n        date, GREG_TO_JALALI(inputDate),\n        monthName, GET_JALALI_MONTH_NAME(date),\n        year, GET_JALALI_YEAR(date),\n        data, IMPORT_FROM_SHEET(SheetsFileId_Accounting_Chalebagh, sheetName, dataRange),\n        filteredData, FILTER(data, INDEX(data,,2) = monthName, INDEX(data,,3) = year),\n        INDEX(filteredData,,5)\n      )\n    ),\n  result\n)\n	1		
تعداد فیش هرشب بجز سالن	B119		LET(\n  inputDate, AN,\n  sheetName, "اهداف فروش",\n  dataRange, "A:G",\n  result,\n    IF(\n      ISBLANK(inputDate),\n      "",\n      LET(\n        date, GREG_TO_JALALI(inputDate),\n        monthName, GET_JALALI_MONTH_NAME(date),\n        year, GET_JALALI_YEAR(date),\n        data, IMPORT_FROM_SHEET(SheetsFileId_Accounting_Chalebagh, sheetName, dataRange),\n        filteredData, FILTER(data, INDEX(data,,2) = monthName, INDEX(data,,3) = year),\n        INDEX(filteredData,,5)\n      )\n    ),\n  result\n)\n	1		
تعداد فیش هرشب بجز سالن	B120		LET(\n  inputDate, AN,\n  sheetName, "اهداف فروش",\n  dataRange, "A:G",\n  result,\n    IF(\n      ISBLANK(inputDate),\n      "",\n      LET(\n        date, GREG_TO_JALALI(inputDate),\n        monthName, GET_JALALI_MONTH_NAME(date),\n        year, GET_JALALI_YEAR(date),\n        data, IMPORT_FROM_SHEET(SheetsFileId_Accounting_Chalebagh, sheetName, dataRange),\n        filteredData, FILTER(data, INDEX(data,,2) = monthName, INDEX(data,,3) = year),\n        INDEX(filteredData,,5)\n      )\n    ),\n  result\n)\n	1		
تعداد فیش هرشب بجز سالن	B121		LET(\n  inputDate, AN,\n  sheetName, "اهداف فروش",\n  dataRange, "A:G",\n  result,\n    IF(\n      ISBLANK(inputDate),\n      "",\n      LET(\n        date, GREG_TO_JALALI(inputDate),\n        monthName, GET_JALALI_MONTH_NAME(date),\n        year, GET_JALALI_YEAR(date),\n        data, IMPORT_FROM_SHEET(SheetsFileId_Accounting_Chalebagh, sheetName, dataRange),\n        filteredData, FILTER(data, INDEX(data,,2) = monthName, INDEX(data,,3) = year),\n        INDEX(filteredData,,5)\n      )\n    ),\n  result\n)\n	1		
تعداد فیش هرشب بجز سالن	B122		LET(\n  inputDate, AN,\n  sheetName, "اهداف فروش",\n  dataRange, "A:G",\n  result,\n    IF(\n      ISBLANK(inputDate),\n      "",\n      LET(\n        date, GREG_TO_JALALI(inputDate),\n        monthName, GET_JALALI_MONTH_NAME(date),\n        year, GET_JALALI_YEAR(date),\n        data, IMPORT_FROM_SHEET(SheetsFileId_Accounting_Chalebagh, sheetName, dataRange),\n        filteredData, FILTER(data, INDEX(data,,2) = monthName, INDEX(data,,3) = year),\n        INDEX(filteredData,,5)\n      )\n    ),\n  result\n)\n	1		
تعداد فیش هرشب بجز سالن	B123		LET(\n  inputDate, AN,\n  sheetName, "اهداف فروش",\n  dataRange, "A:G",\n  result,\n    IF(\n      ISBLANK(inputDate),\n      "",\n      LET(\n        date, GREG_TO_JALALI(inputDate),\n        monthName, GET_JALALI_MONTH_NAME(date),\n        year, GET_JALALI_YEAR(date),\n        data, IMPORT_FROM_SHEET(SheetsFileId_Accounting_Chalebagh, sheetName, dataRange),\n        filteredData, FILTER(data, INDEX(data,,2) = monthName, INDEX(data,,3) = year),\n        INDEX(filteredData,,5)\n      )\n    ),\n  result\n)\n	1		
تعداد فیش هرشب بجز سالن	B124		LET(\n  inputDate, AN,\n  sheetName, "اهداف فروش",\n  dataRange, "A:G",\n  result,\n    IF(\n      ISBLANK(inputDate),\n      "",\n      LET(\n        date, GREG_TO_JALALI(inputDate),\n        monthName, GET_JALALI_MONTH_NAME(date),\n        year, GET_JALALI_YEAR(date),\n        data, IMPORT_FROM_SHEET(SheetsFileId_Accounting_Chalebagh, sheetName, dataRange),\n        filteredData, FILTER(data, INDEX(data,,2) = monthName, INDEX(data,,3) = year),\n        INDEX(filteredData,,5)\n      )\n    ),\n  result\n)\n	1		
تعداد فیش هرشب بجز سالن	B125		LET(\n  inputDate, AN,\n  sheetName, "اهداف فروش",\n  dataRange, "A:G",\n  result,\n    IF(\n      ISBLANK(inputDate),\n      "",\n      LET(\n        date, GREG_TO_JALALI(inputDate),\n        monthName, GET_JALALI_MONTH_NAME(date),\n        year, GET_JALALI_YEAR(date),\n        data, IMPORT_FROM_SHEET(SheetsFileId_Accounting_Chalebagh, sheetName, dataRange),\n        filteredData, FILTER(data, INDEX(data,,2) = monthName, INDEX(data,,3) = year),\n        INDEX(filteredData,,5)\n      )\n    ),\n  result\n)\n	1		
تعداد فیش هرشب بجز سالن	B126		LET(\n  inputDate, AN,\n  sheetName, "اهداف فروش",\n  dataRange, "A:G",\n  result,\n    IF(\n      ISBLANK(inputDate),\n      "",\n      LET(\n        date, GREG_TO_JALALI(inputDate),\n        monthName, GET_JALALI_MONTH_NAME(date),\n        year, GET_JALALI_YEAR(date),\n        data, IMPORT_FROM_SHEET(SheetsFileId_Accounting_Chalebagh, sheetName, dataRange),\n        filteredData, FILTER(data, INDEX(data,,2) = monthName, INDEX(data,,3) = year),\n        INDEX(filteredData,,5)\n      )\n    ),\n  result\n)\n	1		
تعداد فیش هرشب بجز سالن	B127		LET(\n  inputDate, AN,\n  sheetName, "اهداف فروش",\n  dataRange, "A:G",\n  result,\n    IF(\n      ISBLANK(inputDate),\n      "",\n      LET(\n        date, GREG_TO_JALALI(inputDate),\n        monthName, GET_JALALI_MONTH_NAME(date),\n        year, GET_JALALI_YEAR(date),\n        data, IMPORT_FROM_SHEET(SheetsFileId_Accounting_Chalebagh, sheetName, dataRange),\n        filteredData, FILTER(data, INDEX(data,,2) = monthName, INDEX(data,,3) = year),\n        INDEX(filteredData,,5)\n      )\n    ),\n  result\n)\n	1		
تعداد فیش هرشب بجز سالن	B128		LET(\n  inputDate, AN,\n  sheetName, "اهداف فروش",\n  dataRange, "A:G",\n  result,\n    IF(\n      ISBLANK(inputDate),\n      "",\n      LET(\n        date, GREG_TO_JALALI(inputDate),\n        monthName, GET_JALALI_MONTH_NAME(date),\n        year, GET_JALALI_YEAR(date),\n        data, IMPORT_FROM_SHEET(SheetsFileId_Accounting_Chalebagh, sheetName, dataRange),\n        filteredData, FILTER(data, INDEX(data,,2) = monthName, INDEX(data,,3) = year),\n        INDEX(filteredData,,5)\n      )\n    ),\n  result\n)\n	1		
تعداد فیش هرشب بجز سالن	B129		LET(\n  inputDate, AN,\n  sheetName, "اهداف فروش",\n  dataRange, "A:G",\n  result,\n    IF(\n      ISBLANK(inputDate),\n      "",\n      LET(\n        date, GREG_TO_JALALI(inputDate),\n        monthName, GET_JALALI_MONTH_NAME(date),\n        year, GET_JALALI_YEAR(date),\n        data, IMPORT_FROM_SHEET(SheetsFileId_Accounting_Chalebagh, sheetName, dataRange),\n        filteredData, FILTER(data, INDEX(data,,2) = monthName, INDEX(data,,3) = year),\n        INDEX(filteredData,,5)\n      )\n    ),\n  result\n)\n	1		
تعداد فیش هرشب بجز سالن	B130		LET(\n  inputDate, AN,\n  sheetName, "اهداف فروش",\n  dataRange, "A:G",\n  result,\n    IF(\n      ISBLANK(inputDate),\n      "",\n      LET(\n        date, GREG_TO_JALALI(inputDate),\n        monthName, GET_JALALI_MONTH_NAME(date),\n        year, GET_JALALI_YEAR(date),\n        data, IMPORT_FROM_SHEET(SheetsFileId_Accounting_Chalebagh, sheetName, dataRange),\n        filteredData, FILTER(data, INDEX(data,,2) = monthName, INDEX(data,,3) = year),\n        INDEX(filteredData,,5)\n      )\n    ),\n  result\n)\n	1		
تعداد فیش هرشب بجز سالن	B131		LET(\n  inputDate, AN,\n  sheetName, "اهداف فروش",\n  dataRange, "A:G",\n  result,\n    IF(\n      ISBLANK(inputDate),\n      "",\n      LET(\n        date, GREG_TO_JALALI(inputDate),\n        monthName, GET_JALALI_MONTH_NAME(date),\n        year, GET_JALALI_YEAR(date),\n        data, IMPORT_FROM_SHEET(SheetsFileId_Accounting_Chalebagh, sheetName, dataRange),\n        filteredData, FILTER(data, INDEX(data,,2) = monthName, INDEX(data,,3) = year),\n        INDEX(filteredData,,5)\n      )\n    ),\n  result\n)\n	1		
تعداد فیش هرشب بجز سالن	B132		LET(\n  inputDate, AN,\n  sheetName, "اهداف فروش",\n  dataRange, "A:G",\n  result,\n    IF(\n      ISBLANK(inputDate),\n      "",\n      LET(\n        date, GREG_TO_JALALI(inputDate),\n        monthName, GET_JALALI_MONTH_NAME(date),\n        year, GET_JALALI_YEAR(date),\n        data, IMPORT_FROM_SHEET(SheetsFileId_Accounting_Chalebagh, sheetName, dataRange),\n        filteredData, FILTER(data, INDEX(data,,2) = monthName, INDEX(data,,3) = year),\n        INDEX(filteredData,,5)\n      )\n    ),\n  result\n)\n	1		
تعداد فیش هرشب بجز سالن	B133		LET(\n  inputDate, AN,\n  sheetName, "اهداف فروش",\n  dataRange, "A:G",\n  result,\n    IF(\n      ISBLANK(inputDate),\n      "",\n      LET(\n        date, GREG_TO_JALALI(inputDate),\n        monthName, GET_JALALI_MONTH_NAME(date),\n        year, GET_JALALI_YEAR(date),\n        data, IMPORT_FROM_SHEET(SheetsFileId_Accounting_Chalebagh, sheetName, dataRange),\n        filteredData, FILTER(data, INDEX(data,,2) = monthName, INDEX(data,,3) = year),\n        INDEX(filteredData,,5)\n      )\n    ),\n  result\n)\n	1		
تعداد فیش هرشب بجز سالن	B134		LET(\n  inputDate, AN,\n  sheetName, "اهداف فروش",\n  dataRange, "A:G",\n  result,\n    IF(\n      ISBLANK(inputDate),\n      "",\n      LET(\n        date, GREG_TO_JALALI(inputDate),\n        monthName, GET_JALALI_MONTH_NAME(date),\n        year, GET_JALALI_YEAR(date),\n        data, IMPORT_FROM_SHEET(SheetsFileId_Accounting_Chalebagh, sheetName, dataRange),\n        filteredData, FILTER(data, INDEX(data,,2) = monthName, INDEX(data,,3) = year),\n        INDEX(filteredData,,5)\n      )\n    ),\n  result\n)\n	1		
تعداد فیش هرشب بجز سالن	B135		LET(\n  inputDate, AN,\n  sheetName, "اهداف فروش",\n  dataRange, "A:G",\n  result,\n    IF(\n      ISBLANK(inputDate),\n      "",\n      LET(\n        date, GREG_TO_JALALI(inputDate),\n        monthName, GET_JALALI_MONTH_NAME(date),\n        year, GET_JALALI_YEAR(date),\n        data, IMPORT_FROM_SHEET(SheetsFileId_Accounting_Chalebagh, sheetName, dataRange),\n        filteredData, FILTER(data, INDEX(data,,2) = monthName, INDEX(data,,3) = year),\n        INDEX(filteredData,,5)\n      )\n    ),\n  result\n)\n	1		
تعداد فیش هرشب بجز سالن	B136		LET(\n  inputDate, AN,\n  sheetName, "اهداف فروش",\n  dataRange, "A:G",\n  result,\n    IF(\n      ISBLANK(inputDate),\n      "",\n      LET(\n        date, GREG_TO_JALALI(inputDate),\n        monthName, GET_JALALI_MONTH_NAME(date),\n        year, GET_JALALI_YEAR(date),\n        data, IMPORT_FROM_SHEET(SheetsFileId_Accounting_Chalebagh, sheetName, dataRange),\n        filteredData, FILTER(data, INDEX(data,,2) = monthName, INDEX(data,,3) = year),\n        INDEX(filteredData,,5)\n      )\n    ),\n  result\n)\n	1		
تعداد فیش هرشب بجز سالن	B137		LET(\n  inputDate, AN,\n  sheetName, "اهداف فروش",\n  dataRange, "A:G",\n  result,\n    IF(\n      ISBLANK(inputDate),\n      "",\n      LET(\n        date, GREG_TO_JALALI(inputDate),\n        monthName, GET_JALALI_MONTH_NAME(date),\n        year, GET_JALALI_YEAR(date),\n        data, IMPORT_FROM_SHEET(SheetsFileId_Accounting_Chalebagh, sheetName, dataRange),\n        filteredData, FILTER(data, INDEX(data,,2) = monthName, INDEX(data,,3) = year),\n        INDEX(filteredData,,5)\n      )\n    ),\n  result\n)\n	1		
تعداد فیش هرشب بجز سالن	B138		LET(\n  inputDate, AN,\n  sheetName, "اهداف فروش",\n  dataRange, "A:G",\n  result,\n    IF(\n      ISBLANK(inputDate),\n      "",\n      LET(\n        date, GREG_TO_JALALI(inputDate),\n        monthName, GET_JALALI_MONTH_NAME(date),\n        year, GET_JALALI_YEAR(date),\n        data, IMPORT_FROM_SHEET(SheetsFileId_Accounting_Chalebagh, sheetName, dataRange),\n        filteredData, FILTER(data, INDEX(data,,2) = monthName, INDEX(data,,3) = year),\n        INDEX(filteredData,,5)\n      )\n    ),\n  result\n)\n	1		
تعداد فیش هرشب بجز سالن	B139		LET(\n  inputDate, AN,\n  sheetName, "اهداف فروش",\n  dataRange, "A:G",\n  result,\n    IF(\n      ISBLANK(inputDate),\n      "",\n      LET(\n        date, GREG_TO_JALALI(inputDate),\n        monthName, GET_JALALI_MONTH_NAME(date),\n        year, GET_JALALI_YEAR(date),\n        data, IMPORT_FROM_SHEET(SheetsFileId_Accounting_Chalebagh, sheetName, dataRange),\n        filteredData, FILTER(data, INDEX(data,,2) = monthName, INDEX(data,,3) = year),\n        INDEX(filteredData,,5)\n      )\n    ),\n  result\n)\n	1		
تعداد فیش هرشب بجز سالن	B140		LET(\n  inputDate, AN,\n  sheetName, "اهداف فروش",\n  dataRange, "A:G",\n  result,\n    IF(\n      ISBLANK(inputDate),\n      "",\n      LET(\n        date, GREG_TO_JALALI(inputDate),\n        monthName, GET_JALALI_MONTH_NAME(date),\n        year, GET_JALALI_YEAR(date),\n        data, IMPORT_FROM_SHEET(SheetsFileId_Accounting_Chalebagh, sheetName, dataRange),\n        filteredData, FILTER(data, INDEX(data,,2) = monthName, INDEX(data,,3) = year),\n        INDEX(filteredData,,5)\n      )\n    ),\n  result\n)\n	1		
تعداد فیش هرشب بجز سالن	B141		LET(\n  inputDate, AN,\n  sheetName, "اهداف فروش",\n  dataRange, "A:G",\n  result,\n    IF(\n      ISBLANK(inputDate),\n      "",\n      LET(\n        date, GREG_TO_JALALI(inputDate),\n        monthName, GET_JALALI_MONTH_NAME(date),\n        year, GET_JALALI_YEAR(date),\n        data, IMPORT_FROM_SHEET(SheetsFileId_Accounting_Chalebagh, sheetName, dataRange),\n        filteredData, FILTER(data, INDEX(data,,2) = monthName, INDEX(data,,3) = year),\n        INDEX(filteredData,,5)\n      )\n    ),\n  result\n)\n	1		
تعداد فیش هرشب بجز سالن	B142		LET(\n  inputDate, AN,\n  sheetName, "اهداف فروش",\n  dataRange, "A:G",\n  result,\n    IF(\n      ISBLANK(inputDate),\n      "",\n      LET(\n        date, GREG_TO_JALALI(inputDate),\n        monthName, GET_JALALI_MONTH_NAME(date),\n        year, GET_JALALI_YEAR(date),\n        data, IMPORT_FROM_SHEET(SheetsFileId_Accounting_Chalebagh, sheetName, dataRange),\n        filteredData, FILTER(data, INDEX(data,,2) = monthName, INDEX(data,,3) = year),\n        INDEX(filteredData,,5)\n      )\n    ),\n  result\n)\n	1		
تعداد فیش هرشب بجز سالن	B143		LET(\n  inputDate, AN,\n  sheetName, "اهداف فروش",\n  dataRange, "A:G",\n  result,\n    IF(\n      ISBLANK(inputDate),\n      "",\n      LET(\n        date, GREG_TO_JALALI(inputDate),\n        monthName, GET_JALALI_MONTH_NAME(date),\n        year, GET_JALALI_YEAR(date),\n        data, IMPORT_FROM_SHEET(SheetsFileId_Accounting_Chalebagh, sheetName, dataRange),\n        filteredData, FILTER(data, INDEX(data,,2) = monthName, INDEX(data,,3) = year),\n        INDEX(filteredData,,5)\n      )\n    ),\n  result\n)\n	1		
تعداد فیش هرشب بجز سالن	B144		LET(\n  inputDate, AN,\n  sheetName, "اهداف فروش",\n  dataRange, "A:G",\n  result,\n    IF(\n      ISBLANK(inputDate),\n      "",\n      LET(\n        date, GREG_TO_JALALI(inputDate),\n        monthName, GET_JALALI_MONTH_NAME(date),\n        year, GET_JALALI_YEAR(date),\n        data, IMPORT_FROM_SHEET(SheetsFileId_Accounting_Chalebagh, sheetName, dataRange),\n        filteredData, FILTER(data, INDEX(data,,2) = monthName, INDEX(data,,3) = year),\n        INDEX(filteredData,,5)\n      )\n    ),\n  result\n)\n	1		
تعداد فیش هرشب بجز سالن	B145		LET(\n  inputDate, AN,\n  sheetName, "اهداف فروش",\n  dataRange, "A:G",\n  result,\n    IF(\n      ISBLANK(inputDate),\n      "",\n      LET(\n        date, GREG_TO_JALALI(inputDate),\n        monthName, GET_JALALI_MONTH_NAME(date),\n        year, GET_JALALI_YEAR(date),\n        data, IMPORT_FROM_SHEET(SheetsFileId_Accounting_Chalebagh, sheetName, dataRange),\n        filteredData, FILTER(data, INDEX(data,,2) = monthName, INDEX(data,,3) = year),\n        INDEX(filteredData,,5)\n      )\n    ),\n  result\n)\n	1		
تعداد فیش هرشب بجز سالن	B146		LET(\n  inputDate, AN,\n  sheetName, "اهداف فروش",\n  dataRange, "A:G",\n  result,\n    IF(\n      ISBLANK(inputDate),\n      "",\n      LET(\n        date, GREG_TO_JALALI(inputDate),\n        monthName, GET_JALALI_MONTH_NAME(date),\n        year, GET_JALALI_YEAR(date),\n        data, IMPORT_FROM_SHEET(SheetsFileId_Accounting_Chalebagh, sheetName, dataRange),\n        filteredData, FILTER(data, INDEX(data,,2) = monthName, INDEX(data,,3) = year),\n        INDEX(filteredData,,5)\n      )\n    ),\n  result\n)\n	1	#N/A	#N/A
تعداد فیش هرشب بجز سالن	B147		LET(\n  inputDate, AN,\n  sheetName, "اهداف فروش",\n  dataRange, "A:G",\n  result,\n    IF(\n      ISBLANK(inputDate),\n      "",\n      LET(\n        date, GREG_TO_JALALI(inputDate),\n        monthName, GET_JALALI_MONTH_NAME(date),\n        year, GET_JALALI_YEAR(date),\n        data, IMPORT_FROM_SHEET(SheetsFileId_Accounting_Chalebagh, sheetName, dataRange),\n        filteredData, FILTER(data, INDEX(data,,2) = monthName, INDEX(data,,3) = year),\n        INDEX(filteredData,,5)\n      )\n    ),\n  result\n)\n	1	#N/A	#N/A
تعداد فیش هرشب بجز سالن	B148		LET(\n  inputDate, AN,\n  sheetName, "اهداف فروش",\n  dataRange, "A:G",\n  result,\n    IF(\n      ISBLANK(inputDate),\n      "",\n      LET(\n        date, GREG_TO_JALALI(inputDate),\n        monthName, GET_JALALI_MONTH_NAME(date),\n        year, GET_JALALI_YEAR(date),\n        data, IMPORT_FROM_SHEET(SheetsFileId_Accounting_Chalebagh, sheetName, dataRange),\n        filteredData, FILTER(data, INDEX(data,,2) = monthName, INDEX(data,,3) = year),\n        INDEX(filteredData,,5)\n      )\n    ),\n  result\n)\n	1	#N/A	#N/A
تعداد فیش هرشب بجز سالن	B149		LET(\n  inputDate, AN,\n  sheetName, "اهداف فروش",\n  dataRange, "A:G",\n  result,\n    IF(\n      ISBLANK(inputDate),\n      "",\n      LET(\n        date, GREG_TO_JALALI(inputDate),\n        monthName, GET_JALALI_MONTH_NAME(date),\n        year, GET_JALALI_YEAR(date),\n        data, IMPORT_FROM_SHEET(SheetsFileId_Accounting_Chalebagh, sheetName, dataRange),\n        filteredData, FILTER(data, INDEX(data,,2) = monthName, INDEX(data,,3) = year),\n        INDEX(filteredData,,5)\n      )\n    ),\n  result\n)\n	1	#N/A	#N/A
تعداد فیش هرشب بجز سالن	B150		LET(\n  inputDate, AN,\n  sheetName, "اهداف فروش",\n  dataRange, "A:G",\n  result,\n    IF(\n      ISBLANK(inputDate),\n      "",\n      LET(\n        date, GREG_TO_JALALI(inputDate),\n        monthName, GET_JALALI_MONTH_NAME(date),\n        year, GET_JALALI_YEAR(date),\n        data, IMPORT_FROM_SHEET(SheetsFileId_Accounting_Chalebagh, sheetName, dataRange),\n        filteredData, FILTER(data, INDEX(data,,2) = monthName, INDEX(data,,3) = year),\n        INDEX(filteredData,,5)\n      )\n    ),\n  result\n)\n	1	#N/A	#N/A
تعداد فیش هرشب بجز سالن	B151		LET(\n  inputDate, AN,\n  sheetName, "اهداف فروش",\n  dataRange, "A:G",\n  result,\n    IF(\n      ISBLANK(inputDate),\n      "",\n      LET(\n        date, GREG_TO_JALALI(inputDate),\n        monthName, GET_JALALI_MONTH_NAME(date),\n        year, GET_JALALI_YEAR(date),\n        data, IMPORT_FROM_SHEET(SheetsFileId_Accounting_Chalebagh, sheetName, dataRange),\n        filteredData, FILTER(data, INDEX(data,,2) = monthName, INDEX(data,,3) = year),\n        INDEX(filteredData,,5)\n      )\n    ),\n  result\n)\n	1	#N/A	#N/A
تعداد فیش هرشب بجز سالن	B152		LET(\n  inputDate, AN,\n  sheetName, "اهداف فروش",\n  dataRange, "A:G",\n  result,\n    IF(\n      ISBLANK(inputDate),\n      "",\n      LET(\n        date, GREG_TO_JALALI(inputDate),\n        monthName, GET_JALALI_MONTH_NAME(date),\n        year, GET_JALALI_YEAR(date),\n        data, IMPORT_FROM_SHEET(SheetsFileId_Accounting_Chalebagh, sheetName, dataRange),\n        filteredData, FILTER(data, INDEX(data,,2) = monthName, INDEX(data,,3) = year),\n        INDEX(filteredData,,5)\n      )\n    ),\n  result\n)\n	1	#N/A	#N/A
تعداد فیش هرشب بجز سالن	B153		LET(\n  inputDate, AN,\n  sheetName, "اهداف فروش",\n  dataRange, "A:G",\n  result,\n    IF(\n      ISBLANK(inputDate),\n      "",\n      LET(\n        date, GREG_TO_JALALI(inputDate),\n        monthName, GET_JALALI_MONTH_NAME(date),\n        year, GET_JALALI_YEAR(date),\n        data, IMPORT_FROM_SHEET(SheetsFileId_Accounting_Chalebagh, sheetName, dataRange),\n        filteredData, FILTER(data, INDEX(data,,2) = monthName, INDEX(data,,3) = year),\n        INDEX(filteredData,,5)\n      )\n    ),\n  result\n)\n	1	#N/A	#N/A
تعداد فیش هرشب بجز سالن	B154		LET(\n  inputDate, AN,\n  sheetName, "اهداف فروش",\n  dataRange, "A:G",\n  result,\n    IF(\n      ISBLANK(inputDate),\n      "",\n      LET(\n        date, GREG_TO_JALALI(inputDate),\n        monthName, GET_JALALI_MONTH_NAME(date),\n        year, GET_JALALI_YEAR(date),\n        data, IMPORT_FROM_SHEET(SheetsFileId_Accounting_Chalebagh, sheetName, dataRange),\n        filteredData, FILTER(data, INDEX(data,,2) = monthName, INDEX(data,,3) = year),\n        INDEX(filteredData,,5)\n      )\n    ),\n  result\n)\n	1	#N/A	#N/A
تعداد فیش هرشب بجز سالن	B155		LET(\n  inputDate, AN,\n  sheetName, "اهداف فروش",\n  dataRange, "A:G",\n  result,\n    IF(\n      ISBLANK(inputDate),\n      "",\n      LET(\n        date, GREG_TO_JALALI(inputDate),\n        monthName, GET_JALALI_MONTH_NAME(date),\n        year, GET_JALALI_YEAR(date),\n        data, IMPORT_FROM_SHEET(SheetsFileId_Accounting_Chalebagh, sheetName, dataRange),\n        filteredData, FILTER(data, INDEX(data,,2) = monthName, INDEX(data,,3) = year),\n        INDEX(filteredData,,5)\n      )\n    ),\n  result\n)\n	1	#N/A	#N/A
تعداد فیش هرشب بجز سالن	B156		LET(\n  inputDate, AN,\n  sheetName, "اهداف فروش",\n  dataRange, "A:G",\n  result,\n    IF(\n      ISBLANK(inputDate),\n      "",\n      LET(\n        date, GREG_TO_JALALI(inputDate),\n        monthName, GET_JALALI_MONTH_NAME(date),\n        year, GET_JALALI_YEAR(date),\n        data, IMPORT_FROM_SHEET(SheetsFileId_Accounting_Chalebagh, sheetName, dataRange),\n        filteredData, FILTER(data, INDEX(data,,2) = monthName, INDEX(data,,3) = year),\n        INDEX(filteredData,,5)\n      )\n    ),\n  result\n)\n	1	#N/A	#N/A
تعداد فیش هرشب بجز سالن	B157		LET(\n  inputDate, AN,\n  sheetName, "اهداف فروش",\n  dataRange, "A:G",\n  result,\n    IF(\n      ISBLANK(inputDate),\n      "",\n      LET(\n        date, GREG_TO_JALALI(inputDate),\n        monthName, GET_JALALI_MONTH_NAME(date),\n        year, GET_JALALI_YEAR(date),\n        data, IMPORT_FROM_SHEET(SheetsFileId_Accounting_Chalebagh, sheetName, dataRange),\n        filteredData, FILTER(data, INDEX(data,,2) = monthName, INDEX(data,,3) = year),\n        INDEX(filteredData,,5)\n      )\n    ),\n  result\n)\n	1	#N/A	#N/A
تعداد فیش هرشب بجز سالن	B158		LET(\n  inputDate, AN,\n  sheetName, "اهداف فروش",\n  dataRange, "A:G",\n  result,\n    IF(\n      ISBLANK(inputDate),\n      "",\n      LET(\n        date, GREG_TO_JALALI(inputDate),\n        monthName, GET_JALALI_MONTH_NAME(date),\n        year, GET_JALALI_YEAR(date),\n        data, IMPORT_FROM_SHEET(SheetsFileId_Accounting_Chalebagh, sheetName, dataRange),\n        filteredData, FILTER(data, INDEX(data,,2) = monthName, INDEX(data,,3) = year),\n        INDEX(filteredData,,5)\n      )\n    ),\n  result\n)\n	1	#N/A	#N/A
تعداد فیش هرشب بجز سالن	B159		LET(\n  inputDate, AN,\n  sheetName, "اهداف فروش",\n  dataRange, "A:G",\n  result,\n    IF(\n      ISBLANK(inputDate),\n      "",\n      LET(\n        date, GREG_TO_JALALI(inputDate),\n        monthName, GET_JALALI_MONTH_NAME(date),\n        year, GET_JALALI_YEAR(date),\n        data, IMPORT_FROM_SHEET(SheetsFileId_Accounting_Chalebagh, sheetName, dataRange),\n        filteredData, FILTER(data, INDEX(data,,2) = monthName, INDEX(data,,3) = year),\n        INDEX(filteredData,,5)\n      )\n    ),\n  result\n)\n	1	#N/A	#N/A
تعداد فیش هرشب بجز سالن	B160		LET(\n  inputDate, AN,\n  sheetName, "اهداف فروش",\n  dataRange, "A:G",\n  result,\n    IF(\n      ISBLANK(inputDate),\n      "",\n      LET(\n        date, GREG_TO_JALALI(inputDate),\n        monthName, GET_JALALI_MONTH_NAME(date),\n        year, GET_JALALI_YEAR(date),\n        data, IMPORT_FROM_SHEET(SheetsFileId_Accounting_Chalebagh, sheetName, dataRange),\n        filteredData, FILTER(data, INDEX(data,,2) = monthName, INDEX(data,,3) = year),\n        INDEX(filteredData,,5)\n      )\n    ),\n  result\n)\n	1	#N/A	#N/A
تعداد فیش هرشب بجز سالن	B161		LET(\n  inputDate, AN,\n  sheetName, "اهداف فروش",\n  dataRange, "A:G",\n  result,\n    IF(\n      ISBLANK(inputDate),\n      "",\n      LET(\n        date, GREG_TO_JALALI(inputDate),\n        monthName, GET_JALALI_MONTH_NAME(date),\n        year, GET_JALALI_YEAR(date),\n        data, IMPORT_FROM_SHEET(SheetsFileId_Accounting_Chalebagh, sheetName, dataRange),\n        filteredData, FILTER(data, INDEX(data,,2) = monthName, INDEX(data,,3) = year),\n        INDEX(filteredData,,5)\n      )\n    ),\n  result\n)\n	1	#N/A	#N/A
تعداد فیش هرشب بجز سالن	B162		LET(\n  inputDate, AN,\n  sheetName, "اهداف فروش",\n  dataRange, "A:G",\n  result,\n    IF(\n      ISBLANK(inputDate),\n      "",\n      LET(\n        date, GREG_TO_JALALI(inputDate),\n        monthName, GET_JALALI_MONTH_NAME(date),\n        year, GET_JALALI_YEAR(date),\n        data, IMPORT_FROM_SHEET(SheetsFileId_Accounting_Chalebagh, sheetName, dataRange),\n        filteredData, FILTER(data, INDEX(data,,2) = monthName, INDEX(data,,3) = year),\n        INDEX(filteredData,,5)\n      )\n    ),\n  result\n)\n	1	#N/A	#N/A
تعداد فیش هرشب بجز سالن	B163		LET(\n  inputDate, AN,\n  sheetName, "اهداف فروش",\n  dataRange, "A:G",\n  result,\n    IF(\n      ISBLANK(inputDate),\n      "",\n      LET(\n        date, GREG_TO_JALALI(inputDate),\n        monthName, GET_JALALI_MONTH_NAME(date),\n        year, GET_JALALI_YEAR(date),\n        data, IMPORT_FROM_SHEET(SheetsFileId_Accounting_Chalebagh, sheetName, dataRange),\n        filteredData, FILTER(data, INDEX(data,,2) = monthName, INDEX(data,,3) = year),\n        INDEX(filteredData,,5)\n      )\n    ),\n  result\n)\n	1	#N/A	#N/A
تعداد فیش هرشب بجز سالن	B164		LET(\n  inputDate, AN,\n  sheetName, "اهداف فروش",\n  dataRange, "A:G",\n  result,\n    IF(\n      ISBLANK(inputDate),\n      "",\n      LET(\n        date, GREG_TO_JALALI(inputDate),\n        monthName, GET_JALALI_MONTH_NAME(date),\n        year, GET_JALALI_YEAR(date),\n        data, IMPORT_FROM_SHEET(SheetsFileId_Accounting_Chalebagh, sheetName, dataRange),\n        filteredData, FILTER(data, INDEX(data,,2) = monthName, INDEX(data,,3) = year),\n        INDEX(filteredData,,5)\n      )\n    ),\n  result\n)\n	1	#N/A	#N/A
تعداد فیش هرشب بجز سالن	B165		LET(\n  inputDate, AN,\n  sheetName, "اهداف فروش",\n  dataRange, "A:G",\n  result,\n    IF(\n      ISBLANK(inputDate),\n      "",\n      LET(\n        date, GREG_TO_JALALI(inputDate),\n        monthName, GET_JALALI_MONTH_NAME(date),\n        year, GET_JALALI_YEAR(date),\n        data, IMPORT_FROM_SHEET(SheetsFileId_Accounting_Chalebagh, sheetName, dataRange),\n        filteredData, FILTER(data, INDEX(data,,2) = monthName, INDEX(data,,3) = year),\n        INDEX(filteredData,,5)\n      )\n    ),\n  result\n)\n	1	#N/A	#N/A
تعداد فیش هرشب بجز سالن	B166		LET(\n  inputDate, AN,\n  sheetName, "اهداف فروش",\n  dataRange, "A:G",\n  result,\n    IF(\n      ISBLANK(inputDate),\n      "",\n      LET(\n        date, GREG_TO_JALALI(inputDate),\n        monthName, GET_JALALI_MONTH_NAME(date),\n        year, GET_JALALI_YEAR(date),\n        data, IMPORT_FROM_SHEET(SheetsFileId_Accounting_Chalebagh, sheetName, dataRange),\n        filteredData, FILTER(data, INDEX(data,,2) = monthName, INDEX(data,,3) = year),\n        INDEX(filteredData,,5)\n      )\n    ),\n  result\n)\n	1	#N/A	#N/A
تعداد فیش هرشب بجز سالن	B167		LET(\n  inputDate, AN,\n  sheetName, "اهداف فروش",\n  dataRange, "A:G",\n  result,\n    IF(\n      ISBLANK(inputDate),\n      "",\n      LET(\n        date, GREG_TO_JALALI(inputDate),\n        monthName, GET_JALALI_MONTH_NAME(date),\n        year, GET_JALALI_YEAR(date),\n        data, IMPORT_FROM_SHEET(SheetsFileId_Accounting_Chalebagh, sheetName, dataRange),\n        filteredData, FILTER(data, INDEX(data,,2) = monthName, INDEX(data,,3) = year),\n        INDEX(filteredData,,5)\n      )\n    ),\n  result\n)\n	1	#N/A	#N/A
تعداد فیش هرشب بجز سالن	B168		LET(\n  inputDate, AN,\n  sheetName, "اهداف فروش",\n  dataRange, "A:G",\n  result,\n    IF(\n      ISBLANK(inputDate),\n      "",\n      LET(\n        date, GREG_TO_JALALI(inputDate),\n        monthName, GET_JALALI_MONTH_NAME(date),\n        year, GET_JALALI_YEAR(date),\n        data, IMPORT_FROM_SHEET(SheetsFileId_Accounting_Chalebagh, sheetName, dataRange),\n        filteredData, FILTER(data, INDEX(data,,2) = monthName, INDEX(data,,3) = year),\n        INDEX(filteredData,,5)\n      )\n    ),\n  result\n)\n	1	#N/A	#N/A
تعداد فیش هرشب بجز سالن	B169		LET(\n  inputDate, AN,\n  sheetName, "اهداف فروش",\n  dataRange, "A:G",\n  result,\n    IF(\n      ISBLANK(inputDate),\n      "",\n      LET(\n        date, GREG_TO_JALALI(inputDate),\n        monthName, GET_JALALI_MONTH_NAME(date),\n        year, GET_JALALI_YEAR(date),\n        data, IMPORT_FROM_SHEET(SheetsFileId_Accounting_Chalebagh, sheetName, dataRange),\n        filteredData, FILTER(data, INDEX(data,,2) = monthName, INDEX(data,,3) = year),\n        INDEX(filteredData,,5)\n      )\n    ),\n  result\n)\n	1	#N/A	#N/A
تعداد فیش هرشب بجز سالن	B170		LET(\n  inputDate, AN,\n  sheetName, "اهداف فروش",\n  dataRange, "A:G",\n  result,\n    IF(\n      ISBLANK(inputDate),\n      "",\n      LET(\n        date, GREG_TO_JALALI(inputDate),\n        monthName, GET_JALALI_MONTH_NAME(date),\n        year, GET_JALALI_YEAR(date),\n        data, IMPORT_FROM_SHEET(SheetsFileId_Accounting_Chalebagh, sheetName, dataRange),\n        filteredData, FILTER(data, INDEX(data,,2) = monthName, INDEX(data,,3) = year),\n        INDEX(filteredData,,5)\n      )\n    ),\n  result\n)\n	1	#N/A	#N/A
تعداد فیش هرشب بجز سالن	B171		LET(\n  inputDate, AN,\n  sheetName, "اهداف فروش",\n  dataRange, "A:G",\n  result,\n    IF(\n      ISBLANK(inputDate),\n      "",\n      LET(\n        date, GREG_TO_JALALI(inputDate),\n        monthName, GET_JALALI_MONTH_NAME(date),\n        year, GET_JALALI_YEAR(date),\n        data, IMPORT_FROM_SHEET(SheetsFileId_Accounting_Chalebagh, sheetName, dataRange),\n        filteredData, FILTER(data, INDEX(data,,2) = monthName, INDEX(data,,3) = year),\n        INDEX(filteredData,,5)\n      )\n    ),\n  result\n)\n	1	#N/A	#N/A
تعداد فیش هرشب بجز سالن	B172		LET(\n  inputDate, AN,\n  sheetName, "اهداف فروش",\n  dataRange, "A:G",\n  result,\n    IF(\n      ISBLANK(inputDate),\n      "",\n      LET(\n        date, GREG_TO_JALALI(inputDate),\n        monthName, GET_JALALI_MONTH_NAME(date),\n        year, GET_JALALI_YEAR(date),\n        data, IMPORT_FROM_SHEET(SheetsFileId_Accounting_Chalebagh, sheetName, dataRange),\n        filteredData, FILTER(data, INDEX(data,,2) = monthName, INDEX(data,,3) = year),\n        INDEX(filteredData,,5)\n      )\n    ),\n  result\n)\n	1	#N/A	#N/A
تعداد فیش هرشب بجز سالن	B173		LET(\n  inputDate, AN,\n  sheetName, "اهداف فروش",\n  dataRange, "A:G",\n  result,\n    IF(\n      ISBLANK(inputDate),\n      "",\n      LET(\n        date, GREG_TO_JALALI(inputDate),\n        monthName, GET_JALALI_MONTH_NAME(date),\n        year, GET_JALALI_YEAR(date),\n        data, IMPORT_FROM_SHEET(SheetsFileId_Accounting_Chalebagh, sheetName, dataRange),\n        filteredData, FILTER(data, INDEX(data,,2) = monthName, INDEX(data,,3) = year),\n        INDEX(filteredData,,5)\n      )\n    ),\n  result\n)\n	1	#N/A	#N/A
تعداد فیش هرشب بجز سالن	B174		LET(\n  inputDate, AN,\n  sheetName, "اهداف فروش",\n  dataRange, "A:G",\n  result,\n    IF(\n      ISBLANK(inputDate),\n      "",\n      LET(\n        date, GREG_TO_JALALI(inputDate),\n        monthName, GET_JALALI_MONTH_NAME(date),\n        year, GET_JALALI_YEAR(date),\n        data, IMPORT_FROM_SHEET(SheetsFileId_Accounting_Chalebagh, sheetName, dataRange),\n        filteredData, FILTER(data, INDEX(data,,2) = monthName, INDEX(data,,3) = year),\n        INDEX(filteredData,,5)\n      )\n    ),\n  result\n)\n	1	#N/A	#N/A
تعداد فیش هرشب بجز سالن	B175		LET(\n  inputDate, AN,\n  sheetName, "اهداف فروش",\n  dataRange, "A:G",\n  result,\n    IF(\n      ISBLANK(inputDate),\n      "",\n      LET(\n        date, GREG_TO_JALALI(inputDate),\n        monthName, GET_JALALI_MONTH_NAME(date),\n        year, GET_JALALI_YEAR(date),\n        data, IMPORT_FROM_SHEET(SheetsFileId_Accounting_Chalebagh, sheetName, dataRange),\n        filteredData, FILTER(data, INDEX(data,,2) = monthName, INDEX(data,,3) = year),\n        INDEX(filteredData,,5)\n      )\n    ),\n  result\n)\n	1	#N/A	#N/A
تعداد فیش هرشب بجز سالن	B176		LET(\n  inputDate, AN,\n  sheetName, "اهداف فروش",\n  dataRange, "A:G",\n  result,\n    IF(\n      ISBLANK(inputDate),\n      "",\n      LET(\n        date, GREG_TO_JALALI(inputDate),\n        monthName, GET_JALALI_MONTH_NAME(date),\n        year, GET_JALALI_YEAR(date),\n        data, IMPORT_FROM_SHEET(SheetsFileId_Accounting_Chalebagh, sheetName, dataRange),\n        filteredData, FILTER(data, INDEX(data,,2) = monthName, INDEX(data,,3) = year),\n        INDEX(filteredData,,5)\n      )\n    ),\n  result\n)\n	1	#N/A	#N/A
تعداد فیش هرشب بجز سالن	B177		LET(\n  inputDate, AN,\n  sheetName, "اهداف فروش",\n  dataRange, "A:G",\n  result,\n    IF(\n      ISBLANK(inputDate),\n      "",\n      LET(\n        date, GREG_TO_JALALI(inputDate),\n        monthName, GET_JALALI_MONTH_NAME(date),\n        year, GET_JALALI_YEAR(date),\n        data, IMPORT_FROM_SHEET(SheetsFileId_Accounting_Chalebagh, sheetName, dataRange),\n        filteredData, FILTER(data, INDEX(data,,2) = monthName, INDEX(data,,3) = year),\n        INDEX(filteredData,,5)\n      )\n    ),\n  result\n)\n	1	#N/A	#N/A
تعداد فیش هرشب بجز سالن	B178		LET(\n  inputDate, AN,\n  sheetName, "اهداف فروش",\n  dataRange, "A:G",\n  result,\n    IF(\n      ISBLANK(inputDate),\n      "",\n      LET(\n        date, GREG_TO_JALALI(inputDate),\n        monthName, GET_JALALI_MONTH_NAME(date),\n        year, GET_JALALI_YEAR(date),\n        data, IMPORT_FROM_SHEET(SheetsFileId_Accounting_Chalebagh, sheetName, dataRange),\n        filteredData, FILTER(data, INDEX(data,,2) = monthName, INDEX(data,,3) = year),\n        INDEX(filteredData,,5)\n      )\n    ),\n  result\n)\n	1	#N/A	#N/A
تعداد فیش هرشب بجز سالن	B179		LET(\n  inputDate, AN,\n  sheetName, "اهداف فروش",\n  dataRange, "A:G",\n  result,\n    IF(\n      ISBLANK(inputDate),\n      "",\n      LET(\n        date, GREG_TO_JALALI(inputDate),\n        monthName, GET_JALALI_MONTH_NAME(date),\n        year, GET_JALALI_YEAR(date),\n        data, IMPORT_FROM_SHEET(SheetsFileId_Accounting_Chalebagh, sheetName, dataRange),\n        filteredData, FILTER(data, INDEX(data,,2) = monthName, INDEX(data,,3) = year),\n        INDEX(filteredData,,5)\n      )\n    ),\n  result\n)\n	1	#N/A	#N/A
تعداد فیش هرشب بجز سالن	B180		LET(\n  inputDate, AN,\n  sheetName, "اهداف فروش",\n  dataRange, "A:G",\n  result,\n    IF(\n      ISBLANK(inputDate),\n      "",\n      LET(\n        date, GREG_TO_JALALI(inputDate),\n        monthName, GET_JALALI_MONTH_NAME(date),\n        year, GET_JALALI_YEAR(date),\n        data, IMPORT_FROM_SHEET(SheetsFileId_Accounting_Chalebagh, sheetName, dataRange),\n        filteredData, FILTER(data, INDEX(data,,2) = monthName, INDEX(data,,3) = year),\n        INDEX(filteredData,,5)\n      )\n    ),\n  result\n)\n	1	#N/A	#N/A
تعداد فیش هرشب بجز سالن	B181		LET(\n  inputDate, AN,\n  sheetName, "اهداف فروش",\n  dataRange, "A:G",\n  result,\n    IF(\n      ISBLANK(inputDate),\n      "",\n      LET(\n        date, GREG_TO_JALALI(inputDate),\n        monthName, GET_JALALI_MONTH_NAME(date),\n        year, GET_JALALI_YEAR(date),\n        data, IMPORT_FROM_SHEET(SheetsFileId_Accounting_Chalebagh, sheetName, dataRange),\n        filteredData, FILTER(data, INDEX(data,,2) = monthName, INDEX(data,,3) = year),\n        INDEX(filteredData,,5)\n      )\n    ),\n  result\n)\n	1	#N/A	#N/A
تعداد فیش هرشب بجز سالن	B182		LET(\n  inputDate, AN,\n  sheetName, "اهداف فروش",\n  dataRange, "A:G",\n  result,\n    IF(\n      ISBLANK(inputDate),\n      "",\n      LET(\n        date, GREG_TO_JALALI(inputDate),\n        monthName, GET_JALALI_MONTH_NAME(date),\n        year, GET_JALALI_YEAR(date),\n        data, IMPORT_FROM_SHEET(SheetsFileId_Accounting_Chalebagh, sheetName, dataRange),\n        filteredData, FILTER(data, INDEX(data,,2) = monthName, INDEX(data,,3) = year),\n        INDEX(filteredData,,5)\n      )\n    ),\n  result\n)\n	1	#N/A	#N/A
تعداد فیش هرشب بجز سالن	B183		LET(\n  inputDate, AN,\n  sheetName, "اهداف فروش",\n  dataRange, "A:G",\n  result,\n    IF(\n      ISBLANK(inputDate),\n      "",\n      LET(\n        date, GREG_TO_JALALI(inputDate),\n        monthName, GET_JALALI_MONTH_NAME(date),\n        year, GET_JALALI_YEAR(date),\n        data, IMPORT_FROM_SHEET(SheetsFileId_Accounting_Chalebagh, sheetName, dataRange),\n        filteredData, FILTER(data, INDEX(data,,2) = monthName, INDEX(data,,3) = year),\n        INDEX(filteredData,,5)\n      )\n    ),\n  result\n)\n	1	#N/A	#N/A
تعداد فیش هرشب بجز سالن	B184		LET(\n  inputDate, AN,\n  sheetName, "اهداف فروش",\n  dataRange, "A:G",\n  result,\n    IF(\n      ISBLANK(inputDate),\n      "",\n      LET(\n        date, GREG_TO_JALALI(inputDate),\n        monthName, GET_JALALI_MONTH_NAME(date),\n        year, GET_JALALI_YEAR(date),\n        data, IMPORT_FROM_SHEET(SheetsFileId_Accounting_Chalebagh, sheetName, dataRange),\n        filteredData, FILTER(data, INDEX(data,,2) = monthName, INDEX(data,,3) = year),\n        INDEX(filteredData,,5)\n      )\n    ),\n  result\n)\n	1	#N/A	#N/A
تعداد فیش هرشب بجز سالن	B185		LET(\n  inputDate, AN,\n  sheetName, "اهداف فروش",\n  dataRange, "A:G",\n  result,\n    IF(\n      ISBLANK(inputDate),\n      "",\n      LET(\n        date, GREG_TO_JALALI(inputDate),\n        monthName, GET_JALALI_MONTH_NAME(date),\n        year, GET_JALALI_YEAR(date),\n        data, IMPORT_FROM_SHEET(SheetsFileId_Accounting_Chalebagh, sheetName, dataRange),\n        filteredData, FILTER(data, INDEX(data,,2) = monthName, INDEX(data,,3) = year),\n        INDEX(filteredData,,5)\n      )\n    ),\n  result\n)\n	1	#N/A	#N/A
تعداد فیش هرشب بجز سالن	B186		LET(\n  inputDate, AN,\n  sheetName, "اهداف فروش",\n  dataRange, "A:G",\n  result,\n    IF(\n      ISBLANK(inputDate),\n      "",\n      LET(\n        date, GREG_TO_JALALI(inputDate),\n        monthName, GET_JALALI_MONTH_NAME(date),\n        year, GET_JALALI_YEAR(date),\n        data, IMPORT_FROM_SHEET(SheetsFileId_Accounting_Chalebagh, sheetName, dataRange),\n        filteredData, FILTER(data, INDEX(data,,2) = monthName, INDEX(data,,3) = year),\n        INDEX(filteredData,,5)\n      )\n    ),\n  result\n)\n	1	#N/A	#N/A
تعداد فیش هرشب بجز سالن	B187		LET(\n  inputDate, AN,\n  sheetName, "اهداف فروش",\n  dataRange, "A:G",\n  result,\n    IF(\n      ISBLANK(inputDate),\n      "",\n      LET(\n        date, GREG_TO_JALALI(inputDate),\n        monthName, GET_JALALI_MONTH_NAME(date),\n        year, GET_JALALI_YEAR(date),\n        data, IMPORT_FROM_SHEET(SheetsFileId_Accounting_Chalebagh, sheetName, dataRange),\n        filteredData, FILTER(data, INDEX(data,,2) = monthName, INDEX(data,,3) = year),\n        INDEX(filteredData,,5)\n      )\n    ),\n  result\n)\n	1	#N/A	#N/A
تعداد فیش هرشب بجز سالن	B188		LET(\n  inputDate, AN,\n  sheetName, "اهداف فروش",\n  dataRange, "A:G",\n  result,\n    IF(\n      ISBLANK(inputDate),\n      "",\n      LET(\n        date, GREG_TO_JALALI(inputDate),\n        monthName, GET_JALALI_MONTH_NAME(date),\n        year, GET_JALALI_YEAR(date),\n        data, IMPORT_FROM_SHEET(SheetsFileId_Accounting_Chalebagh, sheetName, dataRange),\n        filteredData, FILTER(data, INDEX(data,,2) = monthName, INDEX(data,,3) = year),\n        INDEX(filteredData,,5)\n      )\n    ),\n  result\n)\n	1	#N/A	#N/A
تعداد فیش هرشب بجز سالن	B189		LET(\n  inputDate, AN,\n  sheetName, "اهداف فروش",\n  dataRange, "A:G",\n  result,\n    IF(\n      ISBLANK(inputDate),\n      "",\n      LET(\n        date, GREG_TO_JALALI(inputDate),\n        monthName, GET_JALALI_MONTH_NAME(date),\n        year, GET_JALALI_YEAR(date),\n        data, IMPORT_FROM_SHEET(SheetsFileId_Accounting_Chalebagh, sheetName, dataRange),\n        filteredData, FILTER(data, INDEX(data,,2) = monthName, INDEX(data,,3) = year),\n        INDEX(filteredData,,5)\n      )\n    ),\n  result\n)\n	1	#N/A	#N/A
تعداد فیش هرشب بجز سالن	B190		LET(\n  inputDate, AN,\n  sheetName, "اهداف فروش",\n  dataRange, "A:G",\n  result,\n    IF(\n      ISBLANK(inputDate),\n      "",\n      LET(\n        date, GREG_TO_JALALI(inputDate),\n        monthName, GET_JALALI_MONTH_NAME(date),\n        year, GET_JALALI_YEAR(date),\n        data, IMPORT_FROM_SHEET(SheetsFileId_Accounting_Chalebagh, sheetName, dataRange),\n        filteredData, FILTER(data, INDEX(data,,2) = monthName, INDEX(data,,3) = year),\n        INDEX(filteredData,,5)\n      )\n    ),\n  result\n)\n	1	#N/A	#N/A
تعداد فیش هرشب بجز سالن	B191		LET(\n  inputDate, AN,\n  sheetName, "اهداف فروش",\n  dataRange, "A:G",\n  result,\n    IF(\n      ISBLANK(inputDate),\n      "",\n      LET(\n        date, GREG_TO_JALALI(inputDate),\n        monthName, GET_JALALI_MONTH_NAME(date),\n        year, GET_JALALI_YEAR(date),\n        data, IMPORT_FROM_SHEET(SheetsFileId_Accounting_Chalebagh, sheetName, dataRange),\n        filteredData, FILTER(data, INDEX(data,,2) = monthName, INDEX(data,,3) = year),\n        INDEX(filteredData,,5)\n      )\n    ),\n  result\n)\n	1	#N/A	#N/A
تعداد فیش هرشب بجز سالن	B192		LET(\n  inputDate, AN,\n  sheetName, "اهداف فروش",\n  dataRange, "A:G",\n  result,\n    IF(\n      ISBLANK(inputDate),\n      "",\n      LET(\n        date, GREG_TO_JALALI(inputDate),\n        monthName, GET_JALALI_MONTH_NAME(date),\n        year, GET_JALALI_YEAR(date),\n        data, IMPORT_FROM_SHEET(SheetsFileId_Accounting_Chalebagh, sheetName, dataRange),\n        filteredData, FILTER(data, INDEX(data,,2) = monthName, INDEX(data,,3) = year),\n        INDEX(filteredData,,5)\n      )\n    ),\n  result\n)\n	1	#N/A	#N/A
تعداد فیش هرشب بجز سالن	B193		LET(\n  inputDate, AN,\n  sheetName, "اهداف فروش",\n  dataRange, "A:G",\n  result,\n    IF(\n      ISBLANK(inputDate),\n      "",\n      LET(\n        date, GREG_TO_JALALI(inputDate),\n        monthName, GET_JALALI_MONTH_NAME(date),\n        year, GET_JALALI_YEAR(date),\n        data, IMPORT_FROM_SHEET(SheetsFileId_Accounting_Chalebagh, sheetName, dataRange),\n        filteredData, FILTER(data, INDEX(data,,2) = monthName, INDEX(data,,3) = year),\n        INDEX(filteredData,,5)\n      )\n    ),\n  result\n)\n	1	#N/A	#N/A
تعداد فیش هرشب بجز سالن	B194		LET(\n  inputDate, AN,\n  sheetName, "اهداف فروش",\n  dataRange, "A:G",\n  result,\n    IF(\n      ISBLANK(inputDate),\n      "",\n      LET(\n        date, GREG_TO_JALALI(inputDate),\n        monthName, GET_JALALI_MONTH_NAME(date),\n        year, GET_JALALI_YEAR(date),\n        data, IMPORT_FROM_SHEET(SheetsFileId_Accounting_Chalebagh, sheetName, dataRange),\n        filteredData, FILTER(data, INDEX(data,,2) = monthName, INDEX(data,,3) = year),\n        INDEX(filteredData,,5)\n      )\n    ),\n  result\n)\n	1	#N/A	#N/A
تعداد فیش هرشب بجز سالن	B195		LET(\n  inputDate, AN,\n  sheetName, "اهداف فروش",\n  dataRange, "A:G",\n  result,\n    IF(\n      ISBLANK(inputDate),\n      "",\n      LET(\n        date, GREG_TO_JALALI(inputDate),\n        monthName, GET_JALALI_MONTH_NAME(date),\n        year, GET_JALALI_YEAR(date),\n        data, IMPORT_FROM_SHEET(SheetsFileId_Accounting_Chalebagh, sheetName, dataRange),\n        filteredData, FILTER(data, INDEX(data,,2) = monthName, INDEX(data,,3) = year),\n        INDEX(filteredData,,5)\n      )\n    ),\n  result\n)\n	1	#N/A	#N/A
تعداد فیش هرشب بجز سالن	B196		LET(\n  inputDate, AN,\n  sheetName, "اهداف فروش",\n  dataRange, "A:G",\n  result,\n    IF(\n      ISBLANK(inputDate),\n      "",\n      LET(\n        date, GREG_TO_JALALI(inputDate),\n        monthName, GET_JALALI_MONTH_NAME(date),\n        year, GET_JALALI_YEAR(date),\n        data, IMPORT_FROM_SHEET(SheetsFileId_Accounting_Chalebagh, sheetName, dataRange),\n        filteredData, FILTER(data, INDEX(data,,2) = monthName, INDEX(data,,3) = year),\n        INDEX(filteredData,,5)\n      )\n    ),\n  result\n)\n	1	#N/A	#N/A
تعداد فیش هرشب بجز سالن	B197		LET(\n  inputDate, AN,\n  sheetName, "اهداف فروش",\n  dataRange, "A:G",\n  result,\n    IF(\n      ISBLANK(inputDate),\n      "",\n      LET(\n        date, GREG_TO_JALALI(inputDate),\n        monthName, GET_JALALI_MONTH_NAME(date),\n        year, GET_JALALI_YEAR(date),\n        data, IMPORT_FROM_SHEET(SheetsFileId_Accounting_Chalebagh, sheetName, dataRange),\n        filteredData, FILTER(data, INDEX(data,,2) = monthName, INDEX(data,,3) = year),\n        INDEX(filteredData,,5)\n      )\n    ),\n  result\n)\n	1	#N/A	#N/A
تعداد فیش هرشب بجز سالن	B198		LET(\n  inputDate, AN,\n  sheetName, "اهداف فروش",\n  dataRange, "A:G",\n  result,\n    IF(\n      ISBLANK(inputDate),\n      "",\n      LET(\n        date, GREG_TO_JALALI(inputDate),\n        monthName, GET_JALALI_MONTH_NAME(date),\n        year, GET_JALALI_YEAR(date),\n        data, IMPORT_FROM_SHEET(SheetsFileId_Accounting_Chalebagh, sheetName, dataRange),\n        filteredData, FILTER(data, INDEX(data,,2) = monthName, INDEX(data,,3) = year),\n        INDEX(filteredData,,5)\n      )\n    ),\n  result\n)\n	1	#N/A	#N/A
تعداد فیش هرشب بجز سالن	B199		LET(\n  inputDate, AN,\n  sheetName, "اهداف فروش",\n  dataRange, "A:G",\n  result,\n    IF(\n      ISBLANK(inputDate),\n      "",\n      LET(\n        date, GREG_TO_JALALI(inputDate),\n        monthName, GET_JALALI_MONTH_NAME(date),\n        year, GET_JALALI_YEAR(date),\n        data, IMPORT_FROM_SHEET(SheetsFileId_Accounting_Chalebagh, sheetName, dataRange),\n        filteredData, FILTER(data, INDEX(data,,2) = monthName, INDEX(data,,3) = year),\n        INDEX(filteredData,,5)\n      )\n    ),\n  result\n)\n	1	#N/A	#N/A
تعداد فیش هرشب بجز سالن	B200		LET(\n  inputDate, AN,\n  sheetName, "اهداف فروش",\n  dataRange, "A:G",\n  result,\n    IF(\n      ISBLANK(inputDate),\n      "",\n      LET(\n        date, GREG_TO_JALALI(inputDate),\n        monthName, GET_JALALI_MONTH_NAME(date),\n        year, GET_JALALI_YEAR(date),\n        data, IMPORT_FROM_SHEET(SheetsFileId_Accounting_Chalebagh, sheetName, dataRange),\n        filteredData, FILTER(data, INDEX(data,,2) = monthName, INDEX(data,,3) = year),\n        INDEX(filteredData,,5)\n      )\n    ),\n  result\n)\n	1	#N/A	#N/A
تعداد فیش هرشب بجز سالن	B201		LET(\n  inputDate, AN,\n  sheetName, "اهداف فروش",\n  dataRange, "A:G",\n  result,\n    IF(\n      ISBLANK(inputDate),\n      "",\n      LET(\n        date, GREG_TO_JALALI(inputDate),\n        monthName, GET_JALALI_MONTH_NAME(date),\n        year, GET_JALALI_YEAR(date),\n        data, IMPORT_FROM_SHEET(SheetsFileId_Accounting_Chalebagh, sheetName, dataRange),\n        filteredData, FILTER(data, INDEX(data,,2) = monthName, INDEX(data,,3) = year),\n        INDEX(filteredData,,5)\n      )\n    ),\n  result\n)\n	1	#N/A	#N/A
تعداد فیش هرشب بجز سالن	B202		LET(\n  inputDate, AN,\n  sheetName, "اهداف فروش",\n  dataRange, "A:G",\n  result,\n    IF(\n      ISBLANK(inputDate),\n      "",\n      LET(\n        date, GREG_TO_JALALI(inputDate),\n        monthName, GET_JALALI_MONTH_NAME(date),\n        year, GET_JALALI_YEAR(date),\n        data, IMPORT_FROM_SHEET(SheetsFileId_Accounting_Chalebagh, sheetName, dataRange),\n        filteredData, FILTER(data, INDEX(data,,2) = monthName, INDEX(data,,3) = year),\n        INDEX(filteredData,,5)\n      )\n    ),\n  result\n)\n	1	#N/A	#N/A
تعداد فیش هرشب بجز سالن	B203		LET(\n  inputDate, AN,\n  sheetName, "اهداف فروش",\n  dataRange, "A:G",\n  result,\n    IF(\n      ISBLANK(inputDate),\n      "",\n      LET(\n        date, GREG_TO_JALALI(inputDate),\n        monthName, GET_JALALI_MONTH_NAME(date),\n        year, GET_JALALI_YEAR(date),\n        data, IMPORT_FROM_SHEET(SheetsFileId_Accounting_Chalebagh, sheetName, dataRange),\n        filteredData, FILTER(data, INDEX(data,,2) = monthName, INDEX(data,,3) = year),\n        INDEX(filteredData,,5)\n      )\n    ),\n  result\n)\n	1	#N/A	#N/A
تعداد فیش هرشب بجز سالن	B204		LET(\n  inputDate, AN,\n  sheetName, "اهداف فروش",\n  dataRange, "A:G",\n  result,\n    IF(\n      ISBLANK(inputDate),\n      "",\n      LET(\n        date, GREG_TO_JALALI(inputDate),\n        monthName, GET_JALALI_MONTH_NAME(date),\n        year, GET_JALALI_YEAR(date),\n        data, IMPORT_FROM_SHEET(SheetsFileId_Accounting_Chalebagh, sheetName, dataRange),\n        filteredData, FILTER(data, INDEX(data,,2) = monthName, INDEX(data,,3) = year),\n        INDEX(filteredData,,5)\n      )\n    ),\n  result\n)\n	1	#N/A	#N/A
تعداد فیش هرشب بجز سالن	B205		LET(\n  inputDate, AN,\n  sheetName, "اهداف فروش",\n  dataRange, "A:G",\n  result,\n    IF(\n      ISBLANK(inputDate),\n      "",\n      LET(\n        date, GREG_TO_JALALI(inputDate),\n        monthName, GET_JALALI_MONTH_NAME(date),\n        year, GET_JALALI_YEAR(date),\n        data, IMPORT_FROM_SHEET(SheetsFileId_Accounting_Chalebagh, sheetName, dataRange),\n        filteredData, FILTER(data, INDEX(data,,2) = monthName, INDEX(data,,3) = year),\n        INDEX(filteredData,,5)\n      )\n    ),\n  result\n)\n	1	#N/A	#N/A
تعداد فیش هرشب بجز سالن	B206		LET(\n  inputDate, AN,\n  sheetName, "اهداف فروش",\n  dataRange, "A:G",\n  result,\n    IF(\n      ISBLANK(inputDate),\n      "",\n      LET(\n        date, GREG_TO_JALALI(inputDate),\n        monthName, GET_JALALI_MONTH_NAME(date),\n        year, GET_JALALI_YEAR(date),\n        data, IMPORT_FROM_SHEET(SheetsFileId_Accounting_Chalebagh, sheetName, dataRange),\n        filteredData, FILTER(data, INDEX(data,,2) = monthName, INDEX(data,,3) = year),\n        INDEX(filteredData,,5)\n      )\n    ),\n  result\n)\n	1	#N/A	#N/A
تعداد فیش هرشب بجز سالن	B207		LET(\n  inputDate, AN,\n  sheetName, "اهداف فروش",\n  dataRange, "A:G",\n  result,\n    IF(\n      ISBLANK(inputDate),\n      "",\n      LET(\n        date, GREG_TO_JALALI(inputDate),\n        monthName, GET_JALALI_MONTH_NAME(date),\n        year, GET_JALALI_YEAR(date),\n        data, IMPORT_FROM_SHEET(SheetsFileId_Accounting_Chalebagh, sheetName, dataRange),\n        filteredData, FILTER(data, INDEX(data,,2) = monthName, INDEX(data,,3) = year),\n        INDEX(filteredData,,5)\n      )\n    ),\n  result\n)\n	1	#N/A	#N/A
تعداد فیش هرشب بجز سالن	B208		LET(\n  inputDate, AN,\n  sheetName, "اهداف فروش",\n  dataRange, "A:G",\n  result,\n    IF(\n      ISBLANK(inputDate),\n      "",\n      LET(\n        date, GREG_TO_JALALI(inputDate),\n        monthName, GET_JALALI_MONTH_NAME(date),\n        year, GET_JALALI_YEAR(date),\n        data, IMPORT_FROM_SHEET(SheetsFileId_Accounting_Chalebagh, sheetName, dataRange),\n        filteredData, FILTER(data, INDEX(data,,2) = monthName, INDEX(data,,3) = year),\n        INDEX(filteredData,,5)\n      )\n    ),\n  result\n)\n	1	#N/A	#N/A
تعداد فیش هرشب بجز سالن	B209		LET(\n  inputDate, AN,\n  sheetName, "اهداف فروش",\n  dataRange, "A:G",\n  result,\n    IF(\n      ISBLANK(inputDate),\n      "",\n      LET(\n        date, GREG_TO_JALALI(inputDate),\n        monthName, GET_JALALI_MONTH_NAME(date),\n        year, GET_JALALI_YEAR(date),\n        data, IMPORT_FROM_SHEET(SheetsFileId_Accounting_Chalebagh, sheetName, dataRange),\n        filteredData, FILTER(data, INDEX(data,,2) = monthName, INDEX(data,,3) = year),\n        INDEX(filteredData,,5)\n      )\n    ),\n  result\n)\n	1	#N/A	#N/A
تعداد فیش هرشب بجز سالن	B210		LET(\n  inputDate, AN,\n  sheetName, "اهداف فروش",\n  dataRange, "A:G",\n  result,\n    IF(\n      ISBLANK(inputDate),\n      "",\n      LET(\n        date, GREG_TO_JALALI(inputDate),\n        monthName, GET_JALALI_MONTH_NAME(date),\n        year, GET_JALALI_YEAR(date),\n        data, IMPORT_FROM_SHEET(SheetsFileId_Accounting_Chalebagh, sheetName, dataRange),\n        filteredData, FILTER(data, INDEX(data,,2) = monthName, INDEX(data,,3) = year),\n        INDEX(filteredData,,5)\n      )\n    ),\n  result\n)\n	1	#N/A	#N/A
تعداد فیش هرشب بجز سالن	B211		LET(\n  inputDate, AN,\n  sheetName, "اهداف فروش",\n  dataRange, "A:G",\n  result,\n    IF(\n      ISBLANK(inputDate),\n      "",\n      LET(\n        date, GREG_TO_JALALI(inputDate),\n        monthName, GET_JALALI_MONTH_NAME(date),\n        year, GET_JALALI_YEAR(date),\n        data, IMPORT_FROM_SHEET(SheetsFileId_Accounting_Chalebagh, sheetName, dataRange),\n        filteredData, FILTER(data, INDEX(data,,2) = monthName, INDEX(data,,3) = year),\n        INDEX(filteredData,,5)\n      )\n    ),\n  result\n)\n	1	#N/A	#N/A
تعداد فیش هرشب بجز سالن	B212		LET(\n  inputDate, AN,\n  sheetName, "اهداف فروش",\n  dataRange, "A:G",\n  result,\n    IF(\n      ISBLANK(inputDate),\n      "",\n      LET(\n        date, GREG_TO_JALALI(inputDate),\n        monthName, GET_JALALI_MONTH_NAME(date),\n        year, GET_JALALI_YEAR(date),\n        data, IMPORT_FROM_SHEET(SheetsFileId_Accounting_Chalebagh, sheetName, dataRange),\n        filteredData, FILTER(data, INDEX(data,,2) = monthName, INDEX(data,,3) = year),\n        INDEX(filteredData,,5)\n      )\n    ),\n  result\n)\n	1	#N/A	#N/A
تعداد فیش هرشب بجز سالن	B213		LET(\n  inputDate, AN,\n  sheetName, "اهداف فروش",\n  dataRange, "A:G",\n  result,\n    IF(\n      ISBLANK(inputDate),\n      "",\n      LET(\n        date, GREG_TO_JALALI(inputDate),\n        monthName, GET_JALALI_MONTH_NAME(date),\n        year, GET_JALALI_YEAR(date),\n        data, IMPORT_FROM_SHEET(SheetsFileId_Accounting_Chalebagh, sheetName, dataRange),\n        filteredData, FILTER(data, INDEX(data,,2) = monthName, INDEX(data,,3) = year),\n        INDEX(filteredData,,5)\n      )\n    ),\n  result\n)\n	1	#N/A	#N/A
تعداد فیش هرشب بجز سالن	B214		LET(\n  inputDate, AN,\n  sheetName, "اهداف فروش",\n  dataRange, "A:G",\n  result,\n    IF(\n      ISBLANK(inputDate),\n      "",\n      LET(\n        date, GREG_TO_JALALI(inputDate),\n        monthName, GET_JALALI_MONTH_NAME(date),\n        year, GET_JALALI_YEAR(date),\n        data, IMPORT_FROM_SHEET(SheetsFileId_Accounting_Chalebagh, sheetName, dataRange),\n        filteredData, FILTER(data, INDEX(data,,2) = monthName, INDEX(data,,3) = year),\n        INDEX(filteredData,,5)\n      )\n    ),\n  result\n)\n	1	#N/A	#N/A
تعداد فیش هرشب بجز سالن	B215		LET(\n  inputDate, AN,\n  sheetName, "اهداف فروش",\n  dataRange, "A:G",\n  result,\n    IF(\n      ISBLANK(inputDate),\n      "",\n      LET(\n        date, GREG_TO_JALALI(inputDate),\n        monthName, GET_JALALI_MONTH_NAME(date),\n        year, GET_JALALI_YEAR(date),\n        data, IMPORT_FROM_SHEET(SheetsFileId_Accounting_Chalebagh, sheetName, dataRange),\n        filteredData, FILTER(data, INDEX(data,,2) = monthName, INDEX(data,,3) = year),\n        INDEX(filteredData,,5)\n      )\n    ),\n  result\n)\n	1	#N/A	#N/A
تعداد فیش هرشب بجز سالن	B216		LET(\n  inputDate, AN,\n  sheetName, "اهداف فروش",\n  dataRange, "A:G",\n  result,\n    IF(\n      ISBLANK(inputDate),\n      "",\n      LET(\n        date, GREG_TO_JALALI(inputDate),\n        monthName, GET_JALALI_MONTH_NAME(date),\n        year, GET_JALALI_YEAR(date),\n        data, IMPORT_FROM_SHEET(SheetsFileId_Accounting_Chalebagh, sheetName, dataRange),\n        filteredData, FILTER(data, INDEX(data,,2) = monthName, INDEX(data,,3) = year),\n        INDEX(filteredData,,5)\n      )\n    ),\n  result\n)\n	1	#N/A	#N/A
تعداد فیش هرشب بجز سالن	B217		LET(\n  inputDate, AN,\n  sheetName, "اهداف فروش",\n  dataRange, "A:G",\n  result,\n    IF(\n      ISBLANK(inputDate),\n      "",\n      LET(\n        date, GREG_TO_JALALI(inputDate),\n        monthName, GET_JALALI_MONTH_NAME(date),\n        year, GET_JALALI_YEAR(date),\n        data, IMPORT_FROM_SHEET(SheetsFileId_Accounting_Chalebagh, sheetName, dataRange),\n        filteredData, FILTER(data, INDEX(data,,2) = monthName, INDEX(data,,3) = year),\n        INDEX(filteredData,,5)\n      )\n    ),\n  result\n)\n	1	#N/A	#N/A
تعداد فیش هرشب بجز سالن	B218		LET(\n  inputDate, AN,\n  sheetName, "اهداف فروش",\n  dataRange, "A:G",\n  result,\n    IF(\n      ISBLANK(inputDate),\n      "",\n      LET(\n        date, GREG_TO_JALALI(inputDate),\n        monthName, GET_JALALI_MONTH_NAME(date),\n        year, GET_JALALI_YEAR(date),\n        data, IMPORT_FROM_SHEET(SheetsFileId_Accounting_Chalebagh, sheetName, dataRange),\n        filteredData, FILTER(data, INDEX(data,,2) = monthName, INDEX(data,,3) = year),\n        INDEX(filteredData,,5)\n      )\n    ),\n  result\n)\n	1	#N/A	#N/A
تعداد فیش هرشب بجز سالن	B219		LET(\n  inputDate, AN,\n  sheetName, "اهداف فروش",\n  dataRange, "A:G",\n  result,\n    IF(\n      ISBLANK(inputDate),\n      "",\n      LET(\n        date, GREG_TO_JALALI(inputDate),\n        monthName, GET_JALALI_MONTH_NAME(date),\n        year, GET_JALALI_YEAR(date),\n        data, IMPORT_FROM_SHEET(SheetsFileId_Accounting_Chalebagh, sheetName, dataRange),\n        filteredData, FILTER(data, INDEX(data,,2) = monthName, INDEX(data,,3) = year),\n        INDEX(filteredData,,5)\n      )\n    ),\n  result\n)\n	1	#N/A	#N/A
تعداد فیش هرشب بجز سالن	B220		LET(\n  inputDate, AN,\n  sheetName, "اهداف فروش",\n  dataRange, "A:G",\n  result,\n    IF(\n      ISBLANK(inputDate),\n      "",\n      LET(\n        date, GREG_TO_JALALI(inputDate),\n        monthName, GET_JALALI_MONTH_NAME(date),\n        year, GET_JALALI_YEAR(date),\n        data, IMPORT_FROM_SHEET(SheetsFileId_Accounting_Chalebagh, sheetName, dataRange),\n        filteredData, FILTER(data, INDEX(data,,2) = monthName, INDEX(data,,3) = year),\n        INDEX(filteredData,,5)\n      )\n    ),\n  result\n)\n	1	#N/A	#N/A
تعداد فیش هرشب بجز سالن	B221		LET(\n  inputDate, AN,\n  sheetName, "اهداف فروش",\n  dataRange, "A:G",\n  result,\n    IF(\n      ISBLANK(inputDate),\n      "",\n      LET(\n        date, GREG_TO_JALALI(inputDate),\n        monthName, GET_JALALI_MONTH_NAME(date),\n        year, GET_JALALI_YEAR(date),\n        data, IMPORT_FROM_SHEET(SheetsFileId_Accounting_Chalebagh, sheetName, dataRange),\n        filteredData, FILTER(data, INDEX(data,,2) = monthName, INDEX(data,,3) = year),\n        INDEX(filteredData,,5)\n      )\n    ),\n  result\n)\n	1	#N/A	#N/A
تعداد فیش هرشب بجز سالن	B222		LET(\n  inputDate, AN,\n  sheetName, "اهداف فروش",\n  dataRange, "A:G",\n  result,\n    IF(\n      ISBLANK(inputDate),\n      "",\n      LET(\n        date, GREG_TO_JALALI(inputDate),\n        monthName, GET_JALALI_MONTH_NAME(date),\n        year, GET_JALALI_YEAR(date),\n        data, IMPORT_FROM_SHEET(SheetsFileId_Accounting_Chalebagh, sheetName, dataRange),\n        filteredData, FILTER(data, INDEX(data,,2) = monthName, INDEX(data,,3) = year),\n        INDEX(filteredData,,5)\n      )\n    ),\n  result\n)\n	1	#N/A	#N/A
تعداد فیش هرشب بجز سالن	B223		LET(\n  inputDate, AN,\n  sheetName, "اهداف فروش",\n  dataRange, "A:G",\n  result,\n    IF(\n      ISBLANK(inputDate),\n      "",\n      LET(\n        date, GREG_TO_JALALI(inputDate),\n        monthName, GET_JALALI_MONTH_NAME(date),\n        year, GET_JALALI_YEAR(date),\n        data, IMPORT_FROM_SHEET(SheetsFileId_Accounting_Chalebagh, sheetName, dataRange),\n        filteredData, FILTER(data, INDEX(data,,2) = monthName, INDEX(data,,3) = year),\n        INDEX(filteredData,,5)\n      )\n    ),\n  result\n)\n	1	#N/A	#N/A
تعداد فیش هرشب بجز سالن	B224		LET(\n  inputDate, AN,\n  sheetName, "اهداف فروش",\n  dataRange, "A:G",\n  result,\n    IF(\n      ISBLANK(inputDate),\n      "",\n      LET(\n        date, GREG_TO_JALALI(inputDate),\n        monthName, GET_JALALI_MONTH_NAME(date),\n        year, GET_JALALI_YEAR(date),\n        data, IMPORT_FROM_SHEET(SheetsFileId_Accounting_Chalebagh, sheetName, dataRange),\n        filteredData, FILTER(data, INDEX(data,,2) = monthName, INDEX(data,,3) = year),\n        INDEX(filteredData,,5)\n      )\n    ),\n  result\n)\n	1	#N/A	#N/A
تعداد فیش هرشب بجز سالن	B225		LET(\n  inputDate, AN,\n  sheetName, "اهداف فروش",\n  dataRange, "A:G",\n  result,\n    IF(\n      ISBLANK(inputDate),\n      "",\n      LET(\n        date, GREG_TO_JALALI(inputDate),\n        monthName, GET_JALALI_MONTH_NAME(date),\n        year, GET_JALALI_YEAR(date),\n        data, IMPORT_FROM_SHEET(SheetsFileId_Accounting_Chalebagh, sheetName, dataRange),\n        filteredData, FILTER(data, INDEX(data,,2) = monthName, INDEX(data,,3) = year),\n        INDEX(filteredData,,5)\n      )\n    ),\n  result\n)\n	1	#N/A	#N/A
تعداد فیش هرشب بجز سالن	B226		LET(\n  inputDate, AN,\n  sheetName, "اهداف فروش",\n  dataRange, "A:G",\n  result,\n    IF(\n      ISBLANK(inputDate),\n      "",\n      LET(\n        date, GREG_TO_JALALI(inputDate),\n        monthName, GET_JALALI_MONTH_NAME(date),\n        year, GET_JALALI_YEAR(date),\n        data, IMPORT_FROM_SHEET(SheetsFileId_Accounting_Chalebagh, sheetName, dataRange),\n        filteredData, FILTER(data, INDEX(data,,2) = monthName, INDEX(data,,3) = year),\n        INDEX(filteredData,,5)\n      )\n    ),\n  result\n)\n	1	#N/A	#N/A
تعداد فیش هرشب بجز سالن	B227		LET(\n  inputDate, AN,\n  sheetName, "اهداف فروش",\n  dataRange, "A:G",\n  result,\n    IF(\n      ISBLANK(inputDate),\n      "",\n      LET(\n        date, GREG_TO_JALALI(inputDate),\n        monthName, GET_JALALI_MONTH_NAME(date),\n        year, GET_JALALI_YEAR(date),\n        data, IMPORT_FROM_SHEET(SheetsFileId_Accounting_Chalebagh, sheetName, dataRange),\n        filteredData, FILTER(data, INDEX(data,,2) = monthName, INDEX(data,,3) = year),\n        INDEX(filteredData,,5)\n      )\n    ),\n  result\n)\n	1	#N/A	#N/A
تعداد فیش هرشب بجز سالن	B228		LET(\n  inputDate, AN,\n  sheetName, "اهداف فروش",\n  dataRange, "A:G",\n  result,\n    IF(\n      ISBLANK(inputDate),\n      "",\n      LET(\n        date, GREG_TO_JALALI(inputDate),\n        monthName, GET_JALALI_MONTH_NAME(date),\n        year, GET_JALALI_YEAR(date),\n        data, IMPORT_FROM_SHEET(SheetsFileId_Accounting_Chalebagh, sheetName, dataRange),\n        filteredData, FILTER(data, INDEX(data,,2) = monthName, INDEX(data,,3) = year),\n        INDEX(filteredData,,5)\n      )\n    ),\n  result\n)\n	1	#N/A	#N/A
تعداد فیش هرشب بجز سالن	B229		LET(\n  inputDate, AN,\n  sheetName, "اهداف فروش",\n  dataRange, "A:G",\n  result,\n    IF(\n      ISBLANK(inputDate),\n      "",\n      LET(\n        date, GREG_TO_JALALI(inputDate),\n        monthName, GET_JALALI_MONTH_NAME(date),\n        year, GET_JALALI_YEAR(date),\n        data, IMPORT_FROM_SHEET(SheetsFileId_Accounting_Chalebagh, sheetName, dataRange),\n        filteredData, FILTER(data, INDEX(data,,2) = monthName, INDEX(data,,3) = year),\n        INDEX(filteredData,,5)\n      )\n    ),\n  result\n)\n	1	#N/A	#N/A
تعداد فیش هرشب بجز سالن	B230		LET(\n  inputDate, AN,\n  sheetName, "اهداف فروش",\n  dataRange, "A:G",\n  result,\n    IF(\n      ISBLANK(inputDate),\n      "",\n      LET(\n        date, GREG_TO_JALALI(inputDate),\n        monthName, GET_JALALI_MONTH_NAME(date),\n        year, GET_JALALI_YEAR(date),\n        data, IMPORT_FROM_SHEET(SheetsFileId_Accounting_Chalebagh, sheetName, dataRange),\n        filteredData, FILTER(data, INDEX(data,,2) = monthName, INDEX(data,,3) = year),\n        INDEX(filteredData,,5)\n      )\n    ),\n  result\n)\n	1	#N/A	#N/A
تعداد فیش هرشب بجز سالن	B231		LET(\n  inputDate, AN,\n  sheetName, "اهداف فروش",\n  dataRange, "A:G",\n  result,\n    IF(\n      ISBLANK(inputDate),\n      "",\n      LET(\n        date, GREG_TO_JALALI(inputDate),\n        monthName, GET_JALALI_MONTH_NAME(date),\n        year, GET_JALALI_YEAR(date),\n        data, IMPORT_FROM_SHEET(SheetsFileId_Accounting_Chalebagh, sheetName, dataRange),\n        filteredData, FILTER(data, INDEX(data,,2) = monthName, INDEX(data,,3) = year),\n        INDEX(filteredData,,5)\n      )\n    ),\n  result\n)\n	1	#N/A	#N/A
تعداد فیش هرشب بجز سالن	B232		LET(\n  inputDate, AN,\n  sheetName, "اهداف فروش",\n  dataRange, "A:G",\n  result,\n    IF(\n      ISBLANK(inputDate),\n      "",\n      LET(\n        date, GREG_TO_JALALI(inputDate),\n        monthName, GET_JALALI_MONTH_NAME(date),\n        year, GET_JALALI_YEAR(date),\n        data, IMPORT_FROM_SHEET(SheetsFileId_Accounting_Chalebagh, sheetName, dataRange),\n        filteredData, FILTER(data, INDEX(data,,2) = monthName, INDEX(data,,3) = year),\n        INDEX(filteredData,,5)\n      )\n    ),\n  result\n)\n	1	#N/A	#N/A
تعداد فیش هرشب بجز سالن	B233		LET(\n  inputDate, AN,\n  sheetName, "اهداف فروش",\n  dataRange, "A:G",\n  result,\n    IF(\n      ISBLANK(inputDate),\n      "",\n      LET(\n        date, GREG_TO_JALALI(inputDate),\n        monthName, GET_JALALI_MONTH_NAME(date),\n        year, GET_JALALI_YEAR(date),\n        data, IMPORT_FROM_SHEET(SheetsFileId_Accounting_Chalebagh, sheetName, dataRange),\n        filteredData, FILTER(data, INDEX(data,,2) = monthName, INDEX(data,,3) = year),\n        INDEX(filteredData,,5)\n      )\n    ),\n  result\n)\n	1	#N/A	#N/A
تعداد فیش هرشب بجز سالن	B234		LET(\n  inputDate, AN,\n  sheetName, "اهداف فروش",\n  dataRange, "A:G",\n  result,\n    IF(\n      ISBLANK(inputDate),\n      "",\n      LET(\n        date, GREG_TO_JALALI(inputDate),\n        monthName, GET_JALALI_MONTH_NAME(date),\n        year, GET_JALALI_YEAR(date),\n        data, IMPORT_FROM_SHEET(SheetsFileId_Accounting_Chalebagh, sheetName, dataRange),\n        filteredData, FILTER(data, INDEX(data,,2) = monthName, INDEX(data,,3) = year),\n        INDEX(filteredData,,5)\n      )\n    ),\n  result\n)\n	1	#N/A	#N/A
تعداد فیش هرشب بجز سالن	B235		LET(\n  inputDate, AN,\n  sheetName, "اهداف فروش",\n  dataRange, "A:G",\n  result,\n    IF(\n      ISBLANK(inputDate),\n      "",\n      LET(\n        date, GREG_TO_JALALI(inputDate),\n        monthName, GET_JALALI_MONTH_NAME(date),\n        year, GET_JALALI_YEAR(date),\n        data, IMPORT_FROM_SHEET(SheetsFileId_Accounting_Chalebagh, sheetName, dataRange),\n        filteredData, FILTER(data, INDEX(data,,2) = monthName, INDEX(data,,3) = year),\n        INDEX(filteredData,,5)\n      )\n    ),\n  result\n)\n	1	#N/A	#N/A
تعداد فیش هرشب بجز سالن	B236		LET(\n  inputDate, AN,\n  sheetName, "اهداف فروش",\n  dataRange, "A:G",\n  result,\n    IF(\n      ISBLANK(inputDate),\n      "",\n      LET(\n        date, GREG_TO_JALALI(inputDate),\n        monthName, GET_JALALI_MONTH_NAME(date),\n        year, GET_JALALI_YEAR(date),\n        data, IMPORT_FROM_SHEET(SheetsFileId_Accounting_Chalebagh, sheetName, dataRange),\n        filteredData, FILTER(data, INDEX(data,,2) = monthName, INDEX(data,,3) = year),\n        INDEX(filteredData,,5)\n      )\n    ),\n  result\n)\n	1	#N/A	#N/A
تعداد فیش هرشب بجز سالن	B237		LET(\n  inputDate, AN,\n  sheetName, "اهداف فروش",\n  dataRange, "A:G",\n  result,\n    IF(\n      ISBLANK(inputDate),\n      "",\n      LET(\n        date, GREG_TO_JALALI(inputDate),\n        monthName, GET_JALALI_MONTH_NAME(date),\n        year, GET_JALALI_YEAR(date),\n        data, IMPORT_FROM_SHEET(SheetsFileId_Accounting_Chalebagh, sheetName, dataRange),\n        filteredData, FILTER(data, INDEX(data,,2) = monthName, INDEX(data,,3) = year),\n        INDEX(filteredData,,5)\n      )\n    ),\n  result\n)\n	1	#N/A	#N/A
تعداد فیش هرشب بجز سالن	B238		LET(\n  inputDate, AN,\n  sheetName, "اهداف فروش",\n  dataRange, "A:G",\n  result,\n    IF(\n      ISBLANK(inputDate),\n      "",\n      LET(\n        date, GREG_TO_JALALI(inputDate),\n        monthName, GET_JALALI_MONTH_NAME(date),\n        year, GET_JALALI_YEAR(date),\n        data, IMPORT_FROM_SHEET(SheetsFileId_Accounting_Chalebagh, sheetName, dataRange),\n        filteredData, FILTER(data, INDEX(data,,2) = monthName, INDEX(data,,3) = year),\n        INDEX(filteredData,,5)\n      )\n    ),\n  result\n)\n	1	#N/A	#N/A
تعداد فیش هرشب بجز سالن	B239		LET(\n  inputDate, AN,\n  sheetName, "اهداف فروش",\n  dataRange, "A:G",\n  result,\n    IF(\n      ISBLANK(inputDate),\n      "",\n      LET(\n        date, GREG_TO_JALALI(inputDate),\n        monthName, GET_JALALI_MONTH_NAME(date),\n        year, GET_JALALI_YEAR(date),\n        data, IMPORT_FROM_SHEET(SheetsFileId_Accounting_Chalebagh, sheetName, dataRange),\n        filteredData, FILTER(data, INDEX(data,,2) = monthName, INDEX(data,,3) = year),\n        INDEX(filteredData,,5)\n      )\n    ),\n  result\n)\n	1	#N/A	#N/A
تعداد فیش هرشب بجز سالن	B240		LET(\n  inputDate, AN,\n  sheetName, "اهداف فروش",\n  dataRange, "A:G",\n  result,\n    IF(\n      ISBLANK(inputDate),\n      "",\n      LET(\n        date, GREG_TO_JALALI(inputDate),\n        monthName, GET_JALALI_MONTH_NAME(date),\n        year, GET_JALALI_YEAR(date),\n        data, IMPORT_FROM_SHEET(SheetsFileId_Accounting_Chalebagh, sheetName, dataRange),\n        filteredData, FILTER(data, INDEX(data,,2) = monthName, INDEX(data,,3) = year),\n        INDEX(filteredData,,5)\n      )\n    ),\n  result\n)\n	1	#N/A	#N/A
تعداد فیش هرشب بجز سالن	B241		LET(\n  inputDate, AN,\n  sheetName, "اهداف فروش",\n  dataRange, "A:G",\n  result,\n    IF(\n      ISBLANK(inputDate),\n      "",\n      LET(\n        date, GREG_TO_JALALI(inputDate),\n        monthName, GET_JALALI_MONTH_NAME(date),\n        year, GET_JALALI_YEAR(date),\n        data, IMPORT_FROM_SHEET(SheetsFileId_Accounting_Chalebagh, sheetName, dataRange),\n        filteredData, FILTER(data, INDEX(data,,2) = monthName, INDEX(data,,3) = year),\n        INDEX(filteredData,,5)\n      )\n    ),\n  result\n)\n	1	#N/A	#N/A
تعداد فیش هرشب بجز سالن	B242		LET(\n  inputDate, AN,\n  sheetName, "اهداف فروش",\n  dataRange, "A:G",\n  result,\n    IF(\n      ISBLANK(inputDate),\n      "",\n      LET(\n        date, GREG_TO_JALALI(inputDate),\n        monthName, GET_JALALI_MONTH_NAME(date),\n        year, GET_JALALI_YEAR(date),\n        data, IMPORT_FROM_SHEET(SheetsFileId_Accounting_Chalebagh, sheetName, dataRange),\n        filteredData, FILTER(data, INDEX(data,,2) = monthName, INDEX(data,,3) = year),\n        INDEX(filteredData,,5)\n      )\n    ),\n  result\n)\n	1	#N/A	#N/A
تعداد فیش هرشب بجز سالن	B243		LET(\n  inputDate, AN,\n  sheetName, "اهداف فروش",\n  dataRange, "A:G",\n  result,\n    IF(\n      ISBLANK(inputDate),\n      "",\n      LET(\n        date, GREG_TO_JALALI(inputDate),\n        monthName, GET_JALALI_MONTH_NAME(date),\n        year, GET_JALALI_YEAR(date),\n        data, IMPORT_FROM_SHEET(SheetsFileId_Accounting_Chalebagh, sheetName, dataRange),\n        filteredData, FILTER(data, INDEX(data,,2) = monthName, INDEX(data,,3) = year),\n        INDEX(filteredData,,5)\n      )\n    ),\n  result\n)\n	1	#N/A	#N/A
تعداد فیش هرشب بجز سالن	B244		LET(\n  inputDate, AN,\n  sheetName, "اهداف فروش",\n  dataRange, "A:G",\n  result,\n    IF(\n      ISBLANK(inputDate),\n      "",\n      LET(\n        date, GREG_TO_JALALI(inputDate),\n        monthName, GET_JALALI_MONTH_NAME(date),\n        year, GET_JALALI_YEAR(date),\n        data, IMPORT_FROM_SHEET(SheetsFileId_Accounting_Chalebagh, sheetName, dataRange),\n        filteredData, FILTER(data, INDEX(data,,2) = monthName, INDEX(data,,3) = year),\n        INDEX(filteredData,,5)\n      )\n    ),\n  result\n)\n	1	#N/A	#N/A
تعداد فیش هرشب بجز سالن	B245		LET(\n  inputDate, AN,\n  sheetName, "اهداف فروش",\n  dataRange, "A:G",\n  result,\n    IF(\n      ISBLANK(inputDate),\n      "",\n      LET(\n        date, GREG_TO_JALALI(inputDate),\n        monthName, GET_JALALI_MONTH_NAME(date),\n        year, GET_JALALI_YEAR(date),\n        data, IMPORT_FROM_SHEET(SheetsFileId_Accounting_Chalebagh, sheetName, dataRange),\n        filteredData, FILTER(data, INDEX(data,,2) = monthName, INDEX(data,,3) = year),\n        INDEX(filteredData,,5)\n      )\n    ),\n  result\n)\n	1	#N/A	#N/A
تعداد فیش هرشب بجز سالن	B246		LET(\n  inputDate, AN,\n  sheetName, "اهداف فروش",\n  dataRange, "A:G",\n  result,\n    IF(\n      ISBLANK(inputDate),\n      "",\n      LET(\n        date, GREG_TO_JALALI(inputDate),\n        monthName, GET_JALALI_MONTH_NAME(date),\n        year, GET_JALALI_YEAR(date),\n        data, IMPORT_FROM_SHEET(SheetsFileId_Accounting_Chalebagh, sheetName, dataRange),\n        filteredData, FILTER(data, INDEX(data,,2) = monthName, INDEX(data,,3) = year),\n        INDEX(filteredData,,5)\n      )\n    ),\n  result\n)\n	1	#N/A	#N/A
تعداد فیش هرشب بجز سالن	B247		LET(\n  inputDate, AN,\n  sheetName, "اهداف فروش",\n  dataRange, "A:G",\n  result,\n    IF(\n      ISBLANK(inputDate),\n      "",\n      LET(\n        date, GREG_TO_JALALI(inputDate),\n        monthName, GET_JALALI_MONTH_NAME(date),\n        year, GET_JALALI_YEAR(date),\n        data, IMPORT_FROM_SHEET(SheetsFileId_Accounting_Chalebagh, sheetName, dataRange),\n        filteredData, FILTER(data, INDEX(data,,2) = monthName, INDEX(data,,3) = year),\n        INDEX(filteredData,,5)\n      )\n    ),\n  result\n)\n	1	#N/A	#N/A
تعداد فیش هرشب بجز سالن	B248		LET(\n  inputDate, AN,\n  sheetName, "اهداف فروش",\n  dataRange, "A:G",\n  result,\n    IF(\n      ISBLANK(inputDate),\n      "",\n      LET(\n        date, GREG_TO_JALALI(inputDate),\n        monthName, GET_JALALI_MONTH_NAME(date),\n        year, GET_JALALI_YEAR(date),\n        data, IMPORT_FROM_SHEET(SheetsFileId_Accounting_Chalebagh, sheetName, dataRange),\n        filteredData, FILTER(data, INDEX(data,,2) = monthName, INDEX(data,,3) = year),\n        INDEX(filteredData,,5)\n      )\n    ),\n  result\n)\n	1	#N/A	#N/A
تعداد فیش هرشب بجز سالن	B249		LET(\n  inputDate, AN,\n  sheetName, "اهداف فروش",\n  dataRange, "A:G",\n  result,\n    IF(\n      ISBLANK(inputDate),\n      "",\n      LET(\n        date, GREG_TO_JALALI(inputDate),\n        monthName, GET_JALALI_MONTH_NAME(date),\n        year, GET_JALALI_YEAR(date),\n        data, IMPORT_FROM_SHEET(SheetsFileId_Accounting_Chalebagh, sheetName, dataRange),\n        filteredData, FILTER(data, INDEX(data,,2) = monthName, INDEX(data,,3) = year),\n        INDEX(filteredData,,5)\n      )\n    ),\n  result\n)\n	1	#N/A	#N/A
تعداد فیش هرشب بجز سالن	B250		LET(\n  inputDate, AN,\n  sheetName, "اهداف فروش",\n  dataRange, "A:G",\n  result,\n    IF(\n      ISBLANK(inputDate),\n      "",\n      LET(\n        date, GREG_TO_JALALI(inputDate),\n        monthName, GET_JALALI_MONTH_NAME(date),\n        year, GET_JALALI_YEAR(date),\n        data, IMPORT_FROM_SHEET(SheetsFileId_Accounting_Chalebagh, sheetName, dataRange),\n        filteredData, FILTER(data, INDEX(data,,2) = monthName, INDEX(data,,3) = year),\n        INDEX(filteredData,,5)\n      )\n    ),\n  result\n)\n	1	#N/A	#N/A
تعداد فیش هرشب بجز سالن	B251		LET(\n  inputDate, AN,\n  sheetName, "اهداف فروش",\n  dataRange, "A:G",\n  result,\n    IF(\n      ISBLANK(inputDate),\n      "",\n      LET(\n        date, GREG_TO_JALALI(inputDate),\n        monthName, GET_JALALI_MONTH_NAME(date),\n        year, GET_JALALI_YEAR(date),\n        data, IMPORT_FROM_SHEET(SheetsFileId_Accounting_Chalebagh, sheetName, dataRange),\n        filteredData, FILTER(data, INDEX(data,,2) = monthName, INDEX(data,,3) = year),\n        INDEX(filteredData,,5)\n      )\n    ),\n  result\n)\n	1	#N/A	#N/A
تعداد فیش هرشب بجز سالن	B252		LET(\n  inputDate, AN,\n  sheetName, "اهداف فروش",\n  dataRange, "A:G",\n  result,\n    IF(\n      ISBLANK(inputDate),\n      "",\n      LET(\n        date, GREG_TO_JALALI(inputDate),\n        monthName, GET_JALALI_MONTH_NAME(date),\n        year, GET_JALALI_YEAR(date),\n        data, IMPORT_FROM_SHEET(SheetsFileId_Accounting_Chalebagh, sheetName, dataRange),\n        filteredData, FILTER(data, INDEX(data,,2) = monthName, INDEX(data,,3) = year),\n        INDEX(filteredData,,5)\n      )\n    ),\n  result\n)\n	1	#N/A	#N/A
تعداد فیش هرشب بجز سالن	B253		LET(\n  inputDate, AN,\n  sheetName, "اهداف فروش",\n  dataRange, "A:G",\n  result,\n    IF(\n      ISBLANK(inputDate),\n      "",\n      LET(\n        date, GREG_TO_JALALI(inputDate),\n        monthName, GET_JALALI_MONTH_NAME(date),\n        year, GET_JALALI_YEAR(date),\n        data, IMPORT_FROM_SHEET(SheetsFileId_Accounting_Chalebagh, sheetName, dataRange),\n        filteredData, FILTER(data, INDEX(data,,2) = monthName, INDEX(data,,3) = year),\n        INDEX(filteredData,,5)\n      )\n    ),\n  result\n)\n	1	#N/A	#N/A
تعداد فیش هرشب بجز سالن	B254		LET(\n  inputDate, AN,\n  sheetName, "اهداف فروش",\n  dataRange, "A:G",\n  result,\n    IF(\n      ISBLANK(inputDate),\n      "",\n      LET(\n        date, GREG_TO_JALALI(inputDate),\n        monthName, GET_JALALI_MONTH_NAME(date),\n        year, GET_JALALI_YEAR(date),\n        data, IMPORT_FROM_SHEET(SheetsFileId_Accounting_Chalebagh, sheetName, dataRange),\n        filteredData, FILTER(data, INDEX(data,,2) = monthName, INDEX(data,,3) = year),\n        INDEX(filteredData,,5)\n      )\n    ),\n  result\n)\n	1	#N/A	#N/A
تعداد فیش هرشب بجز سالن	B255		LET(\n  inputDate, AN,\n  sheetName, "اهداف فروش",\n  dataRange, "A:G",\n  result,\n    IF(\n      ISBLANK(inputDate),\n      "",\n      LET(\n        date, GREG_TO_JALALI(inputDate),\n        monthName, GET_JALALI_MONTH_NAME(date),\n        year, GET_JALALI_YEAR(date),\n        data, IMPORT_FROM_SHEET(SheetsFileId_Accounting_Chalebagh, sheetName, dataRange),\n        filteredData, FILTER(data, INDEX(data,,2) = monthName, INDEX(data,,3) = year),\n        INDEX(filteredData,,5)\n      )\n    ),\n  result\n)\n	1	#N/A	#N/A
تعداد فیش هرشب بجز سالن	B256		LET(\n  inputDate, AN,\n  sheetName, "اهداف فروش",\n  dataRange, "A:G",\n  result,\n    IF(\n      ISBLANK(inputDate),\n      "",\n      LET(\n        date, GREG_TO_JALALI(inputDate),\n        monthName, GET_JALALI_MONTH_NAME(date),\n        year, GET_JALALI_YEAR(date),\n        data, IMPORT_FROM_SHEET(SheetsFileId_Accounting_Chalebagh, sheetName, dataRange),\n        filteredData, FILTER(data, INDEX(data,,2) = monthName, INDEX(data,,3) = year),\n        INDEX(filteredData,,5)\n      )\n    ),\n  result\n)\n	1	#N/A	#N/A
تعداد فیش هرشب بجز سالن	B257		LET(\n  inputDate, AN,\n  sheetName, "اهداف فروش",\n  dataRange, "A:G",\n  result,\n    IF(\n      ISBLANK(inputDate),\n      "",\n      LET(\n        date, GREG_TO_JALALI(inputDate),\n        monthName, GET_JALALI_MONTH_NAME(date),\n        year, GET_JALALI_YEAR(date),\n        data, IMPORT_FROM_SHEET(SheetsFileId_Accounting_Chalebagh, sheetName, dataRange),\n        filteredData, FILTER(data, INDEX(data,,2) = monthName, INDEX(data,,3) = year),\n        INDEX(filteredData,,5)\n      )\n    ),\n  result\n)\n	1	#N/A	#N/A
تعداد فیش هرشب بجز سالن	B258		LET(\n  inputDate, AN,\n  sheetName, "اهداف فروش",\n  dataRange, "A:G",\n  result,\n    IF(\n      ISBLANK(inputDate),\n      "",\n      LET(\n        date, GREG_TO_JALALI(inputDate),\n        monthName, GET_JALALI_MONTH_NAME(date),\n        year, GET_JALALI_YEAR(date),\n        data, IMPORT_FROM_SHEET(SheetsFileId_Accounting_Chalebagh, sheetName, dataRange),\n        filteredData, FILTER(data, INDEX(data,,2) = monthName, INDEX(data,,3) = year),\n        INDEX(filteredData,,5)\n      )\n    ),\n  result\n)\n	1	#N/A	#N/A
تعداد فیش هرشب بجز سالن	B259		LET(\n  inputDate, AN,\n  sheetName, "اهداف فروش",\n  dataRange, "A:G",\n  result,\n    IF(\n      ISBLANK(inputDate),\n      "",\n      LET(\n        date, GREG_TO_JALALI(inputDate),\n        monthName, GET_JALALI_MONTH_NAME(date),\n        year, GET_JALALI_YEAR(date),\n        data, IMPORT_FROM_SHEET(SheetsFileId_Accounting_Chalebagh, sheetName, dataRange),\n        filteredData, FILTER(data, INDEX(data,,2) = monthName, INDEX(data,,3) = year),\n        INDEX(filteredData,,5)\n      )\n    ),\n  result\n)\n	1	#N/A	#N/A
تعداد فیش هرشب بجز سالن	B260		LET(\n  inputDate, AN,\n  sheetName, "اهداف فروش",\n  dataRange, "A:G",\n  result,\n    IF(\n      ISBLANK(inputDate),\n      "",\n      LET(\n        date, GREG_TO_JALALI(inputDate),\n        monthName, GET_JALALI_MONTH_NAME(date),\n        year, GET_JALALI_YEAR(date),\n        data, IMPORT_FROM_SHEET(SheetsFileId_Accounting_Chalebagh, sheetName, dataRange),\n        filteredData, FILTER(data, INDEX(data,,2) = monthName, INDEX(data,,3) = year),\n        INDEX(filteredData,,5)\n      )\n    ),\n  result\n)\n	1	#N/A	#N/A
تعداد فیش هرشب بجز سالن	B261		LET(\n  inputDate, AN,\n  sheetName, "اهداف فروش",\n  dataRange, "A:G",\n  result,\n    IF(\n      ISBLANK(inputDate),\n      "",\n      LET(\n        date, GREG_TO_JALALI(inputDate),\n        monthName, GET_JALALI_MONTH_NAME(date),\n        year, GET_JALALI_YEAR(date),\n        data, IMPORT_FROM_SHEET(SheetsFileId_Accounting_Chalebagh, sheetName, dataRange),\n        filteredData, FILTER(data, INDEX(data,,2) = monthName, INDEX(data,,3) = year),\n        INDEX(filteredData,,5)\n      )\n    ),\n  result\n)\n	1	#N/A	#N/A
تعداد فیش هرشب بجز سالن	B262		LET(\n  inputDate, AN,\n  sheetName, "اهداف فروش",\n  dataRange, "A:G",\n  result,\n    IF(\n      ISBLANK(inputDate),\n      "",\n      LET(\n        date, GREG_TO_JALALI(inputDate),\n        monthName, GET_JALALI_MONTH_NAME(date),\n        year, GET_JALALI_YEAR(date),\n        data, IMPORT_FROM_SHEET(SheetsFileId_Accounting_Chalebagh, sheetName, dataRange),\n        filteredData, FILTER(data, INDEX(data,,2) = monthName, INDEX(data,,3) = year),\n        INDEX(filteredData,,5)\n      )\n    ),\n  result\n)\n	1	#N/A	#N/A
تعداد فیش هرشب بجز سالن	B263		LET(\n  inputDate, AN,\n  sheetName, "اهداف فروش",\n  dataRange, "A:G",\n  result,\n    IF(\n      ISBLANK(inputDate),\n      "",\n      LET(\n        date, GREG_TO_JALALI(inputDate),\n        monthName, GET_JALALI_MONTH_NAME(date),\n        year, GET_JALALI_YEAR(date),\n        data, IMPORT_FROM_SHEET(SheetsFileId_Accounting_Chalebagh, sheetName, dataRange),\n        filteredData, FILTER(data, INDEX(data,,2) = monthName, INDEX(data,,3) = year),\n        INDEX(filteredData,,5)\n      )\n    ),\n  result\n)\n	1	#N/A	#N/A
تعداد فیش هرشب بجز سالن	B264		LET(\n  inputDate, AN,\n  sheetName, "اهداف فروش",\n  dataRange, "A:G",\n  result,\n    IF(\n      ISBLANK(inputDate),\n      "",\n      LET(\n        date, GREG_TO_JALALI(inputDate),\n        monthName, GET_JALALI_MONTH_NAME(date),\n        year, GET_JALALI_YEAR(date),\n        data, IMPORT_FROM_SHEET(SheetsFileId_Accounting_Chalebagh, sheetName, dataRange),\n        filteredData, FILTER(data, INDEX(data,,2) = monthName, INDEX(data,,3) = year),\n        INDEX(filteredData,,5)\n      )\n    ),\n  result\n)\n	1	#N/A	#N/A
تعداد فیش هرشب بجز سالن	B265		LET(\n  inputDate, AN,\n  sheetName, "اهداف فروش",\n  dataRange, "A:G",\n  result,\n    IF(\n      ISBLANK(inputDate),\n      "",\n      LET(\n        date, GREG_TO_JALALI(inputDate),\n        monthName, GET_JALALI_MONTH_NAME(date),\n        year, GET_JALALI_YEAR(date),\n        data, IMPORT_FROM_SHEET(SheetsFileId_Accounting_Chalebagh, sheetName, dataRange),\n        filteredData, FILTER(data, INDEX(data,,2) = monthName, INDEX(data,,3) = year),\n        INDEX(filteredData,,5)\n      )\n    ),\n  result\n)\n	1	#N/A	#N/A
تعداد فیش هرشب بجز سالن	B266		LET(\n  inputDate, AN,\n  sheetName, "اهداف فروش",\n  dataRange, "A:G",\n  result,\n    IF(\n      ISBLANK(inputDate),\n      "",\n      LET(\n        date, GREG_TO_JALALI(inputDate),\n        monthName, GET_JALALI_MONTH_NAME(date),\n        year, GET_JALALI_YEAR(date),\n        data, IMPORT_FROM_SHEET(SheetsFileId_Accounting_Chalebagh, sheetName, dataRange),\n        filteredData, FILTER(data, INDEX(data,,2) = monthName, INDEX(data,,3) = year),\n        INDEX(filteredData,,5)\n      )\n    ),\n  result\n)\n	1	#N/A	#N/A
تعداد فیش هرشب بجز سالن	B267		LET(\n  inputDate, AN,\n  sheetName, "اهداف فروش",\n  dataRange, "A:G",\n  result,\n    IF(\n      ISBLANK(inputDate),\n      "",\n      LET(\n        date, GREG_TO_JALALI(inputDate),\n        monthName, GET_JALALI_MONTH_NAME(date),\n        year, GET_JALALI_YEAR(date),\n        data, IMPORT_FROM_SHEET(SheetsFileId_Accounting_Chalebagh, sheetName, dataRange),\n        filteredData, FILTER(data, INDEX(data,,2) = monthName, INDEX(data,,3) = year),\n        INDEX(filteredData,,5)\n      )\n    ),\n  result\n)\n	1	#N/A	#N/A
تعداد فیش هرشب بجز سالن	B268		LET(\n  inputDate, AN,\n  sheetName, "اهداف فروش",\n  dataRange, "A:G",\n  result,\n    IF(\n      ISBLANK(inputDate),\n      "",\n      LET(\n        date, GREG_TO_JALALI(inputDate),\n        monthName, GET_JALALI_MONTH_NAME(date),\n        year, GET_JALALI_YEAR(date),\n        data, IMPORT_FROM_SHEET(SheetsFileId_Accounting_Chalebagh, sheetName, dataRange),\n        filteredData, FILTER(data, INDEX(data,,2) = monthName, INDEX(data,,3) = year),\n        INDEX(filteredData,,5)\n      )\n    ),\n  result\n)\n	1	#N/A	#N/A
تعداد فیش هرشب بجز سالن	B269		LET(\n  inputDate, AN,\n  sheetName, "اهداف فروش",\n  dataRange, "A:G",\n  result,\n    IF(\n      ISBLANK(inputDate),\n      "",\n      LET(\n        date, GREG_TO_JALALI(inputDate),\n        monthName, GET_JALALI_MONTH_NAME(date),\n        year, GET_JALALI_YEAR(date),\n        data, IMPORT_FROM_SHEET(SheetsFileId_Accounting_Chalebagh, sheetName, dataRange),\n        filteredData, FILTER(data, INDEX(data,,2) = monthName, INDEX(data,,3) = year),\n        INDEX(filteredData,,5)\n      )\n    ),\n  result\n)\n	1	#N/A	#N/A
تعداد فیش هرشب بجز سالن	B270		LET(\n  inputDate, AN,\n  sheetName, "اهداف فروش",\n  dataRange, "A:G",\n  result,\n    IF(\n      ISBLANK(inputDate),\n      "",\n      LET(\n        date, GREG_TO_JALALI(inputDate),\n        monthName, GET_JALALI_MONTH_NAME(date),\n        year, GET_JALALI_YEAR(date),\n        data, IMPORT_FROM_SHEET(SheetsFileId_Accounting_Chalebagh, sheetName, dataRange),\n        filteredData, FILTER(data, INDEX(data,,2) = monthName, INDEX(data,,3) = year),\n        INDEX(filteredData,,5)\n      )\n    ),\n  result\n)\n	1	#N/A	#N/A
تعداد فیش هرشب بجز سالن	B271		LET(\n  inputDate, AN,\n  sheetName, "اهداف فروش",\n  dataRange, "A:G",\n  result,\n    IF(\n      ISBLANK(inputDate),\n      "",\n      LET(\n        date, GREG_TO_JALALI(inputDate),\n        monthName, GET_JALALI_MONTH_NAME(date),\n        year, GET_JALALI_YEAR(date),\n        data, IMPORT_FROM_SHEET(SheetsFileId_Accounting_Chalebagh, sheetName, dataRange),\n        filteredData, FILTER(data, INDEX(data,,2) = monthName, INDEX(data,,3) = year),\n        INDEX(filteredData,,5)\n      )\n    ),\n  result\n)\n	1	#N/A	#N/A
تعداد فیش هرشب بجز سالن	B272		LET(\n  inputDate, AN,\n  sheetName, "اهداف فروش",\n  dataRange, "A:G",\n  result,\n    IF(\n      ISBLANK(inputDate),\n      "",\n      LET(\n        date, GREG_TO_JALALI(inputDate),\n        monthName, GET_JALALI_MONTH_NAME(date),\n        year, GET_JALALI_YEAR(date),\n        data, IMPORT_FROM_SHEET(SheetsFileId_Accounting_Chalebagh, sheetName, dataRange),\n        filteredData, FILTER(data, INDEX(data,,2) = monthName, INDEX(data,,3) = year),\n        INDEX(filteredData,,5)\n      )\n    ),\n  result\n)\n	1	#N/A	#N/A
تعداد فیش هرشب بجز سالن	B273		LET(\n  inputDate, AN,\n  sheetName, "اهداف فروش",\n  dataRange, "A:G",\n  result,\n    IF(\n      ISBLANK(inputDate),\n      "",\n      LET(\n        date, GREG_TO_JALALI(inputDate),\n        monthName, GET_JALALI_MONTH_NAME(date),\n        year, GET_JALALI_YEAR(date),\n        data, IMPORT_FROM_SHEET(SheetsFileId_Accounting_Chalebagh, sheetName, dataRange),\n        filteredData, FILTER(data, INDEX(data,,2) = monthName, INDEX(data,,3) = year),\n        INDEX(filteredData,,5)\n      )\n    ),\n  result\n)\n	1	#N/A	#N/A
تعداد فیش هرشب بجز سالن	B274		LET(\n  inputDate, AN,\n  sheetName, "اهداف فروش",\n  dataRange, "A:G",\n  result,\n    IF(\n      ISBLANK(inputDate),\n      "",\n      LET(\n        date, GREG_TO_JALALI(inputDate),\n        monthName, GET_JALALI_MONTH_NAME(date),\n        year, GET_JALALI_YEAR(date),\n        data, IMPORT_FROM_SHEET(SheetsFileId_Accounting_Chalebagh, sheetName, dataRange),\n        filteredData, FILTER(data, INDEX(data,,2) = monthName, INDEX(data,,3) = year),\n        INDEX(filteredData,,5)\n      )\n    ),\n  result\n)\n	1	#N/A	#N/A
تعداد فیش هرشب بجز سالن	B275		LET(\n  inputDate, AN,\n  sheetName, "اهداف فروش",\n  dataRange, "A:G",\n  result,\n    IF(\n      ISBLANK(inputDate),\n      "",\n      LET(\n        date, GREG_TO_JALALI(inputDate),\n        monthName, GET_JALALI_MONTH_NAME(date),\n        year, GET_JALALI_YEAR(date),\n        data, IMPORT_FROM_SHEET(SheetsFileId_Accounting_Chalebagh, sheetName, dataRange),\n        filteredData, FILTER(data, INDEX(data,,2) = monthName, INDEX(data,,3) = year),\n        INDEX(filteredData,,5)\n      )\n    ),\n  result\n)\n	1	#N/A	#N/A
تعداد فیش هرشب بجز سالن	B276		LET(\n  inputDate, AN,\n  sheetName, "اهداف فروش",\n  dataRange, "A:G",\n  result,\n    IF(\n      ISBLANK(inputDate),\n      "",\n      LET(\n        date, GREG_TO_JALALI(inputDate),\n        monthName, GET_JALALI_MONTH_NAME(date),\n        year, GET_JALALI_YEAR(date),\n        data, IMPORT_FROM_SHEET(SheetsFileId_Accounting_Chalebagh, sheetName, dataRange),\n        filteredData, FILTER(data, INDEX(data,,2) = monthName, INDEX(data,,3) = year),\n        INDEX(filteredData,,5)\n      )\n    ),\n  result\n)\n	1	#N/A	#N/A
تعداد فیش هرشب بجز سالن	B277		LET(\n  inputDate, AN,\n  sheetName, "اهداف فروش",\n  dataRange, "A:G",\n  result,\n    IF(\n      ISBLANK(inputDate),\n      "",\n      LET(\n        date, GREG_TO_JALALI(inputDate),\n        monthName, GET_JALALI_MONTH_NAME(date),\n        year, GET_JALALI_YEAR(date),\n        data, IMPORT_FROM_SHEET(SheetsFileId_Accounting_Chalebagh, sheetName, dataRange),\n        filteredData, FILTER(data, INDEX(data,,2) = monthName, INDEX(data,,3) = year),\n        INDEX(filteredData,,5)\n      )\n    ),\n  result\n)\n	1	#N/A	#N/A
تعداد فیش هرشب بجز سالن	B278		LET(\n  inputDate, AN,\n  sheetName, "اهداف فروش",\n  dataRange, "A:G",\n  result,\n    IF(\n      ISBLANK(inputDate),\n      "",\n      LET(\n        date, GREG_TO_JALALI(inputDate),\n        monthName, GET_JALALI_MONTH_NAME(date),\n        year, GET_JALALI_YEAR(date),\n        data, IMPORT_FROM_SHEET(SheetsFileId_Accounting_Chalebagh, sheetName, dataRange),\n        filteredData, FILTER(data, INDEX(data,,2) = monthName, INDEX(data,,3) = year),\n        INDEX(filteredData,,5)\n      )\n    ),\n  result\n)\n	1	#N/A	#N/A
تعداد فیش هرشب بجز سالن	B279		LET(\n  inputDate, AN,\n  sheetName, "اهداف فروش",\n  dataRange, "A:G",\n  result,\n    IF(\n      ISBLANK(inputDate),\n      "",\n      LET(\n        date, GREG_TO_JALALI(inputDate),\n        monthName, GET_JALALI_MONTH_NAME(date),\n        year, GET_JALALI_YEAR(date),\n        data, IMPORT_FROM_SHEET(SheetsFileId_Accounting_Chalebagh, sheetName, dataRange),\n        filteredData, FILTER(data, INDEX(data,,2) = monthName, INDEX(data,,3) = year),\n        INDEX(filteredData,,5)\n      )\n    ),\n  result\n)\n	1	#N/A	#N/A
تعداد فیش هرشب بجز سالن	B280		LET(\n  inputDate, AN,\n  sheetName, "اهداف فروش",\n  dataRange, "A:G",\n  result,\n    IF(\n      ISBLANK(inputDate),\n      "",\n      LET(\n        date, GREG_TO_JALALI(inputDate),\n        monthName, GET_JALALI_MONTH_NAME(date),\n        year, GET_JALALI_YEAR(date),\n        data, IMPORT_FROM_SHEET(SheetsFileId_Accounting_Chalebagh, sheetName, dataRange),\n        filteredData, FILTER(data, INDEX(data,,2) = monthName, INDEX(data,,3) = year),\n        INDEX(filteredData,,5)\n      )\n    ),\n  result\n)\n	1	#N/A	#N/A
تعداد فیش هرشب بجز سالن	B281		LET(\n  inputDate, AN,\n  sheetName, "اهداف فروش",\n  dataRange, "A:G",\n  result,\n    IF(\n      ISBLANK(inputDate),\n      "",\n      LET(\n        date, GREG_TO_JALALI(inputDate),\n        monthName, GET_JALALI_MONTH_NAME(date),\n        year, GET_JALALI_YEAR(date),\n        data, IMPORT_FROM_SHEET(SheetsFileId_Accounting_Chalebagh, sheetName, dataRange),\n        filteredData, FILTER(data, INDEX(data,,2) = monthName, INDEX(data,,3) = year),\n        INDEX(filteredData,,5)\n      )\n    ),\n  result\n)\n	1		
تعداد فیش هرشب بجز سالن	B282		LET(\n  inputDate, AN,\n  sheetName, "اهداف فروش",\n  dataRange, "A:G",\n  result,\n    IF(\n      ISBLANK(inputDate),\n      "",\n      LET(\n        date, GREG_TO_JALALI(inputDate),\n        monthName, GET_JALALI_MONTH_NAME(date),\n        year, GET_JALALI_YEAR(date),\n        data, IMPORT_FROM_SHEET(SheetsFileId_Accounting_Chalebagh, sheetName, dataRange),\n        filteredData, FILTER(data, INDEX(data,,2) = monthName, INDEX(data,,3) = year),\n        INDEX(filteredData,,5)\n      )\n    ),\n  result\n)\n	1		
تعداد فیش هرشب بجز سالن	B283		LET(\n  inputDate, AN,\n  sheetName, "اهداف فروش",\n  dataRange, "A:G",\n  result,\n    IF(\n      ISBLANK(inputDate),\n      "",\n      LET(\n        date, GREG_TO_JALALI(inputDate),\n        monthName, GET_JALALI_MONTH_NAME(date),\n        year, GET_JALALI_YEAR(date),\n        data, IMPORT_FROM_SHEET(SheetsFileId_Accounting_Chalebagh, sheetName, dataRange),\n        filteredData, FILTER(data, INDEX(data,,2) = monthName, INDEX(data,,3) = year),\n        INDEX(filteredData,,5)\n      )\n    ),\n  result\n)\n	1		
تعداد فیش هرشب بجز سالن	B284		LET(\n  inputDate, AN,\n  sheetName, "اهداف فروش",\n  dataRange, "A:G",\n  result,\n    IF(\n      ISBLANK(inputDate),\n      "",\n      LET(\n        date, GREG_TO_JALALI(inputDate),\n        monthName, GET_JALALI_MONTH_NAME(date),\n        year, GET_JALALI_YEAR(date),\n        data, IMPORT_FROM_SHEET(SheetsFileId_Accounting_Chalebagh, sheetName, dataRange),\n        filteredData, FILTER(data, INDEX(data,,2) = monthName, INDEX(data,,3) = year),\n        INDEX(filteredData,,5)\n      )\n    ),\n  result\n)\n	1		
تعداد فیش هرشب بجز سالن	B285		LET(\n  inputDate, AN,\n  sheetName, "اهداف فروش",\n  dataRange, "A:G",\n  result,\n    IF(\n      ISBLANK(inputDate),\n      "",\n      LET(\n        date, GREG_TO_JALALI(inputDate),\n        monthName, GET_JALALI_MONTH_NAME(date),\n        year, GET_JALALI_YEAR(date),\n        data, IMPORT_FROM_SHEET(SheetsFileId_Accounting_Chalebagh, sheetName, dataRange),\n        filteredData, FILTER(data, INDEX(data,,2) = monthName, INDEX(data,,3) = year),\n        INDEX(filteredData,,5)\n      )\n    ),\n  result\n)\n	1		
تعداد فیش هرشب بجز سالن	B286		LET(\n  inputDate, AN,\n  sheetName, "اهداف فروش",\n  dataRange, "A:G",\n  result,\n    IF(\n      ISBLANK(inputDate),\n      "",\n      LET(\n        date, GREG_TO_JALALI(inputDate),\n        monthName, GET_JALALI_MONTH_NAME(date),\n        year, GET_JALALI_YEAR(date),\n        data, IMPORT_FROM_SHEET(SheetsFileId_Accounting_Chalebagh, sheetName, dataRange),\n        filteredData, FILTER(data, INDEX(data,,2) = monthName, INDEX(data,,3) = year),\n        INDEX(filteredData,,5)\n      )\n    ),\n  result\n)\n	1		
تعداد فیش هرشب بجز سالن	B287		LET(\n  inputDate, AN,\n  sheetName, "اهداف فروش",\n  dataRange, "A:G",\n  result,\n    IF(\n      ISBLANK(inputDate),\n      "",\n      LET(\n        date, GREG_TO_JALALI(inputDate),\n        monthName, GET_JALALI_MONTH_NAME(date),\n        year, GET_JALALI_YEAR(date),\n        data, IMPORT_FROM_SHEET(SheetsFileId_Accounting_Chalebagh, sheetName, dataRange),\n        filteredData, FILTER(data, INDEX(data,,2) = monthName, INDEX(data,,3) = year),\n        INDEX(filteredData,,5)\n      )\n    ),\n  result\n)\n	1		
تعداد فیش هرشب بجز سالن	B288		LET(\n  inputDate, AN,\n  sheetName, "اهداف فروش",\n  dataRange, "A:G",\n  result,\n    IF(\n      ISBLANK(inputDate),\n      "",\n      LET(\n        date, GREG_TO_JALALI(inputDate),\n        monthName, GET_JALALI_MONTH_NAME(date),\n        year, GET_JALALI_YEAR(date),\n        data, IMPORT_FROM_SHEET(SheetsFileId_Accounting_Chalebagh, sheetName, dataRange),\n        filteredData, FILTER(data, INDEX(data,,2) = monthName, INDEX(data,,3) = year),\n        INDEX(filteredData,,5)\n      )\n    ),\n  result\n)\n	1		
تعداد فیش هرشب بجز سالن	B289		LET(\n  inputDate, AN,\n  sheetName, "اهداف فروش",\n  dataRange, "A:G",\n  result,\n    IF(\n      ISBLANK(inputDate),\n      "",\n      LET(\n        date, GREG_TO_JALALI(inputDate),\n        monthName, GET_JALALI_MONTH_NAME(date),\n        year, GET_JALALI_YEAR(date),\n        data, IMPORT_FROM_SHEET(SheetsFileId_Accounting_Chalebagh, sheetName, dataRange),\n        filteredData, FILTER(data, INDEX(data,,2) = monthName, INDEX(data,,3) = year),\n        INDEX(filteredData,,5)\n      )\n    ),\n  result\n)\n	1		
تعداد فیش هرشب بجز سالن	B290		LET(\n  inputDate, AN,\n  sheetName, "اهداف فروش",\n  dataRange, "A:G",\n  result,\n    IF(\n      ISBLANK(inputDate),\n      "",\n      LET(\n        date, GREG_TO_JALALI(inputDate),\n        monthName, GET_JALALI_MONTH_NAME(date),\n        year, GET_JALALI_YEAR(date),\n        data, IMPORT_FROM_SHEET(SheetsFileId_Accounting_Chalebagh, sheetName, dataRange),\n        filteredData, FILTER(data, INDEX(data,,2) = monthName, INDEX(data,,3) = year),\n        INDEX(filteredData,,5)\n      )\n    ),\n  result\n)\n	1		
تعداد فیش هرشب بجز سالن	B291		LET(\n  inputDate, AN,\n  sheetName, "اهداف فروش",\n  dataRange, "A:G",\n  result,\n    IF(\n      ISBLANK(inputDate),\n      "",\n      LET(\n        date, GREG_TO_JALALI(inputDate),\n        monthName, GET_JALALI_MONTH_NAME(date),\n        year, GET_JALALI_YEAR(date),\n        data, IMPORT_FROM_SHEET(SheetsFileId_Accounting_Chalebagh, sheetName, dataRange),\n        filteredData, FILTER(data, INDEX(data,,2) = monthName, INDEX(data,,3) = year),\n        INDEX(filteredData,,5)\n      )\n    ),\n  result\n)\n	1		
تعداد فیش هرشب بجز سالن	B292		LET(\n  inputDate, AN,\n  sheetName, "اهداف فروش",\n  dataRange, "A:G",\n  result,\n    IF(\n      ISBLANK(inputDate),\n      "",\n      LET(\n        date, GREG_TO_JALALI(inputDate),\n        monthName, GET_JALALI_MONTH_NAME(date),\n        year, GET_JALALI_YEAR(date),\n        data, IMPORT_FROM_SHEET(SheetsFileId_Accounting_Chalebagh, sheetName, dataRange),\n        filteredData, FILTER(data, INDEX(data,,2) = monthName, INDEX(data,,3) = year),\n        INDEX(filteredData,,5)\n      )\n    ),\n  result\n)\n	1		
تعداد فیش هرشب بجز سالن	B293		LET(\n  inputDate, AN,\n  sheetName, "اهداف فروش",\n  dataRange, "A:G",\n  result,\n    IF(\n      ISBLANK(inputDate),\n      "",\n      LET(\n        date, GREG_TO_JALALI(inputDate),\n        monthName, GET_JALALI_MONTH_NAME(date),\n        year, GET_JALALI_YEAR(date),\n        data, IMPORT_FROM_SHEET(SheetsFileId_Accounting_Chalebagh, sheetName, dataRange),\n        filteredData, FILTER(data, INDEX(data,,2) = monthName, INDEX(data,,3) = year),\n        INDEX(filteredData,,5)\n      )\n    ),\n  result\n)\n	1		
تعداد فیش هرشب بجز سالن	B294		LET(\n  inputDate, AN,\n  sheetName, "اهداف فروش",\n  dataRange, "A:G",\n  result,\n    IF(\n      ISBLANK(inputDate),\n      "",\n      LET(\n        date, GREG_TO_JALALI(inputDate),\n        monthName, GET_JALALI_MONTH_NAME(date),\n        year, GET_JALALI_YEAR(date),\n        data, IMPORT_FROM_SHEET(SheetsFileId_Accounting_Chalebagh, sheetName, dataRange),\n        filteredData, FILTER(data, INDEX(data,,2) = monthName, INDEX(data,,3) = year),\n        INDEX(filteredData,,5)\n      )\n    ),\n  result\n)\n	1		
تعداد فیش هرشب بجز سالن	B295		LET(\n  inputDate, AN,\n  sheetName, "اهداف فروش",\n  dataRange, "A:G",\n  result,\n    IF(\n      ISBLANK(inputDate),\n      "",\n      LET(\n        date, GREG_TO_JALALI(inputDate),\n        monthName, GET_JALALI_MONTH_NAME(date),\n        year, GET_JALALI_YEAR(date),\n        data, IMPORT_FROM_SHEET(SheetsFileId_Accounting_Chalebagh, sheetName, dataRange),\n        filteredData, FILTER(data, INDEX(data,,2) = monthName, INDEX(data,,3) = year),\n        INDEX(filteredData,,5)\n      )\n    ),\n  result\n)\n	1		
تعداد فیش هرشب بجز سالن	B296		LET(\n  inputDate, AN,\n  sheetName, "اهداف فروش",\n  dataRange, "A:G",\n  result,\n    IF(\n      ISBLANK(inputDate),\n      "",\n      LET(\n        date, GREG_TO_JALALI(inputDate),\n        monthName, GET_JALALI_MONTH_NAME(date),\n        year, GET_JALALI_YEAR(date),\n        data, IMPORT_FROM_SHEET(SheetsFileId_Accounting_Chalebagh, sheetName, dataRange),\n        filteredData, FILTER(data, INDEX(data,,2) = monthName, INDEX(data,,3) = year),\n        INDEX(filteredData,,5)\n      )\n    ),\n  result\n)\n	1		
تعداد فیش هرشب بجز سالن	B297		LET(\n  inputDate, AN,\n  sheetName, "اهداف فروش",\n  dataRange, "A:G",\n  result,\n    IF(\n      ISBLANK(inputDate),\n      "",\n      LET(\n        date, GREG_TO_JALALI(inputDate),\n        monthName, GET_JALALI_MONTH_NAME(date),\n        year, GET_JALALI_YEAR(date),\n        data, IMPORT_FROM_SHEET(SheetsFileId_Accounting_Chalebagh, sheetName, dataRange),\n        filteredData, FILTER(data, INDEX(data,,2) = monthName, INDEX(data,,3) = year),\n        INDEX(filteredData,,5)\n      )\n    ),\n  result\n)\n	1		
تعداد فیش هرشب بجز سالن	B298		LET(\n  inputDate, AN,\n  sheetName, "اهداف فروش",\n  dataRange, "A:G",\n  result,\n    IF(\n      ISBLANK(inputDate),\n      "",\n      LET(\n        date, GREG_TO_JALALI(inputDate),\n        monthName, GET_JALALI_MONTH_NAME(date),\n        year, GET_JALALI_YEAR(date),\n        data, IMPORT_FROM_SHEET(SheetsFileId_Accounting_Chalebagh, sheetName, dataRange),\n        filteredData, FILTER(data, INDEX(data,,2) = monthName, INDEX(data,,3) = year),\n        INDEX(filteredData,,5)\n      )\n    ),\n  result\n)\n	1		
تعداد فیش هرشب بجز سالن	B299		LET(\n  inputDate, AN,\n  sheetName, "اهداف فروش",\n  dataRange, "A:G",\n  result,\n    IF(\n      ISBLANK(inputDate),\n      "",\n      LET(\n        date, GREG_TO_JALALI(inputDate),\n        monthName, GET_JALALI_MONTH_NAME(date),\n        year, GET_JALALI_YEAR(date),\n        data, IMPORT_FROM_SHEET(SheetsFileId_Accounting_Chalebagh, sheetName, dataRange),\n        filteredData, FILTER(data, INDEX(data,,2) = monthName, INDEX(data,,3) = year),\n        INDEX(filteredData,,5)\n      )\n    ),\n  result\n)\n	1		
تعداد فیش هرشب بجز سالن	B300		LET(\n  inputDate, AN,\n  sheetName, "اهداف فروش",\n  dataRange, "A:G",\n  result,\n    IF(\n      ISBLANK(inputDate),\n      "",\n      LET(\n        date, GREG_TO_JALALI(inputDate),\n        monthName, GET_JALALI_MONTH_NAME(date),\n        year, GET_JALALI_YEAR(date),\n        data, IMPORT_FROM_SHEET(SheetsFileId_Accounting_Chalebagh, sheetName, dataRange),\n        filteredData, FILTER(data, INDEX(data,,2) = monthName, INDEX(data,,3) = year),\n        INDEX(filteredData,,5)\n      )\n    ),\n  result\n)\n	1		
تعداد فیش هرشب بجز سالن	B301		LET(\n  inputDate, AN,\n  sheetName, "اهداف فروش",\n  dataRange, "A:G",\n  result,\n    IF(\n      ISBLANK(inputDate),\n      "",\n      LET(\n        date, GREG_TO_JALALI(inputDate),\n        monthName, GET_JALALI_MONTH_NAME(date),\n        year, GET_JALALI_YEAR(date),\n        data, IMPORT_FROM_SHEET(SheetsFileId_Accounting_Chalebagh, sheetName, dataRange),\n        filteredData, FILTER(data, INDEX(data,,2) = monthName, INDEX(data,,3) = year),\n        INDEX(filteredData,,5)\n      )\n    ),\n  result\n)\n	1		
تعداد فیش هرشب بجز سالن	B302		LET(\n  inputDate, AN,\n  sheetName, "اهداف فروش",\n  dataRange, "A:G",\n  result,\n    IF(\n      ISBLANK(inputDate),\n      "",\n      LET(\n        date, GREG_TO_JALALI(inputDate),\n        monthName, GET_JALALI_MONTH_NAME(date),\n        year, GET_JALALI_YEAR(date),\n        data, IMPORT_FROM_SHEET(SheetsFileId_Accounting_Chalebagh, sheetName, dataRange),\n        filteredData, FILTER(data, INDEX(data,,2) = monthName, INDEX(data,,3) = year),\n        INDEX(filteredData,,5)\n      )\n    ),\n  result\n)\n	1		
تعداد فیش هرشب بجز سالن	B303		LET(\n  inputDate, AN,\n  sheetName, "اهداف فروش",\n  dataRange, "A:G",\n  result,\n    IF(\n      ISBLANK(inputDate),\n      "",\n      LET(\n        date, GREG_TO_JALALI(inputDate),\n        monthName, GET_JALALI_MONTH_NAME(date),\n        year, GET_JALALI_YEAR(date),\n        data, IMPORT_FROM_SHEET(SheetsFileId_Accounting_Chalebagh, sheetName, dataRange),\n        filteredData, FILTER(data, INDEX(data,,2) = monthName, INDEX(data,,3) = year),\n        INDEX(filteredData,,5)\n      )\n    ),\n  result\n)\n	1		
تعداد فیش هرشب بجز سالن	B304		LET(\n  inputDate, AN,\n  sheetName, "اهداف فروش",\n  dataRange, "A:G",\n  result,\n    IF(\n      ISBLANK(inputDate),\n      "",\n      LET(\n        date, GREG_TO_JALALI(inputDate),\n        monthName, GET_JALALI_MONTH_NAME(date),\n        year, GET_JALALI_YEAR(date),\n        data, IMPORT_FROM_SHEET(SheetsFileId_Accounting_Chalebagh, sheetName, dataRange),\n        filteredData, FILTER(data, INDEX(data,,2) = monthName, INDEX(data,,3) = year),\n        INDEX(filteredData,,5)\n      )\n    ),\n  result\n)\n	1		
تعداد فیش هرشب بجز سالن	B305		LET(\n  inputDate, AN,\n  sheetName, "اهداف فروش",\n  dataRange, "A:G",\n  result,\n    IF(\n      ISBLANK(inputDate),\n      "",\n      LET(\n        date, GREG_TO_JALALI(inputDate),\n        monthName, GET_JALALI_MONTH_NAME(date),\n        year, GET_JALALI_YEAR(date),\n        data, IMPORT_FROM_SHEET(SheetsFileId_Accounting_Chalebagh, sheetName, dataRange),\n        filteredData, FILTER(data, INDEX(data,,2) = monthName, INDEX(data,,3) = year),\n        INDEX(filteredData,,5)\n      )\n    ),\n  result\n)\n	1		
تعداد فیش هرشب بجز سالن	B306		LET(\n  inputDate, AN,\n  sheetName, "اهداف فروش",\n  dataRange, "A:G",\n  result,\n    IF(\n      ISBLANK(inputDate),\n      "",\n      LET(\n        date, GREG_TO_JALALI(inputDate),\n        monthName, GET_JALALI_MONTH_NAME(date),\n        year, GET_JALALI_YEAR(date),\n        data, IMPORT_FROM_SHEET(SheetsFileId_Accounting_Chalebagh, sheetName, dataRange),\n        filteredData, FILTER(data, INDEX(data,,2) = monthName, INDEX(data,,3) = year),\n        INDEX(filteredData,,5)\n      )\n    ),\n  result\n)\n	1		
تعداد فیش هرشب بجز سالن	B307		LET(\n  inputDate, AN,\n  sheetName, "اهداف فروش",\n  dataRange, "A:G",\n  result,\n    IF(\n      ISBLANK(inputDate),\n      "",\n      LET(\n        date, GREG_TO_JALALI(inputDate),\n        monthName, GET_JALALI_MONTH_NAME(date),\n        year, GET_JALALI_YEAR(date),\n        data, IMPORT_FROM_SHEET(SheetsFileId_Accounting_Chalebagh, sheetName, dataRange),\n        filteredData, FILTER(data, INDEX(data,,2) = monthName, INDEX(data,,3) = year),\n        INDEX(filteredData,,5)\n      )\n    ),\n  result\n)\n	1		
تعداد فیش هرشب بجز سالن	B308		LET(\n  inputDate, AN,\n  sheetName, "اهداف فروش",\n  dataRange, "A:G",\n  result,\n    IF(\n      ISBLANK(inputDate),\n      "",\n      LET(\n        date, GREG_TO_JALALI(inputDate),\n        monthName, GET_JALALI_MONTH_NAME(date),\n        year, GET_JALALI_YEAR(date),\n        data, IMPORT_FROM_SHEET(SheetsFileId_Accounting_Chalebagh, sheetName, dataRange),\n        filteredData, FILTER(data, INDEX(data,,2) = monthName, INDEX(data,,3) = year),\n        INDEX(filteredData,,5)\n      )\n    ),\n  result\n)\n	1		
تعداد فیش هرشب بجز سالن	B309		LET(\n  inputDate, AN,\n  sheetName, "اهداف فروش",\n  dataRange, "A:G",\n  result,\n    IF(\n      ISBLANK(inputDate),\n      "",\n      LET(\n        date, GREG_TO_JALALI(inputDate),\n        monthName, GET_JALALI_MONTH_NAME(date),\n        year, GET_JALALI_YEAR(date),\n        data, IMPORT_FROM_SHEET(SheetsFileId_Accounting_Chalebagh, sheetName, dataRange),\n        filteredData, FILTER(data, INDEX(data,,2) = monthName, INDEX(data,,3) = year),\n        INDEX(filteredData,,5)\n      )\n    ),\n  result\n)\n	1		
تعداد فیش هرشب بجز سالن	B310		LET(\n  inputDate, AN,\n  sheetName, "اهداف فروش",\n  dataRange, "A:G",\n  result,\n    IF(\n      ISBLANK(inputDate),\n      "",\n      LET(\n        date, GREG_TO_JALALI(inputDate),\n        monthName, GET_JALALI_MONTH_NAME(date),\n        year, GET_JALALI_YEAR(date),\n        data, IMPORT_FROM_SHEET(SheetsFileId_Accounting_Chalebagh, sheetName, dataRange),\n        filteredData, FILTER(data, INDEX(data,,2) = monthName, INDEX(data,,3) = year),\n        INDEX(filteredData,,5)\n      )\n    ),\n  result\n)\n	1		
تعداد فیش هرشب بجز سالن	B311		LET(\n  inputDate, AN,\n  sheetName, "اهداف فروش",\n  dataRange, "A:G",\n  result,\n    IF(\n      ISBLANK(inputDate),\n      "",\n      LET(\n        date, GREG_TO_JALALI(inputDate),\n        monthName, GET_JALALI_MONTH_NAME(date),\n        year, GET_JALALI_YEAR(date),\n        data, IMPORT_FROM_SHEET(SheetsFileId_Accounting_Chalebagh, sheetName, dataRange),\n        filteredData, FILTER(data, INDEX(data,,2) = monthName, INDEX(data,,3) = year),\n        INDEX(filteredData,,5)\n      )\n    ),\n  result\n)\n	1		
تعداد فیش هرشب بجز سالن	B312		LET(\n  inputDate, AN,\n  sheetName, "اهداف فروش",\n  dataRange, "A:G",\n  result,\n    IF(\n      ISBLANK(inputDate),\n      "",\n      LET(\n        date, GREG_TO_JALALI(inputDate),\n        monthName, GET_JALALI_MONTH_NAME(date),\n        year, GET_JALALI_YEAR(date),\n        data, IMPORT_FROM_SHEET(SheetsFileId_Accounting_Chalebagh, sheetName, dataRange),\n        filteredData, FILTER(data, INDEX(data,,2) = monthName, INDEX(data,,3) = year),\n        INDEX(filteredData,,5)\n      )\n    ),\n  result\n)\n	1		
تعداد فیش هرشب بجز سالن	B313		LET(\n  inputDate, AN,\n  sheetName, "اهداف فروش",\n  dataRange, "A:G",\n  result,\n    IF(\n      ISBLANK(inputDate),\n      "",\n      LET(\n        date, GREG_TO_JALALI(inputDate),\n        monthName, GET_JALALI_MONTH_NAME(date),\n        year, GET_JALALI_YEAR(date),\n        data, IMPORT_FROM_SHEET(SheetsFileId_Accounting_Chalebagh, sheetName, dataRange),\n        filteredData, FILTER(data, INDEX(data,,2) = monthName, INDEX(data,,3) = year),\n        INDEX(filteredData,,5)\n      )\n    ),\n  result\n)\n	1		
تعداد فیش هرشب بجز سالن	B314		LET(\n  inputDate, AN,\n  sheetName, "اهداف فروش",\n  dataRange, "A:G",\n  result,\n    IF(\n      ISBLANK(inputDate),\n      "",\n      LET(\n        date, GREG_TO_JALALI(inputDate),\n        monthName, GET_JALALI_MONTH_NAME(date),\n        year, GET_JALALI_YEAR(date),\n        data, IMPORT_FROM_SHEET(SheetsFileId_Accounting_Chalebagh, sheetName, dataRange),\n        filteredData, FILTER(data, INDEX(data,,2) = monthName, INDEX(data,,3) = year),\n        INDEX(filteredData,,5)\n      )\n    ),\n  result\n)\n	1		
تعداد فیش هرشب بجز سالن	B315		LET(\n  inputDate, AN,\n  sheetName, "اهداف فروش",\n  dataRange, "A:G",\n  result,\n    IF(\n      ISBLANK(inputDate),\n      "",\n      LET(\n        date, GREG_TO_JALALI(inputDate),\n        monthName, GET_JALALI_MONTH_NAME(date),\n        year, GET_JALALI_YEAR(date),\n        data, IMPORT_FROM_SHEET(SheetsFileId_Accounting_Chalebagh, sheetName, dataRange),\n        filteredData, FILTER(data, INDEX(data,,2) = monthName, INDEX(data,,3) = year),\n        INDEX(filteredData,,5)\n      )\n    ),\n  result\n)\n	1		
تعداد فیش هرشب بجز سالن	B316		LET(\n  inputDate, AN,\n  sheetName, "اهداف فروش",\n  dataRange, "A:G",\n  result,\n    IF(\n      ISBLANK(inputDate),\n      "",\n      LET(\n        date, GREG_TO_JALALI(inputDate),\n        monthName, GET_JALALI_MONTH_NAME(date),\n        year, GET_JALALI_YEAR(date),\n        data, IMPORT_FROM_SHEET(SheetsFileId_Accounting_Chalebagh, sheetName, dataRange),\n        filteredData, FILTER(data, INDEX(data,,2) = monthName, INDEX(data,,3) = year),\n        INDEX(filteredData,,5)\n      )\n    ),\n  result\n)\n	1		
تعداد فیش هرشب بجز سالن	B317		LET(\n  inputDate, AN,\n  sheetName, "اهداف فروش",\n  dataRange, "A:G",\n  result,\n    IF(\n      ISBLANK(inputDate),\n      "",\n      LET(\n        date, GREG_TO_JALALI(inputDate),\n        monthName, GET_JALALI_MONTH_NAME(date),\n        year, GET_JALALI_YEAR(date),\n        data, IMPORT_FROM_SHEET(SheetsFileId_Accounting_Chalebagh, sheetName, dataRange),\n        filteredData, FILTER(data, INDEX(data,,2) = monthName, INDEX(data,,3) = year),\n        INDEX(filteredData,,5)\n      )\n    ),\n  result\n)\n	1		
تعداد فیش هرشب بجز سالن	B318		LET(\n  inputDate, AN,\n  sheetName, "اهداف فروش",\n  dataRange, "A:G",\n  result,\n    IF(\n      ISBLANK(inputDate),\n      "",\n      LET(\n        date, GREG_TO_JALALI(inputDate),\n        monthName, GET_JALALI_MONTH_NAME(date),\n        year, GET_JALALI_YEAR(date),\n        data, IMPORT_FROM_SHEET(SheetsFileId_Accounting_Chalebagh, sheetName, dataRange),\n        filteredData, FILTER(data, INDEX(data,,2) = monthName, INDEX(data,,3) = year),\n        INDEX(filteredData,,5)\n      )\n    ),\n  result\n)\n	1		
تعداد فیش هرشب بجز سالن	B319		LET(\n  inputDate, AN,\n  sheetName, "اهداف فروش",\n  dataRange, "A:G",\n  result,\n    IF(\n      ISBLANK(inputDate),\n      "",\n      LET(\n        date, GREG_TO_JALALI(inputDate),\n        monthName, GET_JALALI_MONTH_NAME(date),\n        year, GET_JALALI_YEAR(date),\n        data, IMPORT_FROM_SHEET(SheetsFileId_Accounting_Chalebagh, sheetName, dataRange),\n        filteredData, FILTER(data, INDEX(data,,2) = monthName, INDEX(data,,3) = year),\n        INDEX(filteredData,,5)\n      )\n    ),\n  result\n)\n	1		
تعداد فیش هرشب بجز سالن	B320		LET(\n  inputDate, AN,\n  sheetName, "اهداف فروش",\n  dataRange, "A:G",\n  result,\n    IF(\n      ISBLANK(inputDate),\n      "",\n      LET(\n        date, GREG_TO_JALALI(inputDate),\n        monthName, GET_JALALI_MONTH_NAME(date),\n        year, GET_JALALI_YEAR(date),\n        data, IMPORT_FROM_SHEET(SheetsFileId_Accounting_Chalebagh, sheetName, dataRange),\n        filteredData, FILTER(data, INDEX(data,,2) = monthName, INDEX(data,,3) = year),\n        INDEX(filteredData,,5)\n      )\n    ),\n  result\n)\n	1		
تعداد فیش هرشب بجز سالن	B321		LET(\n  inputDate, AN,\n  sheetName, "اهداف فروش",\n  dataRange, "A:G",\n  result,\n    IF(\n      ISBLANK(inputDate),\n      "",\n      LET(\n        date, GREG_TO_JALALI(inputDate),\n        monthName, GET_JALALI_MONTH_NAME(date),\n        year, GET_JALALI_YEAR(date),\n        data, IMPORT_FROM_SHEET(SheetsFileId_Accounting_Chalebagh, sheetName, dataRange),\n        filteredData, FILTER(data, INDEX(data,,2) = monthName, INDEX(data,,3) = year),\n        INDEX(filteredData,,5)\n      )\n    ),\n  result\n)\n	1		
تعداد فیش هرشب بجز سالن	B322		LET(\n  inputDate, AN,\n  sheetName, "اهداف فروش",\n  dataRange, "A:G",\n  result,\n    IF(\n      ISBLANK(inputDate),\n      "",\n      LET(\n        date, GREG_TO_JALALI(inputDate),\n        monthName, GET_JALALI_MONTH_NAME(date),\n        year, GET_JALALI_YEAR(date),\n        data, IMPORT_FROM_SHEET(SheetsFileId_Accounting_Chalebagh, sheetName, dataRange),\n        filteredData, FILTER(data, INDEX(data,,2) = monthName, INDEX(data,,3) = year),\n        INDEX(filteredData,,5)\n      )\n    ),\n  result\n)\n	1		
تعداد فیش هرشب بجز سالن	B323		LET(\n  inputDate, AN,\n  sheetName, "اهداف فروش",\n  dataRange, "A:G",\n  result,\n    IF(\n      ISBLANK(inputDate),\n      "",\n      LET(\n        date, GREG_TO_JALALI(inputDate),\n        monthName, GET_JALALI_MONTH_NAME(date),\n        year, GET_JALALI_YEAR(date),\n        data, IMPORT_FROM_SHEET(SheetsFileId_Accounting_Chalebagh, sheetName, dataRange),\n        filteredData, FILTER(data, INDEX(data,,2) = monthName, INDEX(data,,3) = year),\n        INDEX(filteredData,,5)\n      )\n    ),\n  result\n)\n	1		
تعداد فیش هرشب بجز سالن	B324		LET(\n  inputDate, AN,\n  sheetName, "اهداف فروش",\n  dataRange, "A:G",\n  result,\n    IF(\n      ISBLANK(inputDate),\n      "",\n      LET(\n        date, GREG_TO_JALALI(inputDate),\n        monthName, GET_JALALI_MONTH_NAME(date),\n        year, GET_JALALI_YEAR(date),\n        data, IMPORT_FROM_SHEET(SheetsFileId_Accounting_Chalebagh, sheetName, dataRange),\n        filteredData, FILTER(data, INDEX(data,,2) = monthName, INDEX(data,,3) = year),\n        INDEX(filteredData,,5)\n      )\n    ),\n  result\n)\n	1		
تعداد فیش هرشب بجز سالن	B325		LET(\n  inputDate, AN,\n  sheetName, "اهداف فروش",\n  dataRange, "A:G",\n  result,\n    IF(\n      ISBLANK(inputDate),\n      "",\n      LET(\n        date, GREG_TO_JALALI(inputDate),\n        monthName, GET_JALALI_MONTH_NAME(date),\n        year, GET_JALALI_YEAR(date),\n        data, IMPORT_FROM_SHEET(SheetsFileId_Accounting_Chalebagh, sheetName, dataRange),\n        filteredData, FILTER(data, INDEX(data,,2) = monthName, INDEX(data,,3) = year),\n        INDEX(filteredData,,5)\n      )\n    ),\n  result\n)\n	1		
تعداد فیش هرشب بجز سالن	B326		LET(\n  inputDate, AN,\n  sheetName, "اهداف فروش",\n  dataRange, "A:G",\n  result,\n    IF(\n      ISBLANK(inputDate),\n      "",\n      LET(\n        date, GREG_TO_JALALI(inputDate),\n        monthName, GET_JALALI_MONTH_NAME(date),\n        year, GET_JALALI_YEAR(date),\n        data, IMPORT_FROM_SHEET(SheetsFileId_Accounting_Chalebagh, sheetName, dataRange),\n        filteredData, FILTER(data, INDEX(data,,2) = monthName, INDEX(data,,3) = year),\n        INDEX(filteredData,,5)\n      )\n    ),\n  result\n)\n	1		
تعداد فیش هرشب بجز سالن	B327		LET(\n  inputDate, AN,\n  sheetName, "اهداف فروش",\n  dataRange, "A:G",\n  result,\n    IF(\n      ISBLANK(inputDate),\n      "",\n      LET(\n        date, GREG_TO_JALALI(inputDate),\n        monthName, GET_JALALI_MONTH_NAME(date),\n        year, GET_JALALI_YEAR(date),\n        data, IMPORT_FROM_SHEET(SheetsFileId_Accounting_Chalebagh, sheetName, dataRange),\n        filteredData, FILTER(data, INDEX(data,,2) = monthName, INDEX(data,,3) = year),\n        INDEX(filteredData,,5)\n      )\n    ),\n  result\n)\n	1		
تعداد فیش هرشب بجز سالن	B328		LET(\n  inputDate, AN,\n  sheetName, "اهداف فروش",\n  dataRange, "A:G",\n  result,\n    IF(\n      ISBLANK(inputDate),\n      "",\n      LET(\n        date, GREG_TO_JALALI(inputDate),\n        monthName, GET_JALALI_MONTH_NAME(date),\n        year, GET_JALALI_YEAR(date),\n        data, IMPORT_FROM_SHEET(SheetsFileId_Accounting_Chalebagh, sheetName, dataRange),\n        filteredData, FILTER(data, INDEX(data,,2) = monthName, INDEX(data,,3) = year),\n        INDEX(filteredData,,5)\n      )\n    ),\n  result\n)\n	1		
تعداد فیش هرشب بجز سالن	B329		LET(\n  inputDate, AN,\n  sheetName, "اهداف فروش",\n  dataRange, "A:G",\n  result,\n    IF(\n      ISBLANK(inputDate),\n      "",\n      LET(\n        date, GREG_TO_JALALI(inputDate),\n        monthName, GET_JALALI_MONTH_NAME(date),\n        year, GET_JALALI_YEAR(date),\n        data, IMPORT_FROM_SHEET(SheetsFileId_Accounting_Chalebagh, sheetName, dataRange),\n        filteredData, FILTER(data, INDEX(data,,2) = monthName, INDEX(data,,3) = year),\n        INDEX(filteredData,,5)\n      )\n    ),\n  result\n)\n	1		
تعداد فیش هرشب بجز سالن	B330		LET(\n  inputDate, AN,\n  sheetName, "اهداف فروش",\n  dataRange, "A:G",\n  result,\n    IF(\n      ISBLANK(inputDate),\n      "",\n      LET(\n        date, GREG_TO_JALALI(inputDate),\n        monthName, GET_JALALI_MONTH_NAME(date),\n        year, GET_JALALI_YEAR(date),\n        data, IMPORT_FROM_SHEET(SheetsFileId_Accounting_Chalebagh, sheetName, dataRange),\n        filteredData, FILTER(data, INDEX(data,,2) = monthName, INDEX(data,,3) = year),\n        INDEX(filteredData,,5)\n      )\n    ),\n  result\n)\n	1		
تعداد فیش هرشب بجز سالن	B331		LET(\n  inputDate, AN,\n  sheetName, "اهداف فروش",\n  dataRange, "A:G",\n  result,\n    IF(\n      ISBLANK(inputDate),\n      "",\n      LET(\n        date, GREG_TO_JALALI(inputDate),\n        monthName, GET_JALALI_MONTH_NAME(date),\n        year, GET_JALALI_YEAR(date),\n        data, IMPORT_FROM_SHEET(SheetsFileId_Accounting_Chalebagh, sheetName, dataRange),\n        filteredData, FILTER(data, INDEX(data,,2) = monthName, INDEX(data,,3) = year),\n        INDEX(filteredData,,5)\n      )\n    ),\n  result\n)\n	1		
تعداد فیش هرشب بجز سالن	B332		LET(\n  inputDate, AN,\n  sheetName, "اهداف فروش",\n  dataRange, "A:G",\n  result,\n    IF(\n      ISBLANK(inputDate),\n      "",\n      LET(\n        date, GREG_TO_JALALI(inputDate),\n        monthName, GET_JALALI_MONTH_NAME(date),\n        year, GET_JALALI_YEAR(date),\n        data, IMPORT_FROM_SHEET(SheetsFileId_Accounting_Chalebagh, sheetName, dataRange),\n        filteredData, FILTER(data, INDEX(data,,2) = monthName, INDEX(data,,3) = year),\n        INDEX(filteredData,,5)\n      )\n    ),\n  result\n)\n	1		
تعداد فیش هرشب بجز سالن	B333		LET(\n  inputDate, AN,\n  sheetName, "اهداف فروش",\n  dataRange, "A:G",\n  result,\n    IF(\n      ISBLANK(inputDate),\n      "",\n      LET(\n        date, GREG_TO_JALALI(inputDate),\n        monthName, GET_JALALI_MONTH_NAME(date),\n        year, GET_JALALI_YEAR(date),\n        data, IMPORT_FROM_SHEET(SheetsFileId_Accounting_Chalebagh, sheetName, dataRange),\n        filteredData, FILTER(data, INDEX(data,,2) = monthName, INDEX(data,,3) = year),\n        INDEX(filteredData,,5)\n      )\n    ),\n  result\n)\n	1		
تعداد فیش هرشب بجز سالن	B334		LET(\n  inputDate, AN,\n  sheetName, "اهداف فروش",\n  dataRange, "A:G",\n  result,\n    IF(\n      ISBLANK(inputDate),\n      "",\n      LET(\n        date, GREG_TO_JALALI(inputDate),\n        monthName, GET_JALALI_MONTH_NAME(date),\n        year, GET_JALALI_YEAR(date),\n        data, IMPORT_FROM_SHEET(SheetsFileId_Accounting_Chalebagh, sheetName, dataRange),\n        filteredData, FILTER(data, INDEX(data,,2) = monthName, INDEX(data,,3) = year),\n        INDEX(filteredData,,5)\n      )\n    ),\n  result\n)\n	1		
تعداد فیش هرشب بجز سالن	B335		LET(\n  inputDate, AN,\n  sheetName, "اهداف فروش",\n  dataRange, "A:G",\n  result,\n    IF(\n      ISBLANK(inputDate),\n      "",\n      LET(\n        date, GREG_TO_JALALI(inputDate),\n        monthName, GET_JALALI_MONTH_NAME(date),\n        year, GET_JALALI_YEAR(date),\n        data, IMPORT_FROM_SHEET(SheetsFileId_Accounting_Chalebagh, sheetName, dataRange),\n        filteredData, FILTER(data, INDEX(data,,2) = monthName, INDEX(data,,3) = year),\n        INDEX(filteredData,,5)\n      )\n    ),\n  result\n)\n	1		
تعداد فیش هرشب بجز سالن	B336		LET(\n  inputDate, AN,\n  sheetName, "اهداف فروش",\n  dataRange, "A:G",\n  result,\n    IF(\n      ISBLANK(inputDate),\n      "",\n      LET(\n        date, GREG_TO_JALALI(inputDate),\n        monthName, GET_JALALI_MONTH_NAME(date),\n        year, GET_JALALI_YEAR(date),\n        data, IMPORT_FROM_SHEET(SheetsFileId_Accounting_Chalebagh, sheetName, dataRange),\n        filteredData, FILTER(data, INDEX(data,,2) = monthName, INDEX(data,,3) = year),\n        INDEX(filteredData,,5)\n      )\n    ),\n  result\n)\n	1		
تعداد فیش هرشب بجز سالن	B337		LET(\n  inputDate, AN,\n  sheetName, "اهداف فروش",\n  dataRange, "A:G",\n  result,\n    IF(\n      ISBLANK(inputDate),\n      "",\n      LET(\n        date, GREG_TO_JALALI(inputDate),\n        monthName, GET_JALALI_MONTH_NAME(date),\n        year, GET_JALALI_YEAR(date),\n        data, IMPORT_FROM_SHEET(SheetsFileId_Accounting_Chalebagh, sheetName, dataRange),\n        filteredData, FILTER(data, INDEX(data,,2) = monthName, INDEX(data,,3) = year),\n        INDEX(filteredData,,5)\n      )\n    ),\n  result\n)\n	1		
تعداد فیش هرشب بجز سالن	B338		LET(\n  inputDate, AN,\n  sheetName, "اهداف فروش",\n  dataRange, "A:G",\n  result,\n    IF(\n      ISBLANK(inputDate),\n      "",\n      LET(\n        date, GREG_TO_JALALI(inputDate),\n        monthName, GET_JALALI_MONTH_NAME(date),\n        year, GET_JALALI_YEAR(date),\n        data, IMPORT_FROM_SHEET(SheetsFileId_Accounting_Chalebagh, sheetName, dataRange),\n        filteredData, FILTER(data, INDEX(data,,2) = monthName, INDEX(data,,3) = year),\n        INDEX(filteredData,,5)\n      )\n    ),\n  result\n)\n	1		
تعداد فیش هرشب بجز سالن	B339		LET(\n  inputDate, AN,\n  sheetName, "اهداف فروش",\n  dataRange, "A:G",\n  result,\n    IF(\n      ISBLANK(inputDate),\n      "",\n      LET(\n        date, GREG_TO_JALALI(inputDate),\n        monthName, GET_JALALI_MONTH_NAME(date),\n        year, GET_JALALI_YEAR(date),\n        data, IMPORT_FROM_SHEET(SheetsFileId_Accounting_Chalebagh, sheetName, dataRange),\n        filteredData, FILTER(data, INDEX(data,,2) = monthName, INDEX(data,,3) = year),\n        INDEX(filteredData,,5)\n      )\n    ),\n  result\n)\n	1		
تعداد فیش هرشب بجز سالن	B340		LET(\n  inputDate, AN,\n  sheetName, "اهداف فروش",\n  dataRange, "A:G",\n  result,\n    IF(\n      ISBLANK(inputDate),\n      "",\n      LET(\n        date, GREG_TO_JALALI(inputDate),\n        monthName, GET_JALALI_MONTH_NAME(date),\n        year, GET_JALALI_YEAR(date),\n        data, IMPORT_FROM_SHEET(SheetsFileId_Accounting_Chalebagh, sheetName, dataRange),\n        filteredData, FILTER(data, INDEX(data,,2) = monthName, INDEX(data,,3) = year),\n        INDEX(filteredData,,5)\n      )\n    ),\n  result\n)\n	1		
تعداد فیش هرشب بجز سالن	B341		LET(\n  inputDate, AN,\n  sheetName, "اهداف فروش",\n  dataRange, "A:G",\n  result,\n    IF(\n      ISBLANK(inputDate),\n      "",\n      LET(\n        date, GREG_TO_JALALI(inputDate),\n        monthName, GET_JALALI_MONTH_NAME(date),\n        year, GET_JALALI_YEAR(date),\n        data, IMPORT_FROM_SHEET(SheetsFileId_Accounting_Chalebagh, sheetName, dataRange),\n        filteredData, FILTER(data, INDEX(data,,2) = monthName, INDEX(data,,3) = year),\n        INDEX(filteredData,,5)\n      )\n    ),\n  result\n)\n	1		
تعداد فیش هرشب بجز سالن	B342		LET(\n  inputDate, AN,\n  sheetName, "اهداف فروش",\n  dataRange, "A:G",\n  result,\n    IF(\n      ISBLANK(inputDate),\n      "",\n      LET(\n        date, GREG_TO_JALALI(inputDate),\n        monthName, GET_JALALI_MONTH_NAME(date),\n        year, GET_JALALI_YEAR(date),\n        data, IMPORT_FROM_SHEET(SheetsFileId_Accounting_Chalebagh, sheetName, dataRange),\n        filteredData, FILTER(data, INDEX(data,,2) = monthName, INDEX(data,,3) = year),\n        INDEX(filteredData,,5)\n      )\n    ),\n  result\n)\n	1		
تعداد فیش هرشب بجز سالن	B343		LET(\n  inputDate, AN,\n  sheetName, "اهداف فروش",\n  dataRange, "A:G",\n  result,\n    IF(\n      ISBLANK(inputDate),\n      "",\n      LET(\n        date, GREG_TO_JALALI(inputDate),\n        monthName, GET_JALALI_MONTH_NAME(date),\n        year, GET_JALALI_YEAR(date),\n        data, IMPORT_FROM_SHEET(SheetsFileId_Accounting_Chalebagh, sheetName, dataRange),\n        filteredData, FILTER(data, INDEX(data,,2) = monthName, INDEX(data,,3) = year),\n        INDEX(filteredData,,5)\n      )\n    ),\n  result\n)\n	1		
تعداد فیش هرشب بجز سالن	B344		LET(\n  inputDate, AN,\n  sheetName, "اهداف فروش",\n  dataRange, "A:G",\n  result,\n    IF(\n      ISBLANK(inputDate),\n      "",\n      LET(\n        date, GREG_TO_JALALI(inputDate),\n        monthName, GET_JALALI_MONTH_NAME(date),\n        year, GET_JALALI_YEAR(date),\n        data, IMPORT_FROM_SHEET(SheetsFileId_Accounting_Chalebagh, sheetName, dataRange),\n        filteredData, FILTER(data, INDEX(data,,2) = monthName, INDEX(data,,3) = year),\n        INDEX(filteredData,,5)\n      )\n    ),\n  result\n)\n	1		
تعداد فیش هرشب بجز سالن	B345		LET(\n  inputDate, AN,\n  sheetName, "اهداف فروش",\n  dataRange, "A:G",\n  result,\n    IF(\n      ISBLANK(inputDate),\n      "",\n      LET(\n        date, GREG_TO_JALALI(inputDate),\n        monthName, GET_JALALI_MONTH_NAME(date),\n        year, GET_JALALI_YEAR(date),\n        data, IMPORT_FROM_SHEET(SheetsFileId_Accounting_Chalebagh, sheetName, dataRange),\n        filteredData, FILTER(data, INDEX(data,,2) = monthName, INDEX(data,,3) = year),\n        INDEX(filteredData,,5)\n      )\n    ),\n  result\n)\n	1		
تعداد فیش هرشب بجز سالن	B346		LET(\n  inputDate, AN,\n  sheetName, "اهداف فروش",\n  dataRange, "A:G",\n  result,\n    IF(\n      ISBLANK(inputDate),\n      "",\n      LET(\n        date, GREG_TO_JALALI(inputDate),\n        monthName, GET_JALALI_MONTH_NAME(date),\n        year, GET_JALALI_YEAR(date),\n        data, IMPORT_FROM_SHEET(SheetsFileId_Accounting_Chalebagh, sheetName, dataRange),\n        filteredData, FILTER(data, INDEX(data,,2) = monthName, INDEX(data,,3) = year),\n        INDEX(filteredData,,5)\n      )\n    ),\n  result\n)\n	1		
تعداد فیش هرشب بجز سالن	B347		LET(\n  inputDate, AN,\n  sheetName, "اهداف فروش",\n  dataRange, "A:G",\n  result,\n    IF(\n      ISBLANK(inputDate),\n      "",\n      LET(\n        date, GREG_TO_JALALI(inputDate),\n        monthName, GET_JALALI_MONTH_NAME(date),\n        year, GET_JALALI_YEAR(date),\n        data, IMPORT_FROM_SHEET(SheetsFileId_Accounting_Chalebagh, sheetName, dataRange),\n        filteredData, FILTER(data, INDEX(data,,2) = monthName, INDEX(data,,3) = year),\n        INDEX(filteredData,,5)\n      )\n    ),\n  result\n)\n	1		
تعداد فیش هرشب بجز سالن	B348		LET(\n  inputDate, AN,\n  sheetName, "اهداف فروش",\n  dataRange, "A:G",\n  result,\n    IF(\n      ISBLANK(inputDate),\n      "",\n      LET(\n        date, GREG_TO_JALALI(inputDate),\n        monthName, GET_JALALI_MONTH_NAME(date),\n        year, GET_JALALI_YEAR(date),\n        data, IMPORT_FROM_SHEET(SheetsFileId_Accounting_Chalebagh, sheetName, dataRange),\n        filteredData, FILTER(data, INDEX(data,,2) = monthName, INDEX(data,,3) = year),\n        INDEX(filteredData,,5)\n      )\n    ),\n  result\n)\n	1		
تعداد فیش هرشب بجز سالن	B349		LET(\n  inputDate, AN,\n  sheetName, "اهداف فروش",\n  dataRange, "A:G",\n  result,\n    IF(\n      ISBLANK(inputDate),\n      "",\n      LET(\n        date, GREG_TO_JALALI(inputDate),\n        monthName, GET_JALALI_MONTH_NAME(date),\n        year, GET_JALALI_YEAR(date),\n        data, IMPORT_FROM_SHEET(SheetsFileId_Accounting_Chalebagh, sheetName, dataRange),\n        filteredData, FILTER(data, INDEX(data,,2) = monthName, INDEX(data,,3) = year),\n        INDEX(filteredData,,5)\n      )\n    ),\n  result\n)\n	1		
تعداد فیش هرشب بجز سالن	B350		LET(\n  inputDate, AN,\n  sheetName, "اهداف فروش",\n  dataRange, "A:G",\n  result,\n    IF(\n      ISBLANK(inputDate),\n      "",\n      LET(\n        date, GREG_TO_JALALI(inputDate),\n        monthName, GET_JALALI_MONTH_NAME(date),\n        year, GET_JALALI_YEAR(date),\n        data, IMPORT_FROM_SHEET(SheetsFileId_Accounting_Chalebagh, sheetName, dataRange),\n        filteredData, FILTER(data, INDEX(data,,2) = monthName, INDEX(data,,3) = year),\n        INDEX(filteredData,,5)\n      )\n    ),\n  result\n)\n	1		
تعداد فیش هرشب بجز سالن	B351		LET(\n  inputDate, AN,\n  sheetName, "اهداف فروش",\n  dataRange, "A:G",\n  result,\n    IF(\n      ISBLANK(inputDate),\n      "",\n      LET(\n        date, GREG_TO_JALALI(inputDate),\n        monthName, GET_JALALI_MONTH_NAME(date),\n        year, GET_JALALI_YEAR(date),\n        data, IMPORT_FROM_SHEET(SheetsFileId_Accounting_Chalebagh, sheetName, dataRange),\n        filteredData, FILTER(data, INDEX(data,,2) = monthName, INDEX(data,,3) = year),\n        INDEX(filteredData,,5)\n      )\n    ),\n  result\n)\n	1		
تعداد فیش هرشب بجز سالن	B352		LET(\n  inputDate, AN,\n  sheetName, "اهداف فروش",\n  dataRange, "A:G",\n  result,\n    IF(\n      ISBLANK(inputDate),\n      "",\n      LET(\n        date, GREG_TO_JALALI(inputDate),\n        monthName, GET_JALALI_MONTH_NAME(date),\n        year, GET_JALALI_YEAR(date),\n        data, IMPORT_FROM_SHEET(SheetsFileId_Accounting_Chalebagh, sheetName, dataRange),\n        filteredData, FILTER(data, INDEX(data,,2) = monthName, INDEX(data,,3) = year),\n        INDEX(filteredData,,5)\n      )\n    ),\n  result\n)\n	1		
تعداد فیش هرشب بجز سالن	B353		LET(\n  inputDate, AN,\n  sheetName, "اهداف فروش",\n  dataRange, "A:G",\n  result,\n    IF(\n      ISBLANK(inputDate),\n      "",\n      LET(\n        date, GREG_TO_JALALI(inputDate),\n        monthName, GET_JALALI_MONTH_NAME(date),\n        year, GET_JALALI_YEAR(date),\n        data, IMPORT_FROM_SHEET(SheetsFileId_Accounting_Chalebagh, sheetName, dataRange),\n        filteredData, FILTER(data, INDEX(data,,2) = monthName, INDEX(data,,3) = year),\n        INDEX(filteredData,,5)\n      )\n    ),\n  result\n)\n	1		
تعداد فیش هرشب بجز سالن	B354		LET(\n  inputDate, AN,\n  sheetName, "اهداف فروش",\n  dataRange, "A:G",\n  result,\n    IF(\n      ISBLANK(inputDate),\n      "",\n      LET(\n        date, GREG_TO_JALALI(inputDate),\n        monthName, GET_JALALI_MONTH_NAME(date),\n        year, GET_JALALI_YEAR(date),\n        data, IMPORT_FROM_SHEET(SheetsFileId_Accounting_Chalebagh, sheetName, dataRange),\n        filteredData, FILTER(data, INDEX(data,,2) = monthName, INDEX(data,,3) = year),\n        INDEX(filteredData,,5)\n      )\n    ),\n  result\n)\n	1		
تعداد فیش هرشب بجز سالن	B355		LET(\n  inputDate, AN,\n  sheetName, "اهداف فروش",\n  dataRange, "A:G",\n  result,\n    IF(\n      ISBLANK(inputDate),\n      "",\n      LET(\n        date, GREG_TO_JALALI(inputDate),\n        monthName, GET_JALALI_MONTH_NAME(date),\n        year, GET_JALALI_YEAR(date),\n        data, IMPORT_FROM_SHEET(SheetsFileId_Accounting_Chalebagh, sheetName, dataRange),\n        filteredData, FILTER(data, INDEX(data,,2) = monthName, INDEX(data,,3) = year),\n        INDEX(filteredData,,5)\n      )\n    ),\n  result\n)\n	1		
تعداد فیش هرشب بجز سالن	B356		LET(\n  inputDate, AN,\n  sheetName, "اهداف فروش",\n  dataRange, "A:G",\n  result,\n    IF(\n      ISBLANK(inputDate),\n      "",\n      LET(\n        date, GREG_TO_JALALI(inputDate),\n        monthName, GET_JALALI_MONTH_NAME(date),\n        year, GET_JALALI_YEAR(date),\n        data, IMPORT_FROM_SHEET(SheetsFileId_Accounting_Chalebagh, sheetName, dataRange),\n        filteredData, FILTER(data, INDEX(data,,2) = monthName, INDEX(data,,3) = year),\n        INDEX(filteredData,,5)\n      )\n    ),\n  result\n)\n	1		
تعداد فیش هرشب بجز سالن	B357		LET(\n  inputDate, AN,\n  sheetName, "اهداف فروش",\n  dataRange, "A:G",\n  result,\n    IF(\n      ISBLANK(inputDate),\n      "",\n      LET(\n        date, GREG_TO_JALALI(inputDate),\n        monthName, GET_JALALI_MONTH_NAME(date),\n        year, GET_JALALI_YEAR(date),\n        data, IMPORT_FROM_SHEET(SheetsFileId_Accounting_Chalebagh, sheetName, dataRange),\n        filteredData, FILTER(data, INDEX(data,,2) = monthName, INDEX(data,,3) = year),\n        INDEX(filteredData,,5)\n      )\n    ),\n  result\n)\n	1		
تعداد فیش هرشب بجز سالن	B358		LET(\n  inputDate, AN,\n  sheetName, "اهداف فروش",\n  dataRange, "A:G",\n  result,\n    IF(\n      ISBLANK(inputDate),\n      "",\n      LET(\n        date, GREG_TO_JALALI(inputDate),\n        monthName, GET_JALALI_MONTH_NAME(date),\n        year, GET_JALALI_YEAR(date),\n        data, IMPORT_FROM_SHEET(SheetsFileId_Accounting_Chalebagh, sheetName, dataRange),\n        filteredData, FILTER(data, INDEX(data,,2) = monthName, INDEX(data,,3) = year),\n        INDEX(filteredData,,5)\n      )\n    ),\n  result\n)\n	1		
تعداد فیش هرشب بجز سالن	B359		LET(\n  inputDate, AN,\n  sheetName, "اهداف فروش",\n  dataRange, "A:G",\n  result,\n    IF(\n      ISBLANK(inputDate),\n      "",\n      LET(\n        date, GREG_TO_JALALI(inputDate),\n        monthName, GET_JALALI_MONTH_NAME(date),\n        year, GET_JALALI_YEAR(date),\n        data, IMPORT_FROM_SHEET(SheetsFileId_Accounting_Chalebagh, sheetName, dataRange),\n        filteredData, FILTER(data, INDEX(data,,2) = monthName, INDEX(data,,3) = year),\n        INDEX(filteredData,,5)\n      )\n    ),\n  result\n)\n	1		
تعداد فیش هرشب بجز سالن	B360		LET(\n  inputDate, AN,\n  sheetName, "اهداف فروش",\n  dataRange, "A:G",\n  result,\n    IF(\n      ISBLANK(inputDate),\n      "",\n      LET(\n        date, GREG_TO_JALALI(inputDate),\n        monthName, GET_JALALI_MONTH_NAME(date),\n        year, GET_JALALI_YEAR(date),\n        data, IMPORT_FROM_SHEET(SheetsFileId_Accounting_Chalebagh, sheetName, dataRange),\n        filteredData, FILTER(data, INDEX(data,,2) = monthName, INDEX(data,,3) = year),\n        INDEX(filteredData,,5)\n      )\n    ),\n  result\n)\n	1		
تعداد فیش هرشب بجز سالن	B361		LET(\n  inputDate, AN,\n  sheetName, "اهداف فروش",\n  dataRange, "A:G",\n  result,\n    IF(\n      ISBLANK(inputDate),\n      "",\n      LET(\n        date, GREG_TO_JALALI(inputDate),\n        monthName, GET_JALALI_MONTH_NAME(date),\n        year, GET_JALALI_YEAR(date),\n        data, IMPORT_FROM_SHEET(SheetsFileId_Accounting_Chalebagh, sheetName, dataRange),\n        filteredData, FILTER(data, INDEX(data,,2) = monthName, INDEX(data,,3) = year),\n        INDEX(filteredData,,5)\n      )\n    ),\n  result\n)\n	1		
تعداد فیش هرشب بجز سالن	B362		LET(\n  inputDate, AN,\n  sheetName, "اهداف فروش",\n  dataRange, "A:G",\n  result,\n    IF(\n      ISBLANK(inputDate),\n      "",\n      LET(\n        date, GREG_TO_JALALI(inputDate),\n        monthName, GET_JALALI_MONTH_NAME(date),\n        year, GET_JALALI_YEAR(date),\n        data, IMPORT_FROM_SHEET(SheetsFileId_Accounting_Chalebagh, sheetName, dataRange),\n        filteredData, FILTER(data, INDEX(data,,2) = monthName, INDEX(data,,3) = year),\n        INDEX(filteredData,,5)\n      )\n    ),\n  result\n)\n	1		
تعداد فیش هرشب بجز سالن	B363		LET(\n  inputDate, AN,\n  sheetName, "اهداف فروش",\n  dataRange, "A:G",\n  result,\n    IF(\n      ISBLANK(inputDate),\n      "",\n      LET(\n        date, GREG_TO_JALALI(inputDate),\n        monthName, GET_JALALI_MONTH_NAME(date),\n        year, GET_JALALI_YEAR(date),\n        data, IMPORT_FROM_SHEET(SheetsFileId_Accounting_Chalebagh, sheetName, dataRange),\n        filteredData, FILTER(data, INDEX(data,,2) = monthName, INDEX(data,,3) = year),\n        INDEX(filteredData,,5)\n      )\n    ),\n  result\n)\n	1		
تعداد فیش هرشب بجز سالن	B364		LET(\n  inputDate, AN,\n  sheetName, "اهداف فروش",\n  dataRange, "A:G",\n  result,\n    IF(\n      ISBLANK(inputDate),\n      "",\n      LET(\n        date, GREG_TO_JALALI(inputDate),\n        monthName, GET_JALALI_MONTH_NAME(date),\n        year, GET_JALALI_YEAR(date),\n        data, IMPORT_FROM_SHEET(SheetsFileId_Accounting_Chalebagh, sheetName, dataRange),\n        filteredData, FILTER(data, INDEX(data,,2) = monthName, INDEX(data,,3) = year),\n        INDEX(filteredData,,5)\n      )\n    ),\n  result\n)\n	1		
تعداد فیش هرشب بجز سالن	B365		LET(\n  inputDate, AN,\n  sheetName, "اهداف فروش",\n  dataRange, "A:G",\n  result,\n    IF(\n      ISBLANK(inputDate),\n      "",\n      LET(\n        date, GREG_TO_JALALI(inputDate),\n        monthName, GET_JALALI_MONTH_NAME(date),\n        year, GET_JALALI_YEAR(date),\n        data, IMPORT_FROM_SHEET(SheetsFileId_Accounting_Chalebagh, sheetName, dataRange),\n        filteredData, FILTER(data, INDEX(data,,2) = monthName, INDEX(data,,3) = year),\n        INDEX(filteredData,,5)\n      )\n    ),\n  result\n)\n	1		
تعداد فیش هرشب بجز سالن	B366		LET(\n  inputDate, AN,\n  sheetName, "اهداف فروش",\n  dataRange, "A:G",\n  result,\n    IF(\n      ISBLANK(inputDate),\n      "",\n      LET(\n        date, GREG_TO_JALALI(inputDate),\n        monthName, GET_JALALI_MONTH_NAME(date),\n        year, GET_JALALI_YEAR(date),\n        data, IMPORT_FROM_SHEET(SheetsFileId_Accounting_Chalebagh, sheetName, dataRange),\n        filteredData, FILTER(data, INDEX(data,,2) = monthName, INDEX(data,,3) = year),\n        INDEX(filteredData,,5)\n      )\n    ),\n  result\n)\n	1		
تعداد فیش هرشب بجز سالن	B367		LET(\n  inputDate, AN,\n  sheetName, "اهداف فروش",\n  dataRange, "A:G",\n  result,\n    IF(\n      ISBLANK(inputDate),\n      "",\n      LET(\n        date, GREG_TO_JALALI(inputDate),\n        monthName, GET_JALALI_MONTH_NAME(date),\n        year, GET_JALALI_YEAR(date),\n        data, IMPORT_FROM_SHEET(SheetsFileId_Accounting_Chalebagh, sheetName, dataRange),\n        filteredData, FILTER(data, INDEX(data,,2) = monthName, INDEX(data,,3) = year),\n        INDEX(filteredData,,5)\n      )\n    ),\n  result\n)\n	1		
تعداد فیش هرشب بجز سالن	B368		LET(\n  inputDate, AN,\n  sheetName, "اهداف فروش",\n  dataRange, "A:G",\n  result,\n    IF(\n      ISBLANK(inputDate),\n      "",\n      LET(\n        date, GREG_TO_JALALI(inputDate),\n        monthName, GET_JALALI_MONTH_NAME(date),\n        year, GET_JALALI_YEAR(date),\n        data, IMPORT_FROM_SHEET(SheetsFileId_Accounting_Chalebagh, sheetName, dataRange),\n        filteredData, FILTER(data, INDEX(data,,2) = monthName, INDEX(data,,3) = year),\n        INDEX(filteredData,,5)\n      )\n    ),\n  result\n)\n	1		
تعداد فیش هرشب بجز سالن	B369		LET(\n  inputDate, AN,\n  sheetName, "اهداف فروش",\n  dataRange, "A:G",\n  result,\n    IF(\n      ISBLANK(inputDate),\n      "",\n      LET(\n        date, GREG_TO_JALALI(inputDate),\n        monthName, GET_JALALI_MONTH_NAME(date),\n        year, GET_JALALI_YEAR(date),\n        data, IMPORT_FROM_SHEET(SheetsFileId_Accounting_Chalebagh, sheetName, dataRange),\n        filteredData, FILTER(data, INDEX(data,,2) = monthName, INDEX(data,,3) = year),\n        INDEX(filteredData,,5)\n      )\n    ),\n  result\n)\n	1		
تعداد فیش هرشب بجز سالن	B370		LET(\n  inputDate, AN,\n  sheetName, "اهداف فروش",\n  dataRange, "A:G",\n  result,\n    IF(\n      ISBLANK(inputDate),\n      "",\n      LET(\n        date, GREG_TO_JALALI(inputDate),\n        monthName, GET_JALALI_MONTH_NAME(date),\n        year, GET_JALALI_YEAR(date),\n        data, IMPORT_FROM_SHEET(SheetsFileId_Accounting_Chalebagh, sheetName, dataRange),\n        filteredData, FILTER(data, INDEX(data,,2) = monthName, INDEX(data,,3) = year),\n        INDEX(filteredData,,5)\n      )\n    ),\n  result\n)\n	1		
تعداد فیش هرشب بجز سالن	B371		LET(\n  inputDate, AN,\n  sheetName, "اهداف فروش",\n  dataRange, "A:G",\n  result,\n    IF(\n      ISBLANK(inputDate),\n      "",\n      LET(\n        date, GREG_TO_JALALI(inputDate),\n        monthName, GET_JALALI_MONTH_NAME(date),\n        year, GET_JALALI_YEAR(date),\n        data, IMPORT_FROM_SHEET(SheetsFileId_Accounting_Chalebagh, sheetName, dataRange),\n        filteredData, FILTER(data, INDEX(data,,2) = monthName, INDEX(data,,3) = year),\n        INDEX(filteredData,,5)\n      )\n    ),\n  result\n)\n	1		
تعداد فیش هرشب بجز سالن	B372		LET(\n  inputDate, AN,\n  sheetName, "اهداف فروش",\n  dataRange, "A:G",\n  result,\n    IF(\n      ISBLANK(inputDate),\n      "",\n      LET(\n        date, GREG_TO_JALALI(inputDate),\n        monthName, GET_JALALI_MONTH_NAME(date),\n        year, GET_JALALI_YEAR(date),\n        data, IMPORT_FROM_SHEET(SheetsFileId_Accounting_Chalebagh, sheetName, dataRange),\n        filteredData, FILTER(data, INDEX(data,,2) = monthName, INDEX(data,,3) = year),\n        INDEX(filteredData,,5)\n      )\n    ),\n  result\n)\n	1		
تعداد فیش هرشب بجز سالن	B373		LET(\n  inputDate, AN,\n  sheetName, "اهداف فروش",\n  dataRange, "A:G",\n  result,\n    IF(\n      ISBLANK(inputDate),\n      "",\n      LET(\n        date, GREG_TO_JALALI(inputDate),\n        monthName, GET_JALALI_MONTH_NAME(date),\n        year, GET_JALALI_YEAR(date),\n        data, IMPORT_FROM_SHEET(SheetsFileId_Accounting_Chalebagh, sheetName, dataRange),\n        filteredData, FILTER(data, INDEX(data,,2) = monthName, INDEX(data,,3) = year),\n        INDEX(filteredData,,5)\n      )\n    ),\n  result\n)\n	1		
تعداد فیش هرشب بجز سالن	B374		LET(\n  inputDate, AN,\n  sheetName, "اهداف فروش",\n  dataRange, "A:G",\n  result,\n    IF(\n      ISBLANK(inputDate),\n      "",\n      LET(\n        date, GREG_TO_JALALI(inputDate),\n        monthName, GET_JALALI_MONTH_NAME(date),\n        year, GET_JALALI_YEAR(date),\n        data, IMPORT_FROM_SHEET(SheetsFileId_Accounting_Chalebagh, sheetName, dataRange),\n        filteredData, FILTER(data, INDEX(data,,2) = monthName, INDEX(data,,3) = year),\n        INDEX(filteredData,,5)\n      )\n    ),\n  result\n)\n	1		
تعداد فیش هرشب بجز سالن	B375		LET(\n  inputDate, AN,\n  sheetName, "اهداف فروش",\n  dataRange, "A:G",\n  result,\n    IF(\n      ISBLANK(inputDate),\n      "",\n      LET(\n        date, GREG_TO_JALALI(inputDate),\n        monthName, GET_JALALI_MONTH_NAME(date),\n        year, GET_JALALI_YEAR(date),\n        data, IMPORT_FROM_SHEET(SheetsFileId_Accounting_Chalebagh, sheetName, dataRange),\n        filteredData, FILTER(data, INDEX(data,,2) = monthName, INDEX(data,,3) = year),\n        INDEX(filteredData,,5)\n      )\n    ),\n  result\n)\n	1		
تعداد فیش هرشب بجز سالن	B376		LET(\n  inputDate, AN,\n  sheetName, "اهداف فروش",\n  dataRange, "A:G",\n  result,\n    IF(\n      ISBLANK(inputDate),\n      "",\n      LET(\n        date, GREG_TO_JALALI(inputDate),\n        monthName, GET_JALALI_MONTH_NAME(date),\n        year, GET_JALALI_YEAR(date),\n        data, IMPORT_FROM_SHEET(SheetsFileId_Accounting_Chalebagh, sheetName, dataRange),\n        filteredData, FILTER(data, INDEX(data,,2) = monthName, INDEX(data,,3) = year),\n        INDEX(filteredData,,5)\n      )\n    ),\n  result\n)\n	1		
تعداد فیش هرشب بجز سالن	B377		LET(\n  inputDate, AN,\n  sheetName, "اهداف فروش",\n  dataRange, "A:G",\n  result,\n    IF(\n      ISBLANK(inputDate),\n      "",\n      LET(\n        date, GREG_TO_JALALI(inputDate),\n        monthName, GET_JALALI_MONTH_NAME(date),\n        year, GET_JALALI_YEAR(date),\n        data, IMPORT_FROM_SHEET(SheetsFileId_Accounting_Chalebagh, sheetName, dataRange),\n        filteredData, FILTER(data, INDEX(data,,2) = monthName, INDEX(data,,3) = year),\n        INDEX(filteredData,,5)\n      )\n    ),\n  result\n)\n	1		
تعداد فیش هرشب بجز سالن	B378		LET(\n  inputDate, AN,\n  sheetName, "اهداف فروش",\n  dataRange, "A:G",\n  result,\n    IF(\n      ISBLANK(inputDate),\n      "",\n      LET(\n        date, GREG_TO_JALALI(inputDate),\n        monthName, GET_JALALI_MONTH_NAME(date),\n        year, GET_JALALI_YEAR(date),\n        data, IMPORT_FROM_SHEET(SheetsFileId_Accounting_Chalebagh, sheetName, dataRange),\n        filteredData, FILTER(data, INDEX(data,,2) = monthName, INDEX(data,,3) = year),\n        INDEX(filteredData,,5)\n      )\n    ),\n  result\n)\n	1		
تعداد فیش هرشب بجز سالن	B379		LET(\n  inputDate, AN,\n  sheetName, "اهداف فروش",\n  dataRange, "A:G",\n  result,\n    IF(\n      ISBLANK(inputDate),\n      "",\n      LET(\n        date, GREG_TO_JALALI(inputDate),\n        monthName, GET_JALALI_MONTH_NAME(date),\n        year, GET_JALALI_YEAR(date),\n        data, IMPORT_FROM_SHEET(SheetsFileId_Accounting_Chalebagh, sheetName, dataRange),\n        filteredData, FILTER(data, INDEX(data,,2) = monthName, INDEX(data,,3) = year),\n        INDEX(filteredData,,5)\n      )\n    ),\n  result\n)\n	1		
تعداد فیش هرشب بجز سالن	B380		LET(\n  inputDate, AN,\n  sheetName, "اهداف فروش",\n  dataRange, "A:G",\n  result,\n    IF(\n      ISBLANK(inputDate),\n      "",\n      LET(\n        date, GREG_TO_JALALI(inputDate),\n        monthName, GET_JALALI_MONTH_NAME(date),\n        year, GET_JALALI_YEAR(date),\n        data, IMPORT_FROM_SHEET(SheetsFileId_Accounting_Chalebagh, sheetName, dataRange),\n        filteredData, FILTER(data, INDEX(data,,2) = monthName, INDEX(data,,3) = year),\n        INDEX(filteredData,,5)\n      )\n    ),\n  result\n)\n	1		
تعداد فیش هرشب بجز سالن	B381		LET(\n  inputDate, AN,\n  sheetName, "اهداف فروش",\n  dataRange, "A:G",\n  result,\n    IF(\n      ISBLANK(inputDate),\n      "",\n      LET(\n        date, GREG_TO_JALALI(inputDate),\n        monthName, GET_JALALI_MONTH_NAME(date),\n        year, GET_JALALI_YEAR(date),\n        data, IMPORT_FROM_SHEET(SheetsFileId_Accounting_Chalebagh, sheetName, dataRange),\n        filteredData, FILTER(data, INDEX(data,,2) = monthName, INDEX(data,,3) = year),\n        INDEX(filteredData,,5)\n      )\n    ),\n  result\n)\n	1		
تعداد فیش هرشب بجز سالن	B382		LET(\n  inputDate, AN,\n  sheetName, "اهداف فروش",\n  dataRange, "A:G",\n  result,\n    IF(\n      ISBLANK(inputDate),\n      "",\n      LET(\n        date, GREG_TO_JALALI(inputDate),\n        monthName, GET_JALALI_MONTH_NAME(date),\n        year, GET_JALALI_YEAR(date),\n        data, IMPORT_FROM_SHEET(SheetsFileId_Accounting_Chalebagh, sheetName, dataRange),\n        filteredData, FILTER(data, INDEX(data,,2) = monthName, INDEX(data,,3) = year),\n        INDEX(filteredData,,5)\n      )\n    ),\n  result\n)\n	1		
تعداد فیش هرشب بجز سالن	B383		LET(\n  inputDate, AN,\n  sheetName, "اهداف فروش",\n  dataRange, "A:G",\n  result,\n    IF(\n      ISBLANK(inputDate),\n      "",\n      LET(\n        date, GREG_TO_JALALI(inputDate),\n        monthName, GET_JALALI_MONTH_NAME(date),\n        year, GET_JALALI_YEAR(date),\n        data, IMPORT_FROM_SHEET(SheetsFileId_Accounting_Chalebagh, sheetName, dataRange),\n        filteredData, FILTER(data, INDEX(data,,2) = monthName, INDEX(data,,3) = year),\n        INDEX(filteredData,,5)\n      )\n    ),\n  result\n)\n	1		
تعداد فیش هرشب بجز سالن	B384		LET(\n  inputDate, AN,\n  sheetName, "اهداف فروش",\n  dataRange, "A:G",\n  result,\n    IF(\n      ISBLANK(inputDate),\n      "",\n      LET(\n        date, GREG_TO_JALALI(inputDate),\n        monthName, GET_JALALI_MONTH_NAME(date),\n        year, GET_JALALI_YEAR(date),\n        data, IMPORT_FROM_SHEET(SheetsFileId_Accounting_Chalebagh, sheetName, dataRange),\n        filteredData, FILTER(data, INDEX(data,,2) = monthName, INDEX(data,,3) = year),\n        INDEX(filteredData,,5)\n      )\n    ),\n  result\n)\n	1		
تعداد فیش هرشب بجز سالن	B385		LET(\n  inputDate, AN,\n  sheetName, "اهداف فروش",\n  dataRange, "A:G",\n  result,\n    IF(\n      ISBLANK(inputDate),\n      "",\n      LET(\n        date, GREG_TO_JALALI(inputDate),\n        monthName, GET_JALALI_MONTH_NAME(date),\n        year, GET_JALALI_YEAR(date),\n        data, IMPORT_FROM_SHEET(SheetsFileId_Accounting_Chalebagh, sheetName, dataRange),\n        filteredData, FILTER(data, INDEX(data,,2) = monthName, INDEX(data,,3) = year),\n        INDEX(filteredData,,5)\n      )\n    ),\n  result\n)\n	1		
تعداد فیش هرشب بجز سالن	B386		LET(\n  inputDate, AN,\n  sheetName, "اهداف فروش",\n  dataRange, "A:G",\n  result,\n    IF(\n      ISBLANK(inputDate),\n      "",\n      LET(\n        date, GREG_TO_JALALI(inputDate),\n        monthName, GET_JALALI_MONTH_NAME(date),\n        year, GET_JALALI_YEAR(date),\n        data, IMPORT_FROM_SHEET(SheetsFileId_Accounting_Chalebagh, sheetName, dataRange),\n        filteredData, FILTER(data, INDEX(data,,2) = monthName, INDEX(data,,3) = year),\n        INDEX(filteredData,,5)\n      )\n    ),\n  result\n)\n	1		
تعداد فیش هرشب بجز سالن	B387		LET(\n  inputDate, AN,\n  sheetName, "اهداف فروش",\n  dataRange, "A:G",\n  result,\n    IF(\n      ISBLANK(inputDate),\n      "",\n      LET(\n        date, GREG_TO_JALALI(inputDate),\n        monthName, GET_JALALI_MONTH_NAME(date),\n        year, GET_JALALI_YEAR(date),\n        data, IMPORT_FROM_SHEET(SheetsFileId_Accounting_Chalebagh, sheetName, dataRange),\n        filteredData, FILTER(data, INDEX(data,,2) = monthName, INDEX(data,,3) = year),\n        INDEX(filteredData,,5)\n      )\n    ),\n  result\n)\n	1		
تعداد فیش هرشب بجز سالن	B388		LET(\n  inputDate, AN,\n  sheetName, "اهداف فروش",\n  dataRange, "A:G",\n  result,\n    IF(\n      ISBLANK(inputDate),\n      "",\n      LET(\n        date, GREG_TO_JALALI(inputDate),\n        monthName, GET_JALALI_MONTH_NAME(date),\n        year, GET_JALALI_YEAR(date),\n        data, IMPORT_FROM_SHEET(SheetsFileId_Accounting_Chalebagh, sheetName, dataRange),\n        filteredData, FILTER(data, INDEX(data,,2) = monthName, INDEX(data,,3) = year),\n        INDEX(filteredData,,5)\n      )\n    ),\n  result\n)\n	1		
تعداد فیش هرشب بجز سالن	B389		LET(\n  inputDate, AN,\n  sheetName, "اهداف فروش",\n  dataRange, "A:G",\n  result,\n    IF(\n      ISBLANK(inputDate),\n      "",\n      LET(\n        date, GREG_TO_JALALI(inputDate),\n        monthName, GET_JALALI_MONTH_NAME(date),\n        year, GET_JALALI_YEAR(date),\n        data, IMPORT_FROM_SHEET(SheetsFileId_Accounting_Chalebagh, sheetName, dataRange),\n        filteredData, FILTER(data, INDEX(data,,2) = monthName, INDEX(data,,3) = year),\n        INDEX(filteredData,,5)\n      )\n    ),\n  result\n)\n	1		
تعداد فیش هرشب بجز سالن	B390		LET(\n  inputDate, AN,\n  sheetName, "اهداف فروش",\n  dataRange, "A:G",\n  result,\n    IF(\n      ISBLANK(inputDate),\n      "",\n      LET(\n        date, GREG_TO_JALALI(inputDate),\n        monthName, GET_JALALI_MONTH_NAME(date),\n        year, GET_JALALI_YEAR(date),\n        data, IMPORT_FROM_SHEET(SheetsFileId_Accounting_Chalebagh, sheetName, dataRange),\n        filteredData, FILTER(data, INDEX(data,,2) = monthName, INDEX(data,,3) = year),\n        INDEX(filteredData,,5)\n      )\n    ),\n  result\n)\n	1		
تعداد فیش هرشب بجز سالن	B391		LET(\n  inputDate, AN,\n  sheetName, "اهداف فروش",\n  dataRange, "A:G",\n  result,\n    IF(\n      ISBLANK(inputDate),\n      "",\n      LET(\n        date, GREG_TO_JALALI(inputDate),\n        monthName, GET_JALALI_MONTH_NAME(date),\n        year, GET_JALALI_YEAR(date),\n        data, IMPORT_FROM_SHEET(SheetsFileId_Accounting_Chalebagh, sheetName, dataRange),\n        filteredData, FILTER(data, INDEX(data,,2) = monthName, INDEX(data,,3) = year),\n        INDEX(filteredData,,5)\n      )\n    ),\n  result\n)\n	1		
تعداد فیش هرشب بجز سالن	B392		LET(\n  inputDate, AN,\n  sheetName, "اهداف فروش",\n  dataRange, "A:G",\n  result,\n    IF(\n      ISBLANK(inputDate),\n      "",\n      LET(\n        date, GREG_TO_JALALI(inputDate),\n        monthName, GET_JALALI_MONTH_NAME(date),\n        year, GET_JALALI_YEAR(date),\n        data, IMPORT_FROM_SHEET(SheetsFileId_Accounting_Chalebagh, sheetName, dataRange),\n        filteredData, FILTER(data, INDEX(data,,2) = monthName, INDEX(data,,3) = year),\n        INDEX(filteredData,,5)\n      )\n    ),\n  result\n)\n	1		
تعداد فیش هرشب بجز سالن	B393		LET(\n  inputDate, AN,\n  sheetName, "اهداف فروش",\n  dataRange, "A:G",\n  result,\n    IF(\n      ISBLANK(inputDate),\n      "",\n      LET(\n        date, GREG_TO_JALALI(inputDate),\n        monthName, GET_JALALI_MONTH_NAME(date),\n        year, GET_JALALI_YEAR(date),\n        data, IMPORT_FROM_SHEET(SheetsFileId_Accounting_Chalebagh, sheetName, dataRange),\n        filteredData, FILTER(data, INDEX(data,,2) = monthName, INDEX(data,,3) = year),\n        INDEX(filteredData,,5)\n      )\n    ),\n  result\n)\n	1		
تعداد فیش هرشب بجز سالن	B394		LET(\n  inputDate, AN,\n  sheetName, "اهداف فروش",\n  dataRange, "A:G",\n  result,\n    IF(\n      ISBLANK(inputDate),\n      "",\n      LET(\n        date, GREG_TO_JALALI(inputDate),\n        monthName, GET_JALALI_MONTH_NAME(date),\n        year, GET_JALALI_YEAR(date),\n        data, IMPORT_FROM_SHEET(SheetsFileId_Accounting_Chalebagh, sheetName, dataRange),\n        filteredData, FILTER(data, INDEX(data,,2) = monthName, INDEX(data,,3) = year),\n        INDEX(filteredData,,5)\n      )\n    ),\n  result\n)\n	1		
تعداد فیش هرشب بجز سالن	B395		LET(\n  inputDate, AN,\n  sheetName, "اهداف فروش",\n  dataRange, "A:G",\n  result,\n    IF(\n      ISBLANK(inputDate),\n      "",\n      LET(\n        date, GREG_TO_JALALI(inputDate),\n        monthName, GET_JALALI_MONTH_NAME(date),\n        year, GET_JALALI_YEAR(date),\n        data, IMPORT_FROM_SHEET(SheetsFileId_Accounting_Chalebagh, sheetName, dataRange),\n        filteredData, FILTER(data, INDEX(data,,2) = monthName, INDEX(data,,3) = year),\n        INDEX(filteredData,,5)\n      )\n    ),\n  result\n)\n	1		
تعداد فیش هرشب بجز سالن	B396		LET(\n  inputDate, AN,\n  sheetName, "اهداف فروش",\n  dataRange, "A:G",\n  result,\n    IF(\n      ISBLANK(inputDate),\n      "",\n      LET(\n        date, GREG_TO_JALALI(inputDate),\n        monthName, GET_JALALI_MONTH_NAME(date),\n        year, GET_JALALI_YEAR(date),\n        data, IMPORT_FROM_SHEET(SheetsFileId_Accounting_Chalebagh, sheetName, dataRange),\n        filteredData, FILTER(data, INDEX(data,,2) = monthName, INDEX(data,,3) = year),\n        INDEX(filteredData,,5)\n      )\n    ),\n  result\n)\n	1		
تعداد فیش هرشب بجز سالن	B397		LET(\n  inputDate, AN,\n  sheetName, "اهداف فروش",\n  dataRange, "A:G",\n  result,\n    IF(\n      ISBLANK(inputDate),\n      "",\n      LET(\n        date, GREG_TO_JALALI(inputDate),\n        monthName, GET_JALALI_MONTH_NAME(date),\n        year, GET_JALALI_YEAR(date),\n        data, IMPORT_FROM_SHEET(SheetsFileId_Accounting_Chalebagh, sheetName, dataRange),\n        filteredData, FILTER(data, INDEX(data,,2) = monthName, INDEX(data,,3) = year),\n        INDEX(filteredData,,5)\n      )\n    ),\n  result\n)\n	1		
تعداد فیش هرشب بجز سالن	B398		LET(\n  inputDate, AN,\n  sheetName, "اهداف فروش",\n  dataRange, "A:G",\n  result,\n    IF(\n      ISBLANK(inputDate),\n      "",\n      LET(\n        date, GREG_TO_JALALI(inputDate),\n        monthName, GET_JALALI_MONTH_NAME(date),\n        year, GET_JALALI_YEAR(date),\n        data, IMPORT_FROM_SHEET(SheetsFileId_Accounting_Chalebagh, sheetName, dataRange),\n        filteredData, FILTER(data, INDEX(data,,2) = monthName, INDEX(data,,3) = year),\n        INDEX(filteredData,,5)\n      )\n    ),\n  result\n)\n	1		
تعداد فیش هرشب بجز سالن	B399		LET(\n  inputDate, AN,\n  sheetName, "اهداف فروش",\n  dataRange, "A:G",\n  result,\n    IF(\n      ISBLANK(inputDate),\n      "",\n      LET(\n        date, GREG_TO_JALALI(inputDate),\n        monthName, GET_JALALI_MONTH_NAME(date),\n        year, GET_JALALI_YEAR(date),\n        data, IMPORT_FROM_SHEET(SheetsFileId_Accounting_Chalebagh, sheetName, dataRange),\n        filteredData, FILTER(data, INDEX(data,,2) = monthName, INDEX(data,,3) = year),\n        INDEX(filteredData,,5)\n      )\n    ),\n  result\n)\n	1		
تعداد فیش هرشب بجز سالن	B400		LET(\n  inputDate, AN,\n  sheetName, "اهداف فروش",\n  dataRange, "A:G",\n  result,\n    IF(\n      ISBLANK(inputDate),\n      "",\n      LET(\n        date, GREG_TO_JALALI(inputDate),\n        monthName, GET_JALALI_MONTH_NAME(date),\n        year, GET_JALALI_YEAR(date),\n        data, IMPORT_FROM_SHEET(SheetsFileId_Accounting_Chalebagh, sheetName, dataRange),\n        filteredData, FILTER(data, INDEX(data,,2) = monthName, INDEX(data,,3) = year),\n        INDEX(filteredData,,5)\n      )\n    ),\n  result\n)\n	1		
تعداد فیش هرشب بجز سالن	B401		LET(\n  inputDate, AN,\n  sheetName, "اهداف فروش",\n  dataRange, "A:G",\n  result,\n    IF(\n      ISBLANK(inputDate),\n      "",\n      LET(\n        date, GREG_TO_JALALI(inputDate),\n        monthName, GET_JALALI_MONTH_NAME(date),\n        year, GET_JALALI_YEAR(date),\n        data, IMPORT_FROM_SHEET(SheetsFileId_Accounting_Chalebagh, sheetName, dataRange),\n        filteredData, FILTER(data, INDEX(data,,2) = monthName, INDEX(data,,3) = year),\n        INDEX(filteredData,,5)\n      )\n    ),\n  result\n)\n	1		
تعداد فیش هرشب بجز سالن	B402		LET(\n  inputDate, AN,\n  sheetName, "اهداف فروش",\n  dataRange, "A:G",\n  result,\n    IF(\n      ISBLANK(inputDate),\n      "",\n      LET(\n        date, GREG_TO_JALALI(inputDate),\n        monthName, GET_JALALI_MONTH_NAME(date),\n        year, GET_JALALI_YEAR(date),\n        data, IMPORT_FROM_SHEET(SheetsFileId_Accounting_Chalebagh, sheetName, dataRange),\n        filteredData, FILTER(data, INDEX(data,,2) = monthName, INDEX(data,,3) = year),\n        INDEX(filteredData,,5)\n      )\n    ),\n  result\n)\n	1		
تعداد فیش هرشب بجز سالن	B403		LET(\n  inputDate, AN,\n  sheetName, "اهداف فروش",\n  dataRange, "A:G",\n  result,\n    IF(\n      ISBLANK(inputDate),\n      "",\n      LET(\n        date, GREG_TO_JALALI(inputDate),\n        monthName, GET_JALALI_MONTH_NAME(date),\n        year, GET_JALALI_YEAR(date),\n        data, IMPORT_FROM_SHEET(SheetsFileId_Accounting_Chalebagh, sheetName, dataRange),\n        filteredData, FILTER(data, INDEX(data,,2) = monthName, INDEX(data,,3) = year),\n        INDEX(filteredData,,5)\n      )\n    ),\n  result\n)\n	1		
تعداد فیش هرشب بجز سالن	B404		LET(\n  inputDate, AN,\n  sheetName, "اهداف فروش",\n  dataRange, "A:G",\n  result,\n    IF(\n      ISBLANK(inputDate),\n      "",\n      LET(\n        date, GREG_TO_JALALI(inputDate),\n        monthName, GET_JALALI_MONTH_NAME(date),\n        year, GET_JALALI_YEAR(date),\n        data, IMPORT_FROM_SHEET(SheetsFileId_Accounting_Chalebagh, sheetName, dataRange),\n        filteredData, FILTER(data, INDEX(data,,2) = monthName, INDEX(data,,3) = year),\n        INDEX(filteredData,,5)\n      )\n    ),\n  result\n)\n	1		
تعداد فیش هرشب بجز سالن	B405		LET(\n  inputDate, AN,\n  sheetName, "اهداف فروش",\n  dataRange, "A:G",\n  result,\n    IF(\n      ISBLANK(inputDate),\n      "",\n      LET(\n        date, GREG_TO_JALALI(inputDate),\n        monthName, GET_JALALI_MONTH_NAME(date),\n        year, GET_JALALI_YEAR(date),\n        data, IMPORT_FROM_SHEET(SheetsFileId_Accounting_Chalebagh, sheetName, dataRange),\n        filteredData, FILTER(data, INDEX(data,,2) = monthName, INDEX(data,,3) = year),\n        INDEX(filteredData,,5)\n      )\n    ),\n  result\n)\n	1		
تعداد فیش هرشب بجز سالن	B406		LET(\n  inputDate, AN,\n  sheetName, "اهداف فروش",\n  dataRange, "A:G",\n  result,\n    IF(\n      ISBLANK(inputDate),\n      "",\n      LET(\n        date, GREG_TO_JALALI(inputDate),\n        monthName, GET_JALALI_MONTH_NAME(date),\n        year, GET_JALALI_YEAR(date),\n        data, IMPORT_FROM_SHEET(SheetsFileId_Accounting_Chalebagh, sheetName, dataRange),\n        filteredData, FILTER(data, INDEX(data,,2) = monthName, INDEX(data,,3) = year),\n        INDEX(filteredData,,5)\n      )\n    ),\n  result\n)\n	1		
تعداد فیش هرشب بجز سالن	B407		LET(\n  inputDate, AN,\n  sheetName, "اهداف فروش",\n  dataRange, "A:G",\n  result,\n    IF(\n      ISBLANK(inputDate),\n      "",\n      LET(\n        date, GREG_TO_JALALI(inputDate),\n        monthName, GET_JALALI_MONTH_NAME(date),\n        year, GET_JALALI_YEAR(date),\n        data, IMPORT_FROM_SHEET(SheetsFileId_Accounting_Chalebagh, sheetName, dataRange),\n        filteredData, FILTER(data, INDEX(data,,2) = monthName, INDEX(data,,3) = year),\n        INDEX(filteredData,,5)\n      )\n    ),\n  result\n)\n	1		
تعداد فیش هرشب بجز سالن	B408		LET(\n  inputDate, AN,\n  sheetName, "اهداف فروش",\n  dataRange, "A:G",\n  result,\n    IF(\n      ISBLANK(inputDate),\n      "",\n      LET(\n        date, GREG_TO_JALALI(inputDate),\n        monthName, GET_JALALI_MONTH_NAME(date),\n        year, GET_JALALI_YEAR(date),\n        data, IMPORT_FROM_SHEET(SheetsFileId_Accounting_Chalebagh, sheetName, dataRange),\n        filteredData, FILTER(data, INDEX(data,,2) = monthName, INDEX(data,,3) = year),\n        INDEX(filteredData,,5)\n      )\n    ),\n  result\n)\n	1		
تعداد فیش هرشب بجز سالن	B409		LET(\n  inputDate, AN,\n  sheetName, "اهداف فروش",\n  dataRange, "A:G",\n  result,\n    IF(\n      ISBLANK(inputDate),\n      "",\n      LET(\n        date, GREG_TO_JALALI(inputDate),\n        monthName, GET_JALALI_MONTH_NAME(date),\n        year, GET_JALALI_YEAR(date),\n        data, IMPORT_FROM_SHEET(SheetsFileId_Accounting_Chalebagh, sheetName, dataRange),\n        filteredData, FILTER(data, INDEX(data,,2) = monthName, INDEX(data,,3) = year),\n        INDEX(filteredData,,5)\n      )\n    ),\n  result\n)\n	1		
تعداد فیش هرشب بجز سالن	B410		LET(\n  inputDate, AN,\n  sheetName, "اهداف فروش",\n  dataRange, "A:G",\n  result,\n    IF(\n      ISBLANK(inputDate),\n      "",\n      LET(\n        date, GREG_TO_JALALI(inputDate),\n        monthName, GET_JALALI_MONTH_NAME(date),\n        year, GET_JALALI_YEAR(date),\n        data, IMPORT_FROM_SHEET(SheetsFileId_Accounting_Chalebagh, sheetName, dataRange),\n        filteredData, FILTER(data, INDEX(data,,2) = monthName, INDEX(data,,3) = year),\n        INDEX(filteredData,,5)\n      )\n    ),\n  result\n)\n	1		
تعداد فیش هرشب بجز سالن	B411		LET(\n  inputDate, AN,\n  sheetName, "اهداف فروش",\n  dataRange, "A:G",\n  result,\n    IF(\n      ISBLANK(inputDate),\n      "",\n      LET(\n        date, GREG_TO_JALALI(inputDate),\n        monthName, GET_JALALI_MONTH_NAME(date),\n        year, GET_JALALI_YEAR(date),\n        data, IMPORT_FROM_SHEET(SheetsFileId_Accounting_Chalebagh, sheetName, dataRange),\n        filteredData, FILTER(data, INDEX(data,,2) = monthName, INDEX(data,,3) = year),\n        INDEX(filteredData,,5)\n      )\n    ),\n  result\n)\n	1		
تعداد فیش هرشب بجز سالن	B412		LET(\n  inputDate, AN,\n  sheetName, "اهداف فروش",\n  dataRange, "A:G",\n  result,\n    IF(\n      ISBLANK(inputDate),\n      "",\n      LET(\n        date, GREG_TO_JALALI(inputDate),\n        monthName, GET_JALALI_MONTH_NAME(date),\n        year, GET_JALALI_YEAR(date),\n        data, IMPORT_FROM_SHEET(SheetsFileId_Accounting_Chalebagh, sheetName, dataRange),\n        filteredData, FILTER(data, INDEX(data,,2) = monthName, INDEX(data,,3) = year),\n        INDEX(filteredData,,5)\n      )\n    ),\n  result\n)\n	1		
تعداد فیش هرشب بجز سالن	B413		LET(\n  inputDate, AN,\n  sheetName, "اهداف فروش",\n  dataRange, "A:G",\n  result,\n    IF(\n      ISBLANK(inputDate),\n      "",\n      LET(\n        date, GREG_TO_JALALI(inputDate),\n        monthName, GET_JALALI_MONTH_NAME(date),\n        year, GET_JALALI_YEAR(date),\n        data, IMPORT_FROM_SHEET(SheetsFileId_Accounting_Chalebagh, sheetName, dataRange),\n        filteredData, FILTER(data, INDEX(data,,2) = monthName, INDEX(data,,3) = year),\n        INDEX(filteredData,,5)\n      )\n    ),\n  result\n)\n	1		
تعداد فیش هرشب بجز سالن	B414		LET(\n  inputDate, AN,\n  sheetName, "اهداف فروش",\n  dataRange, "A:G",\n  result,\n    IF(\n      ISBLANK(inputDate),\n      "",\n      LET(\n        date, GREG_TO_JALALI(inputDate),\n        monthName, GET_JALALI_MONTH_NAME(date),\n        year, GET_JALALI_YEAR(date),\n        data, IMPORT_FROM_SHEET(SheetsFileId_Accounting_Chalebagh, sheetName, dataRange),\n        filteredData, FILTER(data, INDEX(data,,2) = monthName, INDEX(data,,3) = year),\n        INDEX(filteredData,,5)\n      )\n    ),\n  result\n)\n	1		
تعداد فیش هرشب بجز سالن	B415		LET(\n  inputDate, AN,\n  sheetName, "اهداف فروش",\n  dataRange, "A:G",\n  result,\n    IF(\n      ISBLANK(inputDate),\n      "",\n      LET(\n        date, GREG_TO_JALALI(inputDate),\n        monthName, GET_JALALI_MONTH_NAME(date),\n        year, GET_JALALI_YEAR(date),\n        data, IMPORT_FROM_SHEET(SheetsFileId_Accounting_Chalebagh, sheetName, dataRange),\n        filteredData, FILTER(data, INDEX(data,,2) = monthName, INDEX(data,,3) = year),\n        INDEX(filteredData,,5)\n      )\n    ),\n  result\n)\n	1		
تعداد فیش هرشب بجز سالن	B416		LET(\n  inputDate, AN,\n  sheetName, "اهداف فروش",\n  dataRange, "A:G",\n  result,\n    IF(\n      ISBLANK(inputDate),\n      "",\n      LET(\n        date, GREG_TO_JALALI(inputDate),\n        monthName, GET_JALALI_MONTH_NAME(date),\n        year, GET_JALALI_YEAR(date),\n        data, IMPORT_FROM_SHEET(SheetsFileId_Accounting_Chalebagh, sheetName, dataRange),\n        filteredData, FILTER(data, INDEX(data,,2) = monthName, INDEX(data,,3) = year),\n        INDEX(filteredData,,5)\n      )\n    ),\n  result\n)\n	1		
تعداد فیش هرشب بجز سالن	B417		LET(\n  inputDate, AN,\n  sheetName, "اهداف فروش",\n  dataRange, "A:G",\n  result,\n    IF(\n      ISBLANK(inputDate),\n      "",\n      LET(\n        date, GREG_TO_JALALI(inputDate),\n        monthName, GET_JALALI_MONTH_NAME(date),\n        year, GET_JALALI_YEAR(date),\n        data, IMPORT_FROM_SHEET(SheetsFileId_Accounting_Chalebagh, sheetName, dataRange),\n        filteredData, FILTER(data, INDEX(data,,2) = monthName, INDEX(data,,3) = year),\n        INDEX(filteredData,,5)\n      )\n    ),\n  result\n)\n	1		
تعداد فیش هرشب بجز سالن	B418		LET(\n  inputDate, AN,\n  sheetName, "اهداف فروش",\n  dataRange, "A:G",\n  result,\n    IF(\n      ISBLANK(inputDate),\n      "",\n      LET(\n        date, GREG_TO_JALALI(inputDate),\n        monthName, GET_JALALI_MONTH_NAME(date),\n        year, GET_JALALI_YEAR(date),\n        data, IMPORT_FROM_SHEET(SheetsFileId_Accounting_Chalebagh, sheetName, dataRange),\n        filteredData, FILTER(data, INDEX(data,,2) = monthName, INDEX(data,,3) = year),\n        INDEX(filteredData,,5)\n      )\n    ),\n  result\n)\n	1		
تعداد فیش هرشب بجز سالن	B419		LET(\n  inputDate, AN,\n  sheetName, "اهداف فروش",\n  dataRange, "A:G",\n  result,\n    IF(\n      ISBLANK(inputDate),\n      "",\n      LET(\n        date, GREG_TO_JALALI(inputDate),\n        monthName, GET_JALALI_MONTH_NAME(date),\n        year, GET_JALALI_YEAR(date),\n        data, IMPORT_FROM_SHEET(SheetsFileId_Accounting_Chalebagh, sheetName, dataRange),\n        filteredData, FILTER(data, INDEX(data,,2) = monthName, INDEX(data,,3) = year),\n        INDEX(filteredData,,5)\n      )\n    ),\n  result\n)\n	1		
تعداد فیش هرشب بجز سالن	B420		LET(\n  inputDate, AN,\n  sheetName, "اهداف فروش",\n  dataRange, "A:G",\n  result,\n    IF(\n      ISBLANK(inputDate),\n      "",\n      LET(\n        date, GREG_TO_JALALI(inputDate),\n        monthName, GET_JALALI_MONTH_NAME(date),\n        year, GET_JALALI_YEAR(date),\n        data, IMPORT_FROM_SHEET(SheetsFileId_Accounting_Chalebagh, sheetName, dataRange),\n        filteredData, FILTER(data, INDEX(data,,2) = monthName, INDEX(data,,3) = year),\n        INDEX(filteredData,,5)\n      )\n    ),\n  result\n)\n	1		
تعداد فیش هرشب بجز سالن	B421		LET(\n  inputDate, AN,\n  sheetName, "اهداف فروش",\n  dataRange, "A:G",\n  result,\n    IF(\n      ISBLANK(inputDate),\n      "",\n      LET(\n        date, GREG_TO_JALALI(inputDate),\n        monthName, GET_JALALI_MONTH_NAME(date),\n        year, GET_JALALI_YEAR(date),\n        data, IMPORT_FROM_SHEET(SheetsFileId_Accounting_Chalebagh, sheetName, dataRange),\n        filteredData, FILTER(data, INDEX(data,,2) = monthName, INDEX(data,,3) = year),\n        INDEX(filteredData,,5)\n      )\n    ),\n  result\n)\n	1		
تعداد فیش هرشب بجز سالن	B422		LET(\n  inputDate, AN,\n  sheetName, "اهداف فروش",\n  dataRange, "A:G",\n  result,\n    IF(\n      ISBLANK(inputDate),\n      "",\n      LET(\n        date, GREG_TO_JALALI(inputDate),\n        monthName, GET_JALALI_MONTH_NAME(date),\n        year, GET_JALALI_YEAR(date),\n        data, IMPORT_FROM_SHEET(SheetsFileId_Accounting_Chalebagh, sheetName, dataRange),\n        filteredData, FILTER(data, INDEX(data,,2) = monthName, INDEX(data,,3) = year),\n        INDEX(filteredData,,5)\n      )\n    ),\n  result\n)\n	1		
تعداد فیش هرشب بجز سالن	B423		LET(\n  inputDate, AN,\n  sheetName, "اهداف فروش",\n  dataRange, "A:G",\n  result,\n    IF(\n      ISBLANK(inputDate),\n      "",\n      LET(\n        date, GREG_TO_JALALI(inputDate),\n        monthName, GET_JALALI_MONTH_NAME(date),\n        year, GET_JALALI_YEAR(date),\n        data, IMPORT_FROM_SHEET(SheetsFileId_Accounting_Chalebagh, sheetName, dataRange),\n        filteredData, FILTER(data, INDEX(data,,2) = monthName, INDEX(data,,3) = year),\n        INDEX(filteredData,,5)\n      )\n    ),\n  result\n)\n	1		
تعداد فیش هرشب بجز سالن	B424		LET(\n  inputDate, AN,\n  sheetName, "اهداف فروش",\n  dataRange, "A:G",\n  result,\n    IF(\n      ISBLANK(inputDate),\n      "",\n      LET(\n        date, GREG_TO_JALALI(inputDate),\n        monthName, GET_JALALI_MONTH_NAME(date),\n        year, GET_JALALI_YEAR(date),\n        data, IMPORT_FROM_SHEET(SheetsFileId_Accounting_Chalebagh, sheetName, dataRange),\n        filteredData, FILTER(data, INDEX(data,,2) = monthName, INDEX(data,,3) = year),\n        INDEX(filteredData,,5)\n      )\n    ),\n  result\n)\n	1		
تعداد فیش هرشب بجز سالن	B425		LET(\n  inputDate, AN,\n  sheetName, "اهداف فروش",\n  dataRange, "A:G",\n  result,\n    IF(\n      ISBLANK(inputDate),\n      "",\n      LET(\n        date, GREG_TO_JALALI(inputDate),\n        monthName, GET_JALALI_MONTH_NAME(date),\n        year, GET_JALALI_YEAR(date),\n        data, IMPORT_FROM_SHEET(SheetsFileId_Accounting_Chalebagh, sheetName, dataRange),\n        filteredData, FILTER(data, INDEX(data,,2) = monthName, INDEX(data,,3) = year),\n        INDEX(filteredData,,5)\n      )\n    ),\n  result\n)\n	1		
تعداد فیش هرشب بجز سالن	B426		LET(\n  inputDate, AN,\n  sheetName, "اهداف فروش",\n  dataRange, "A:G",\n  result,\n    IF(\n      ISBLANK(inputDate),\n      "",\n      LET(\n        date, GREG_TO_JALALI(inputDate),\n        monthName, GET_JALALI_MONTH_NAME(date),\n        year, GET_JALALI_YEAR(date),\n        data, IMPORT_FROM_SHEET(SheetsFileId_Accounting_Chalebagh, sheetName, dataRange),\n        filteredData, FILTER(data, INDEX(data,,2) = monthName, INDEX(data,,3) = year),\n        INDEX(filteredData,,5)\n      )\n    ),\n  result\n)\n	1		
تعداد فیش هرشب بجز سالن	B427		LET(\n  inputDate, AN,\n  sheetName, "اهداف فروش",\n  dataRange, "A:G",\n  result,\n    IF(\n      ISBLANK(inputDate),\n      "",\n      LET(\n        date, GREG_TO_JALALI(inputDate),\n        monthName, GET_JALALI_MONTH_NAME(date),\n        year, GET_JALALI_YEAR(date),\n        data, IMPORT_FROM_SHEET(SheetsFileId_Accounting_Chalebagh, sheetName, dataRange),\n        filteredData, FILTER(data, INDEX(data,,2) = monthName, INDEX(data,,3) = year),\n        INDEX(filteredData,,5)\n      )\n    ),\n  result\n)\n	1		
تعداد فیش هرشب بجز سالن	B428		LET(\n  inputDate, AN,\n  sheetName, "اهداف فروش",\n  dataRange, "A:G",\n  result,\n    IF(\n      ISBLANK(inputDate),\n      "",\n      LET(\n        date, GREG_TO_JALALI(inputDate),\n        monthName, GET_JALALI_MONTH_NAME(date),\n        year, GET_JALALI_YEAR(date),\n        data, IMPORT_FROM_SHEET(SheetsFileId_Accounting_Chalebagh, sheetName, dataRange),\n        filteredData, FILTER(data, INDEX(data,,2) = monthName, INDEX(data,,3) = year),\n        INDEX(filteredData,,5)\n      )\n    ),\n  result\n)\n	1		
تعداد فیش هرشب بجز سالن	B429		LET(\n  inputDate, AN,\n  sheetName, "اهداف فروش",\n  dataRange, "A:G",\n  result,\n    IF(\n      ISBLANK(inputDate),\n      "",\n      LET(\n        date, GREG_TO_JALALI(inputDate),\n        monthName, GET_JALALI_MONTH_NAME(date),\n        year, GET_JALALI_YEAR(date),\n        data, IMPORT_FROM_SHEET(SheetsFileId_Accounting_Chalebagh, sheetName, dataRange),\n        filteredData, FILTER(data, INDEX(data,,2) = monthName, INDEX(data,,3) = year),\n        INDEX(filteredData,,5)\n      )\n    ),\n  result\n)\n	1		
تعداد فیش هرشب بجز سالن	B430		LET(\n  inputDate, AN,\n  sheetName, "اهداف فروش",\n  dataRange, "A:G",\n  result,\n    IF(\n      ISBLANK(inputDate),\n      "",\n      LET(\n        date, GREG_TO_JALALI(inputDate),\n        monthName, GET_JALALI_MONTH_NAME(date),\n        year, GET_JALALI_YEAR(date),\n        data, IMPORT_FROM_SHEET(SheetsFileId_Accounting_Chalebagh, sheetName, dataRange),\n        filteredData, FILTER(data, INDEX(data,,2) = monthName, INDEX(data,,3) = year),\n        INDEX(filteredData,,5)\n      )\n    ),\n  result\n)\n	1		
تعداد فیش هرشب بجز سالن	B431		LET(\n  inputDate, AN,\n  sheetName, "اهداف فروش",\n  dataRange, "A:G",\n  result,\n    IF(\n      ISBLANK(inputDate),\n      "",\n      LET(\n        date, GREG_TO_JALALI(inputDate),\n        monthName, GET_JALALI_MONTH_NAME(date),\n        year, GET_JALALI_YEAR(date),\n        data, IMPORT_FROM_SHEET(SheetsFileId_Accounting_Chalebagh, sheetName, dataRange),\n        filteredData, FILTER(data, INDEX(data,,2) = monthName, INDEX(data,,3) = year),\n        INDEX(filteredData,,5)\n      )\n    ),\n  result\n)\n	1		
تعداد فیش هرشب بجز سالن	B432		LET(\n  inputDate, AN,\n  sheetName, "اهداف فروش",\n  dataRange, "A:G",\n  result,\n    IF(\n      ISBLANK(inputDate),\n      "",\n      LET(\n        date, GREG_TO_JALALI(inputDate),\n        monthName, GET_JALALI_MONTH_NAME(date),\n        year, GET_JALALI_YEAR(date),\n        data, IMPORT_FROM_SHEET(SheetsFileId_Accounting_Chalebagh, sheetName, dataRange),\n        filteredData, FILTER(data, INDEX(data,,2) = monthName, INDEX(data,,3) = year),\n        INDEX(filteredData,,5)\n      )\n    ),\n  result\n)\n	1		
تعداد فیش هرشب بجز سالن	B433		LET(\n  inputDate, AN,\n  sheetName, "اهداف فروش",\n  dataRange, "A:G",\n  result,\n    IF(\n      ISBLANK(inputDate),\n      "",\n      LET(\n        date, GREG_TO_JALALI(inputDate),\n        monthName, GET_JALALI_MONTH_NAME(date),\n        year, GET_JALALI_YEAR(date),\n        data, IMPORT_FROM_SHEET(SheetsFileId_Accounting_Chalebagh, sheetName, dataRange),\n        filteredData, FILTER(data, INDEX(data,,2) = monthName, INDEX(data,,3) = year),\n        INDEX(filteredData,,5)\n      )\n    ),\n  result\n)\n	1		
تعداد فیش هرشب بجز سالن	B434		LET(\n  inputDate, AN,\n  sheetName, "اهداف فروش",\n  dataRange, "A:G",\n  result,\n    IF(\n      ISBLANK(inputDate),\n      "",\n      LET(\n        date, GREG_TO_JALALI(inputDate),\n        monthName, GET_JALALI_MONTH_NAME(date),\n        year, GET_JALALI_YEAR(date),\n        data, IMPORT_FROM_SHEET(SheetsFileId_Accounting_Chalebagh, sheetName, dataRange),\n        filteredData, FILTER(data, INDEX(data,,2) = monthName, INDEX(data,,3) = year),\n        INDEX(filteredData,,5)\n      )\n    ),\n  result\n)\n	1		
تعداد فیش هرشب بجز سالن	B435		LET(\n  inputDate, AN,\n  sheetName, "اهداف فروش",\n  dataRange, "A:G",\n  result,\n    IF(\n      ISBLANK(inputDate),\n      "",\n      LET(\n        date, GREG_TO_JALALI(inputDate),\n        monthName, GET_JALALI_MONTH_NAME(date),\n        year, GET_JALALI_YEAR(date),\n        data, IMPORT_FROM_SHEET(SheetsFileId_Accounting_Chalebagh, sheetName, dataRange),\n        filteredData, FILTER(data, INDEX(data,,2) = monthName, INDEX(data,,3) = year),\n        INDEX(filteredData,,5)\n      )\n    ),\n  result\n)\n	1		
تعداد فیش هرشب بجز سالن	B436		LET(\n  inputDate, AN,\n  sheetName, "اهداف فروش",\n  dataRange, "A:G",\n  result,\n    IF(\n      ISBLANK(inputDate),\n      "",\n      LET(\n        date, GREG_TO_JALALI(inputDate),\n        monthName, GET_JALALI_MONTH_NAME(date),\n        year, GET_JALALI_YEAR(date),\n        data, IMPORT_FROM_SHEET(SheetsFileId_Accounting_Chalebagh, sheetName, dataRange),\n        filteredData, FILTER(data, INDEX(data,,2) = monthName, INDEX(data,,3) = year),\n        INDEX(filteredData,,5)\n      )\n    ),\n  result\n)\n	1		
تعداد فیش هرشب بجز سالن	B437		LET(\n  inputDate, AN,\n  sheetName, "اهداف فروش",\n  dataRange, "A:G",\n  result,\n    IF(\n      ISBLANK(inputDate),\n      "",\n      LET(\n        date, GREG_TO_JALALI(inputDate),\n        monthName, GET_JALALI_MONTH_NAME(date),\n        year, GET_JALALI_YEAR(date),\n        data, IMPORT_FROM_SHEET(SheetsFileId_Accounting_Chalebagh, sheetName, dataRange),\n        filteredData, FILTER(data, INDEX(data,,2) = monthName, INDEX(data,,3) = year),\n        INDEX(filteredData,,5)\n      )\n    ),\n  result\n)\n	1		
تعداد فیش هرشب بجز سالن	B438		LET(\n  inputDate, AN,\n  sheetName, "اهداف فروش",\n  dataRange, "A:G",\n  result,\n    IF(\n      ISBLANK(inputDate),\n      "",\n      LET(\n        date, GREG_TO_JALALI(inputDate),\n        monthName, GET_JALALI_MONTH_NAME(date),\n        year, GET_JALALI_YEAR(date),\n        data, IMPORT_FROM_SHEET(SheetsFileId_Accounting_Chalebagh, sheetName, dataRange),\n        filteredData, FILTER(data, INDEX(data,,2) = monthName, INDEX(data,,3) = year),\n        INDEX(filteredData,,5)\n      )\n    ),\n  result\n)\n	1		
تعداد فیش هرشب بجز سالن	B439		LET(\n  inputDate, AN,\n  sheetName, "اهداف فروش",\n  dataRange, "A:G",\n  result,\n    IF(\n      ISBLANK(inputDate),\n      "",\n      LET(\n        date, GREG_TO_JALALI(inputDate),\n        monthName, GET_JALALI_MONTH_NAME(date),\n        year, GET_JALALI_YEAR(date),\n        data, IMPORT_FROM_SHEET(SheetsFileId_Accounting_Chalebagh, sheetName, dataRange),\n        filteredData, FILTER(data, INDEX(data,,2) = monthName, INDEX(data,,3) = year),\n        INDEX(filteredData,,5)\n      )\n    ),\n  result\n)\n	1		
تعداد فیش هرشب بجز سالن	B440		LET(\n  inputDate, AN,\n  sheetName, "اهداف فروش",\n  dataRange, "A:G",\n  result,\n    IF(\n      ISBLANK(inputDate),\n      "",\n      LET(\n        date, GREG_TO_JALALI(inputDate),\n        monthName, GET_JALALI_MONTH_NAME(date),\n        year, GET_JALALI_YEAR(date),\n        data, IMPORT_FROM_SHEET(SheetsFileId_Accounting_Chalebagh, sheetName, dataRange),\n        filteredData, FILTER(data, INDEX(data,,2) = monthName, INDEX(data,,3) = year),\n        INDEX(filteredData,,5)\n      )\n    ),\n  result\n)\n	1		
تعداد فیش هرشب بجز سالن	B441		LET(\n  inputDate, AN,\n  sheetName, "اهداف فروش",\n  dataRange, "A:G",\n  result,\n    IF(\n      ISBLANK(inputDate),\n      "",\n      LET(\n        date, GREG_TO_JALALI(inputDate),\n        monthName, GET_JALALI_MONTH_NAME(date),\n        year, GET_JALALI_YEAR(date),\n        data, IMPORT_FROM_SHEET(SheetsFileId_Accounting_Chalebagh, sheetName, dataRange),\n        filteredData, FILTER(data, INDEX(data,,2) = monthName, INDEX(data,,3) = year),\n        INDEX(filteredData,,5)\n      )\n    ),\n  result\n)\n	1		
تعداد فیش هرشب بجز سالن	B442		LET(\n  inputDate, AN,\n  sheetName, "اهداف فروش",\n  dataRange, "A:G",\n  result,\n    IF(\n      ISBLANK(inputDate),\n      "",\n      LET(\n        date, GREG_TO_JALALI(inputDate),\n        monthName, GET_JALALI_MONTH_NAME(date),\n        year, GET_JALALI_YEAR(date),\n        data, IMPORT_FROM_SHEET(SheetsFileId_Accounting_Chalebagh, sheetName, dataRange),\n        filteredData, FILTER(data, INDEX(data,,2) = monthName, INDEX(data,,3) = year),\n        INDEX(filteredData,,5)\n      )\n    ),\n  result\n)\n	1		
تعداد فیش هرشب بجز سالن	B443		LET(\n  inputDate, AN,\n  sheetName, "اهداف فروش",\n  dataRange, "A:G",\n  result,\n    IF(\n      ISBLANK(inputDate),\n      "",\n      LET(\n        date, GREG_TO_JALALI(inputDate),\n        monthName, GET_JALALI_MONTH_NAME(date),\n        year, GET_JALALI_YEAR(date),\n        data, IMPORT_FROM_SHEET(SheetsFileId_Accounting_Chalebagh, sheetName, dataRange),\n        filteredData, FILTER(data, INDEX(data,,2) = monthName, INDEX(data,,3) = year),\n        INDEX(filteredData,,5)\n      )\n    ),\n  result\n)\n	1		
تعداد فیش هرشب بجز سالن	B444		LET(\n  inputDate, AN,\n  sheetName, "اهداف فروش",\n  dataRange, "A:G",\n  result,\n    IF(\n      ISBLANK(inputDate),\n      "",\n      LET(\n        date, GREG_TO_JALALI(inputDate),\n        monthName, GET_JALALI_MONTH_NAME(date),\n        year, GET_JALALI_YEAR(date),\n        data, IMPORT_FROM_SHEET(SheetsFileId_Accounting_Chalebagh, sheetName, dataRange),\n        filteredData, FILTER(data, INDEX(data,,2) = monthName, INDEX(data,,3) = year),\n        INDEX(filteredData,,5)\n      )\n    ),\n  result\n)\n	1		
تعداد فیش هرشب بجز سالن	B445		LET(\n  inputDate, AN,\n  sheetName, "اهداف فروش",\n  dataRange, "A:G",\n  result,\n    IF(\n      ISBLANK(inputDate),\n      "",\n      LET(\n        date, GREG_TO_JALALI(inputDate),\n        monthName, GET_JALALI_MONTH_NAME(date),\n        year, GET_JALALI_YEAR(date),\n        data, IMPORT_FROM_SHEET(SheetsFileId_Accounting_Chalebagh, sheetName, dataRange),\n        filteredData, FILTER(data, INDEX(data,,2) = monthName, INDEX(data,,3) = year),\n        INDEX(filteredData,,5)\n      )\n    ),\n  result\n)\n	1		
تعداد فیش هرشب بجز سالن	B446		LET(\n  inputDate, AN,\n  sheetName, "اهداف فروش",\n  dataRange, "A:G",\n  result,\n    IF(\n      ISBLANK(inputDate),\n      "",\n      LET(\n        date, GREG_TO_JALALI(inputDate),\n        monthName, GET_JALALI_MONTH_NAME(date),\n        year, GET_JALALI_YEAR(date),\n        data, IMPORT_FROM_SHEET(SheetsFileId_Accounting_Chalebagh, sheetName, dataRange),\n        filteredData, FILTER(data, INDEX(data,,2) = monthName, INDEX(data,,3) = year),\n        INDEX(filteredData,,5)\n      )\n    ),\n  result\n)\n	1		
تعداد فیش هرشب بجز سالن	B447		LET(\n  inputDate, AN,\n  sheetName, "اهداف فروش",\n  dataRange, "A:G",\n  result,\n    IF(\n      ISBLANK(inputDate),\n      "",\n      LET(\n        date, GREG_TO_JALALI(inputDate),\n        monthName, GET_JALALI_MONTH_NAME(date),\n        year, GET_JALALI_YEAR(date),\n        data, IMPORT_FROM_SHEET(SheetsFileId_Accounting_Chalebagh, sheetName, dataRange),\n        filteredData, FILTER(data, INDEX(data,,2) = monthName, INDEX(data,,3) = year),\n        INDEX(filteredData,,5)\n      )\n    ),\n  result\n)\n	1		
تعداد فیش هرشب بجز سالن	B448		LET(\n  inputDate, AN,\n  sheetName, "اهداف فروش",\n  dataRange, "A:G",\n  result,\n    IF(\n      ISBLANK(inputDate),\n      "",\n      LET(\n        date, GREG_TO_JALALI(inputDate),\n        monthName, GET_JALALI_MONTH_NAME(date),\n        year, GET_JALALI_YEAR(date),\n        data, IMPORT_FROM_SHEET(SheetsFileId_Accounting_Chalebagh, sheetName, dataRange),\n        filteredData, FILTER(data, INDEX(data,,2) = monthName, INDEX(data,,3) = year),\n        INDEX(filteredData,,5)\n      )\n    ),\n  result\n)\n	1		
تعداد فیش هرشب بجز سالن	B449		LET(\n  inputDate, AN,\n  sheetName, "اهداف فروش",\n  dataRange, "A:G",\n  result,\n    IF(\n      ISBLANK(inputDate),\n      "",\n      LET(\n        date, GREG_TO_JALALI(inputDate),\n        monthName, GET_JALALI_MONTH_NAME(date),\n        year, GET_JALALI_YEAR(date),\n        data, IMPORT_FROM_SHEET(SheetsFileId_Accounting_Chalebagh, sheetName, dataRange),\n        filteredData, FILTER(data, INDEX(data,,2) = monthName, INDEX(data,,3) = year),\n        INDEX(filteredData,,5)\n      )\n    ),\n  result\n)\n	1		
تعداد فیش هرشب بجز سالن	B450		LET(\n  inputDate, AN,\n  sheetName, "اهداف فروش",\n  dataRange, "A:G",\n  result,\n    IF(\n      ISBLANK(inputDate),\n      "",\n      LET(\n        date, GREG_TO_JALALI(inputDate),\n        monthName, GET_JALALI_MONTH_NAME(date),\n        year, GET_JALALI_YEAR(date),\n        data, IMPORT_FROM_SHEET(SheetsFileId_Accounting_Chalebagh, sheetName, dataRange),\n        filteredData, FILTER(data, INDEX(data,,2) = monthName, INDEX(data,,3) = year),\n        INDEX(filteredData,,5)\n      )\n    ),\n  result\n)\n	1		
تعداد فیش هرشب بجز سالن	B451		LET(\n  inputDate, AN,\n  sheetName, "اهداف فروش",\n  dataRange, "A:G",\n  result,\n    IF(\n      ISBLANK(inputDate),\n      "",\n      LET(\n        date, GREG_TO_JALALI(inputDate),\n        monthName, GET_JALALI_MONTH_NAME(date),\n        year, GET_JALALI_YEAR(date),\n        data, IMPORT_FROM_SHEET(SheetsFileId_Accounting_Chalebagh, sheetName, dataRange),\n        filteredData, FILTER(data, INDEX(data,,2) = monthName, INDEX(data,,3) = year),\n        INDEX(filteredData,,5)\n      )\n    ),\n  result\n)\n	1		
تعداد فیش هرشب بجز سالن	B452		LET(\n  inputDate, AN,\n  sheetName, "اهداف فروش",\n  dataRange, "A:G",\n  result,\n    IF(\n      ISBLANK(inputDate),\n      "",\n      LET(\n        date, GREG_TO_JALALI(inputDate),\n        monthName, GET_JALALI_MONTH_NAME(date),\n        year, GET_JALALI_YEAR(date),\n        data, IMPORT_FROM_SHEET(SheetsFileId_Accounting_Chalebagh, sheetName, dataRange),\n        filteredData, FILTER(data, INDEX(data,,2) = monthName, INDEX(data,,3) = year),\n        INDEX(filteredData,,5)\n      )\n    ),\n  result\n)\n	1		
تعداد فیش هرشب بجز سالن	B453		LET(\n  inputDate, AN,\n  sheetName, "اهداف فروش",\n  dataRange, "A:G",\n  result,\n    IF(\n      ISBLANK(inputDate),\n      "",\n      LET(\n        date, GREG_TO_JALALI(inputDate),\n        monthName, GET_JALALI_MONTH_NAME(date),\n        year, GET_JALALI_YEAR(date),\n        data, IMPORT_FROM_SHEET(SheetsFileId_Accounting_Chalebagh, sheetName, dataRange),\n        filteredData, FILTER(data, INDEX(data,,2) = monthName, INDEX(data,,3) = year),\n        INDEX(filteredData,,5)\n      )\n    ),\n  result\n)\n	1		
تعداد فیش هرشب بجز سالن	B454		LET(\n  inputDate, AN,\n  sheetName, "اهداف فروش",\n  dataRange, "A:G",\n  result,\n    IF(\n      ISBLANK(inputDate),\n      "",\n      LET(\n        date, GREG_TO_JALALI(inputDate),\n        monthName, GET_JALALI_MONTH_NAME(date),\n        year, GET_JALALI_YEAR(date),\n        data, IMPORT_FROM_SHEET(SheetsFileId_Accounting_Chalebagh, sheetName, dataRange),\n        filteredData, FILTER(data, INDEX(data,,2) = monthName, INDEX(data,,3) = year),\n        INDEX(filteredData,,5)\n      )\n    ),\n  result\n)\n	1		
تعداد فیش هرشب بجز سالن	B455		LET(\n  inputDate, AN,\n  sheetName, "اهداف فروش",\n  dataRange, "A:G",\n  result,\n    IF(\n      ISBLANK(inputDate),\n      "",\n      LET(\n        date, GREG_TO_JALALI(inputDate),\n        monthName, GET_JALALI_MONTH_NAME(date),\n        year, GET_JALALI_YEAR(date),\n        data, IMPORT_FROM_SHEET(SheetsFileId_Accounting_Chalebagh, sheetName, dataRange),\n        filteredData, FILTER(data, INDEX(data,,2) = monthName, INDEX(data,,3) = year),\n        INDEX(filteredData,,5)\n      )\n    ),\n  result\n)\n	1		
تعداد فیش هرشب بجز سالن	B456		LET(\n  inputDate, AN,\n  sheetName, "اهداف فروش",\n  dataRange, "A:G",\n  result,\n    IF(\n      ISBLANK(inputDate),\n      "",\n      LET(\n        date, GREG_TO_JALALI(inputDate),\n        monthName, GET_JALALI_MONTH_NAME(date),\n        year, GET_JALALI_YEAR(date),\n        data, IMPORT_FROM_SHEET(SheetsFileId_Accounting_Chalebagh, sheetName, dataRange),\n        filteredData, FILTER(data, INDEX(data,,2) = monthName, INDEX(data,,3) = year),\n        INDEX(filteredData,,5)\n      )\n    ),\n  result\n)\n	1		
تعداد فیش هرشب بجز سالن	B457		LET(\n  inputDate, AN,\n  sheetName, "اهداف فروش",\n  dataRange, "A:G",\n  result,\n    IF(\n      ISBLANK(inputDate),\n      "",\n      LET(\n        date, GREG_TO_JALALI(inputDate),\n        monthName, GET_JALALI_MONTH_NAME(date),\n        year, GET_JALALI_YEAR(date),\n        data, IMPORT_FROM_SHEET(SheetsFileId_Accounting_Chalebagh, sheetName, dataRange),\n        filteredData, FILTER(data, INDEX(data,,2) = monthName, INDEX(data,,3) = year),\n        INDEX(filteredData,,5)\n      )\n    ),\n  result\n)\n	1		
تعداد فیش هرشب بجز سالن	B458		LET(\n  inputDate, AN,\n  sheetName, "اهداف فروش",\n  dataRange, "A:G",\n  result,\n    IF(\n      ISBLANK(inputDate),\n      "",\n      LET(\n        date, GREG_TO_JALALI(inputDate),\n        monthName, GET_JALALI_MONTH_NAME(date),\n        year, GET_JALALI_YEAR(date),\n        data, IMPORT_FROM_SHEET(SheetsFileId_Accounting_Chalebagh, sheetName, dataRange),\n        filteredData, FILTER(data, INDEX(data,,2) = monthName, INDEX(data,,3) = year),\n        INDEX(filteredData,,5)\n      )\n    ),\n  result\n)\n	1		
تعداد فیش هرشب بجز سالن	B459		LET(\n  inputDate, AN,\n  sheetName, "اهداف فروش",\n  dataRange, "A:G",\n  result,\n    IF(\n      ISBLANK(inputDate),\n      "",\n      LET(\n        date, GREG_TO_JALALI(inputDate),\n        monthName, GET_JALALI_MONTH_NAME(date),\n        year, GET_JALALI_YEAR(date),\n        data, IMPORT_FROM_SHEET(SheetsFileId_Accounting_Chalebagh, sheetName, dataRange),\n        filteredData, FILTER(data, INDEX(data,,2) = monthName, INDEX(data,,3) = year),\n        INDEX(filteredData,,5)\n      )\n    ),\n  result\n)\n	1		
تعداد فیش هرشب بجز سالن	B460		LET(\n  inputDate, AN,\n  sheetName, "اهداف فروش",\n  dataRange, "A:G",\n  result,\n    IF(\n      ISBLANK(inputDate),\n      "",\n      LET(\n        date, GREG_TO_JALALI(inputDate),\n        monthName, GET_JALALI_MONTH_NAME(date),\n        year, GET_JALALI_YEAR(date),\n        data, IMPORT_FROM_SHEET(SheetsFileId_Accounting_Chalebagh, sheetName, dataRange),\n        filteredData, FILTER(data, INDEX(data,,2) = monthName, INDEX(data,,3) = year),\n        INDEX(filteredData,,5)\n      )\n    ),\n  result\n)\n	1		
تعداد فیش هرشب بجز سالن	B461		LET(\n  inputDate, AN,\n  sheetName, "اهداف فروش",\n  dataRange, "A:G",\n  result,\n    IF(\n      ISBLANK(inputDate),\n      "",\n      LET(\n        date, GREG_TO_JALALI(inputDate),\n        monthName, GET_JALALI_MONTH_NAME(date),\n        year, GET_JALALI_YEAR(date),\n        data, IMPORT_FROM_SHEET(SheetsFileId_Accounting_Chalebagh, sheetName, dataRange),\n        filteredData, FILTER(data, INDEX(data,,2) = monthName, INDEX(data,,3) = year),\n        INDEX(filteredData,,5)\n      )\n    ),\n  result\n)\n	1		
تعداد فیش هرشب بجز سالن	B462		LET(\n  inputDate, AN,\n  sheetName, "اهداف فروش",\n  dataRange, "A:G",\n  result,\n    IF(\n      ISBLANK(inputDate),\n      "",\n      LET(\n        date, GREG_TO_JALALI(inputDate),\n        monthName, GET_JALALI_MONTH_NAME(date),\n        year, GET_JALALI_YEAR(date),\n        data, IMPORT_FROM_SHEET(SheetsFileId_Accounting_Chalebagh, sheetName, dataRange),\n        filteredData, FILTER(data, INDEX(data,,2) = monthName, INDEX(data,,3) = year),\n        INDEX(filteredData,,5)\n      )\n    ),\n  result\n)\n	1		
تعداد فیش هرشب بجز سالن	B463		LET(\n  inputDate, AN,\n  sheetName, "اهداف فروش",\n  dataRange, "A:G",\n  result,\n    IF(\n      ISBLANK(inputDate),\n      "",\n      LET(\n        date, GREG_TO_JALALI(inputDate),\n        monthName, GET_JALALI_MONTH_NAME(date),\n        year, GET_JALALI_YEAR(date),\n        data, IMPORT_FROM_SHEET(SheetsFileId_Accounting_Chalebagh, sheetName, dataRange),\n        filteredData, FILTER(data, INDEX(data,,2) = monthName, INDEX(data,,3) = year),\n        INDEX(filteredData,,5)\n      )\n    ),\n  result\n)\n	1		
تعداد فیش هرشب بجز سالن	B464		LET(\n  inputDate, AN,\n  sheetName, "اهداف فروش",\n  dataRange, "A:G",\n  result,\n    IF(\n      ISBLANK(inputDate),\n      "",\n      LET(\n        date, GREG_TO_JALALI(inputDate),\n        monthName, GET_JALALI_MONTH_NAME(date),\n        year, GET_JALALI_YEAR(date),\n        data, IMPORT_FROM_SHEET(SheetsFileId_Accounting_Chalebagh, sheetName, dataRange),\n        filteredData, FILTER(data, INDEX(data,,2) = monthName, INDEX(data,,3) = year),\n        INDEX(filteredData,,5)\n      )\n    ),\n  result\n)\n	1		
تعداد فیش هرشب بجز سالن	B465		LET(\n  inputDate, AN,\n  sheetName, "اهداف فروش",\n  dataRange, "A:G",\n  result,\n    IF(\n      ISBLANK(inputDate),\n      "",\n      LET(\n        date, GREG_TO_JALALI(inputDate),\n        monthName, GET_JALALI_MONTH_NAME(date),\n        year, GET_JALALI_YEAR(date),\n        data, IMPORT_FROM_SHEET(SheetsFileId_Accounting_Chalebagh, sheetName, dataRange),\n        filteredData, FILTER(data, INDEX(data,,2) = monthName, INDEX(data,,3) = year),\n        INDEX(filteredData,,5)\n      )\n    ),\n  result\n)\n	1		
تعداد فیش هرشب بجز سالن	B466		LET(\n  inputDate, AN,\n  sheetName, "اهداف فروش",\n  dataRange, "A:G",\n  result,\n    IF(\n      ISBLANK(inputDate),\n      "",\n      LET(\n        date, GREG_TO_JALALI(inputDate),\n        monthName, GET_JALALI_MONTH_NAME(date),\n        year, GET_JALALI_YEAR(date),\n        data, IMPORT_FROM_SHEET(SheetsFileId_Accounting_Chalebagh, sheetName, dataRange),\n        filteredData, FILTER(data, INDEX(data,,2) = monthName, INDEX(data,,3) = year),\n        INDEX(filteredData,,5)\n      )\n    ),\n  result\n)\n	1		
تعداد فیش هرشب بجز سالن	B467		LET(\n  inputDate, AN,\n  sheetName, "اهداف فروش",\n  dataRange, "A:G",\n  result,\n    IF(\n      ISBLANK(inputDate),\n      "",\n      LET(\n        date, GREG_TO_JALALI(inputDate),\n        monthName, GET_JALALI_MONTH_NAME(date),\n        year, GET_JALALI_YEAR(date),\n        data, IMPORT_FROM_SHEET(SheetsFileId_Accounting_Chalebagh, sheetName, dataRange),\n        filteredData, FILTER(data, INDEX(data,,2) = monthName, INDEX(data,,3) = year),\n        INDEX(filteredData,,5)\n      )\n    ),\n  result\n)\n	1		
تعداد فیش هرشب بجز سالن	B468		LET(\n  inputDate, AN,\n  sheetName, "اهداف فروش",\n  dataRange, "A:G",\n  result,\n    IF(\n      ISBLANK(inputDate),\n      "",\n      LET(\n        date, GREG_TO_JALALI(inputDate),\n        monthName, GET_JALALI_MONTH_NAME(date),\n        year, GET_JALALI_YEAR(date),\n        data, IMPORT_FROM_SHEET(SheetsFileId_Accounting_Chalebagh, sheetName, dataRange),\n        filteredData, FILTER(data, INDEX(data,,2) = monthName, INDEX(data,,3) = year),\n        INDEX(filteredData,,5)\n      )\n    ),\n  result\n)\n	1		
تعداد فیش هرشب بجز سالن	B469		LET(\n  inputDate, AN,\n  sheetName, "اهداف فروش",\n  dataRange, "A:G",\n  result,\n    IF(\n      ISBLANK(inputDate),\n      "",\n      LET(\n        date, GREG_TO_JALALI(inputDate),\n        monthName, GET_JALALI_MONTH_NAME(date),\n        year, GET_JALALI_YEAR(date),\n        data, IMPORT_FROM_SHEET(SheetsFileId_Accounting_Chalebagh, sheetName, dataRange),\n        filteredData, FILTER(data, INDEX(data,,2) = monthName, INDEX(data,,3) = year),\n        INDEX(filteredData,,5)\n      )\n    ),\n  result\n)\n	1		
تعداد فیش هرشب بجز سالن	B470		LET(\n  inputDate, AN,\n  sheetName, "اهداف فروش",\n  dataRange, "A:G",\n  result,\n    IF(\n      ISBLANK(inputDate),\n      "",\n      LET(\n        date, GREG_TO_JALALI(inputDate),\n        monthName, GET_JALALI_MONTH_NAME(date),\n        year, GET_JALALI_YEAR(date),\n        data, IMPORT_FROM_SHEET(SheetsFileId_Accounting_Chalebagh, sheetName, dataRange),\n        filteredData, FILTER(data, INDEX(data,,2) = monthName, INDEX(data,,3) = year),\n        INDEX(filteredData,,5)\n      )\n    ),\n  result\n)\n	1		
تعداد فیش هرشب بجز سالن	B471		LET(\n  inputDate, AN,\n  sheetName, "اهداف فروش",\n  dataRange, "A:G",\n  result,\n    IF(\n      ISBLANK(inputDate),\n      "",\n      LET(\n        date, GREG_TO_JALALI(inputDate),\n        monthName, GET_JALALI_MONTH_NAME(date),\n        year, GET_JALALI_YEAR(date),\n        data, IMPORT_FROM_SHEET(SheetsFileId_Accounting_Chalebagh, sheetName, dataRange),\n        filteredData, FILTER(data, INDEX(data,,2) = monthName, INDEX(data,,3) = year),\n        INDEX(filteredData,,5)\n      )\n    ),\n  result\n)\n	1		
تعداد فیش هرشب بجز سالن	B472		LET(\n  inputDate, AN,\n  sheetName, "اهداف فروش",\n  dataRange, "A:G",\n  result,\n    IF(\n      ISBLANK(inputDate),\n      "",\n      LET(\n        date, GREG_TO_JALALI(inputDate),\n        monthName, GET_JALALI_MONTH_NAME(date),\n        year, GET_JALALI_YEAR(date),\n        data, IMPORT_FROM_SHEET(SheetsFileId_Accounting_Chalebagh, sheetName, dataRange),\n        filteredData, FILTER(data, INDEX(data,,2) = monthName, INDEX(data,,3) = year),\n        INDEX(filteredData,,5)\n      )\n    ),\n  result\n)\n	1		
تعداد فیش هرشب بجز سالن	B473		LET(\n  inputDate, AN,\n  sheetName, "اهداف فروش",\n  dataRange, "A:G",\n  result,\n    IF(\n      ISBLANK(inputDate),\n      "",\n      LET(\n        date, GREG_TO_JALALI(inputDate),\n        monthName, GET_JALALI_MONTH_NAME(date),\n        year, GET_JALALI_YEAR(date),\n        data, IMPORT_FROM_SHEET(SheetsFileId_Accounting_Chalebagh, sheetName, dataRange),\n        filteredData, FILTER(data, INDEX(data,,2) = monthName, INDEX(data,,3) = year),\n        INDEX(filteredData,,5)\n      )\n    ),\n  result\n)\n	1		
تعداد فیش هرشب بجز سالن	B474		LET(\n  inputDate, AN,\n  sheetName, "اهداف فروش",\n  dataRange, "A:G",\n  result,\n    IF(\n      ISBLANK(inputDate),\n      "",\n      LET(\n        date, GREG_TO_JALALI(inputDate),\n        monthName, GET_JALALI_MONTH_NAME(date),\n        year, GET_JALALI_YEAR(date),\n        data, IMPORT_FROM_SHEET(SheetsFileId_Accounting_Chalebagh, sheetName, dataRange),\n        filteredData, FILTER(data, INDEX(data,,2) = monthName, INDEX(data,,3) = year),\n        INDEX(filteredData,,5)\n      )\n    ),\n  result\n)\n	1		
تعداد فیش هرشب بجز سالن	B475		LET(\n  inputDate, AN,\n  sheetName, "اهداف فروش",\n  dataRange, "A:G",\n  result,\n    IF(\n      ISBLANK(inputDate),\n      "",\n      LET(\n        date, GREG_TO_JALALI(inputDate),\n        monthName, GET_JALALI_MONTH_NAME(date),\n        year, GET_JALALI_YEAR(date),\n        data, IMPORT_FROM_SHEET(SheetsFileId_Accounting_Chalebagh, sheetName, dataRange),\n        filteredData, FILTER(data, INDEX(data,,2) = monthName, INDEX(data,,3) = year),\n        INDEX(filteredData,,5)\n      )\n    ),\n  result\n)\n	1		
تعداد فیش هرشب بجز سالن	B476		LET(\n  inputDate, AN,\n  sheetName, "اهداف فروش",\n  dataRange, "A:G",\n  result,\n    IF(\n      ISBLANK(inputDate),\n      "",\n      LET(\n        date, GREG_TO_JALALI(inputDate),\n        monthName, GET_JALALI_MONTH_NAME(date),\n        year, GET_JALALI_YEAR(date),\n        data, IMPORT_FROM_SHEET(SheetsFileId_Accounting_Chalebagh, sheetName, dataRange),\n        filteredData, FILTER(data, INDEX(data,,2) = monthName, INDEX(data,,3) = year),\n        INDEX(filteredData,,5)\n      )\n    ),\n  result\n)\n	1		
تعداد فیش هرشب بجز سالن	B477		LET(\n  inputDate, AN,\n  sheetName, "اهداف فروش",\n  dataRange, "A:G",\n  result,\n    IF(\n      ISBLANK(inputDate),\n      "",\n      LET(\n        date, GREG_TO_JALALI(inputDate),\n        monthName, GET_JALALI_MONTH_NAME(date),\n        year, GET_JALALI_YEAR(date),\n        data, IMPORT_FROM_SHEET(SheetsFileId_Accounting_Chalebagh, sheetName, dataRange),\n        filteredData, FILTER(data, INDEX(data,,2) = monthName, INDEX(data,,3) = year),\n        INDEX(filteredData,,5)\n      )\n    ),\n  result\n)\n	1		
تعداد فیش هرشب بجز سالن	B478		LET(\n  inputDate, AN,\n  sheetName, "اهداف فروش",\n  dataRange, "A:G",\n  result,\n    IF(\n      ISBLANK(inputDate),\n      "",\n      LET(\n        date, GREG_TO_JALALI(inputDate),\n        monthName, GET_JALALI_MONTH_NAME(date),\n        year, GET_JALALI_YEAR(date),\n        data, IMPORT_FROM_SHEET(SheetsFileId_Accounting_Chalebagh, sheetName, dataRange),\n        filteredData, FILTER(data, INDEX(data,,2) = monthName, INDEX(data,,3) = year),\n        INDEX(filteredData,,5)\n      )\n    ),\n  result\n)\n	1		
تعداد فیش هرشب بجز سالن	B479		LET(\n  inputDate, AN,\n  sheetName, "اهداف فروش",\n  dataRange, "A:G",\n  result,\n    IF(\n      ISBLANK(inputDate),\n      "",\n      LET(\n        date, GREG_TO_JALALI(inputDate),\n        monthName, GET_JALALI_MONTH_NAME(date),\n        year, GET_JALALI_YEAR(date),\n        data, IMPORT_FROM_SHEET(SheetsFileId_Accounting_Chalebagh, sheetName, dataRange),\n        filteredData, FILTER(data, INDEX(data,,2) = monthName, INDEX(data,,3) = year),\n        INDEX(filteredData,,5)\n      )\n    ),\n  result\n)\n	1		
تعداد فیش هرشب بجز سالن	B480		LET(\n  inputDate, AN,\n  sheetName, "اهداف فروش",\n  dataRange, "A:G",\n  result,\n    IF(\n      ISBLANK(inputDate),\n      "",\n      LET(\n        date, GREG_TO_JALALI(inputDate),\n        monthName, GET_JALALI_MONTH_NAME(date),\n        year, GET_JALALI_YEAR(date),\n        data, IMPORT_FROM_SHEET(SheetsFileId_Accounting_Chalebagh, sheetName, dataRange),\n        filteredData, FILTER(data, INDEX(data,,2) = monthName, INDEX(data,,3) = year),\n        INDEX(filteredData,,5)\n      )\n    ),\n  result\n)\n	1		
تعداد فیش هرشب بجز سالن	B481		LET(\n  inputDate, AN,\n  sheetName, "اهداف فروش",\n  dataRange, "A:G",\n  result,\n    IF(\n      ISBLANK(inputDate),\n      "",\n      LET(\n        date, GREG_TO_JALALI(inputDate),\n        monthName, GET_JALALI_MONTH_NAME(date),\n        year, GET_JALALI_YEAR(date),\n        data, IMPORT_FROM_SHEET(SheetsFileId_Accounting_Chalebagh, sheetName, dataRange),\n        filteredData, FILTER(data, INDEX(data,,2) = monthName, INDEX(data,,3) = year),\n        INDEX(filteredData,,5)\n      )\n    ),\n  result\n)\n	1		
تعداد فیش هرشب بجز سالن	B482		LET(\n  inputDate, AN,\n  sheetName, "اهداف فروش",\n  dataRange, "A:G",\n  result,\n    IF(\n      ISBLANK(inputDate),\n      "",\n      LET(\n        date, GREG_TO_JALALI(inputDate),\n        monthName, GET_JALALI_MONTH_NAME(date),\n        year, GET_JALALI_YEAR(date),\n        data, IMPORT_FROM_SHEET(SheetsFileId_Accounting_Chalebagh, sheetName, dataRange),\n        filteredData, FILTER(data, INDEX(data,,2) = monthName, INDEX(data,,3) = year),\n        INDEX(filteredData,,5)\n      )\n    ),\n  result\n)\n	1		
تعداد فیش هرشب بجز سالن	B483		LET(\n  inputDate, AN,\n  sheetName, "اهداف فروش",\n  dataRange, "A:G",\n  result,\n    IF(\n      ISBLANK(inputDate),\n      "",\n      LET(\n        date, GREG_TO_JALALI(inputDate),\n        monthName, GET_JALALI_MONTH_NAME(date),\n        year, GET_JALALI_YEAR(date),\n        data, IMPORT_FROM_SHEET(SheetsFileId_Accounting_Chalebagh, sheetName, dataRange),\n        filteredData, FILTER(data, INDEX(data,,2) = monthName, INDEX(data,,3) = year),\n        INDEX(filteredData,,5)\n      )\n    ),\n  result\n)\n	1		
تعداد فیش هرشب بجز سالن	B484		LET(\n  inputDate, AN,\n  sheetName, "اهداف فروش",\n  dataRange, "A:G",\n  result,\n    IF(\n      ISBLANK(inputDate),\n      "",\n      LET(\n        date, GREG_TO_JALALI(inputDate),\n        monthName, GET_JALALI_MONTH_NAME(date),\n        year, GET_JALALI_YEAR(date),\n        data, IMPORT_FROM_SHEET(SheetsFileId_Accounting_Chalebagh, sheetName, dataRange),\n        filteredData, FILTER(data, INDEX(data,,2) = monthName, INDEX(data,,3) = year),\n        INDEX(filteredData,,5)\n      )\n    ),\n  result\n)\n	1		
تعداد فیش هرشب بجز سالن	B485		LET(\n  inputDate, AN,\n  sheetName, "اهداف فروش",\n  dataRange, "A:G",\n  result,\n    IF(\n      ISBLANK(inputDate),\n      "",\n      LET(\n        date, GREG_TO_JALALI(inputDate),\n        monthName, GET_JALALI_MONTH_NAME(date),\n        year, GET_JALALI_YEAR(date),\n        data, IMPORT_FROM_SHEET(SheetsFileId_Accounting_Chalebagh, sheetName, dataRange),\n        filteredData, FILTER(data, INDEX(data,,2) = monthName, INDEX(data,,3) = year),\n        INDEX(filteredData,,5)\n      )\n    ),\n  result\n)\n	1		
تعداد فیش هرشب بجز سالن	B486		LET(\n  inputDate, AN,\n  sheetName, "اهداف فروش",\n  dataRange, "A:G",\n  result,\n    IF(\n      ISBLANK(inputDate),\n      "",\n      LET(\n        date, GREG_TO_JALALI(inputDate),\n        monthName, GET_JALALI_MONTH_NAME(date),\n        year, GET_JALALI_YEAR(date),\n        data, IMPORT_FROM_SHEET(SheetsFileId_Accounting_Chalebagh, sheetName, dataRange),\n        filteredData, FILTER(data, INDEX(data,,2) = monthName, INDEX(data,,3) = year),\n        INDEX(filteredData,,5)\n      )\n    ),\n  result\n)\n	1		
تعداد فیش هرشب بجز سالن	B487		LET(\n  inputDate, AN,\n  sheetName, "اهداف فروش",\n  dataRange, "A:G",\n  result,\n    IF(\n      ISBLANK(inputDate),\n      "",\n      LET(\n        date, GREG_TO_JALALI(inputDate),\n        monthName, GET_JALALI_MONTH_NAME(date),\n        year, GET_JALALI_YEAR(date),\n        data, IMPORT_FROM_SHEET(SheetsFileId_Accounting_Chalebagh, sheetName, dataRange),\n        filteredData, FILTER(data, INDEX(data,,2) = monthName, INDEX(data,,3) = year),\n        INDEX(filteredData,,5)\n      )\n    ),\n  result\n)\n	1		
تعداد فیش هرشب بجز سالن	B488		LET(\n  inputDate, AN,\n  sheetName, "اهداف فروش",\n  dataRange, "A:G",\n  result,\n    IF(\n      ISBLANK(inputDate),\n      "",\n      LET(\n        date, GREG_TO_JALALI(inputDate),\n        monthName, GET_JALALI_MONTH_NAME(date),\n        year, GET_JALALI_YEAR(date),\n        data, IMPORT_FROM_SHEET(SheetsFileId_Accounting_Chalebagh, sheetName, dataRange),\n        filteredData, FILTER(data, INDEX(data,,2) = monthName, INDEX(data,,3) = year),\n        INDEX(filteredData,,5)\n      )\n    ),\n  result\n)\n	1		
تعداد فیش هرشب بجز سالن	B489		LET(\n  inputDate, AN,\n  sheetName, "اهداف فروش",\n  dataRange, "A:G",\n  result,\n    IF(\n      ISBLANK(inputDate),\n      "",\n      LET(\n        date, GREG_TO_JALALI(inputDate),\n        monthName, GET_JALALI_MONTH_NAME(date),\n        year, GET_JALALI_YEAR(date),\n        data, IMPORT_FROM_SHEET(SheetsFileId_Accounting_Chalebagh, sheetName, dataRange),\n        filteredData, FILTER(data, INDEX(data,,2) = monthName, INDEX(data,,3) = year),\n        INDEX(filteredData,,5)\n      )\n    ),\n  result\n)\n	1		
تعداد فیش هرشب بجز سالن	B490		LET(\n  inputDate, AN,\n  sheetName, "اهداف فروش",\n  dataRange, "A:G",\n  result,\n    IF(\n      ISBLANK(inputDate),\n      "",\n      LET(\n        date, GREG_TO_JALALI(inputDate),\n        monthName, GET_JALALI_MONTH_NAME(date),\n        year, GET_JALALI_YEAR(date),\n        data, IMPORT_FROM_SHEET(SheetsFileId_Accounting_Chalebagh, sheetName, dataRange),\n        filteredData, FILTER(data, INDEX(data,,2) = monthName, INDEX(data,,3) = year),\n        INDEX(filteredData,,5)\n      )\n    ),\n  result\n)\n	1		
تعداد فیش هرشب بجز سالن	B491		LET(\n  inputDate, AN,\n  sheetName, "اهداف فروش",\n  dataRange, "A:G",\n  result,\n    IF(\n      ISBLANK(inputDate),\n      "",\n      LET(\n        date, GREG_TO_JALALI(inputDate),\n        monthName, GET_JALALI_MONTH_NAME(date),\n        year, GET_JALALI_YEAR(date),\n        data, IMPORT_FROM_SHEET(SheetsFileId_Accounting_Chalebagh, sheetName, dataRange),\n        filteredData, FILTER(data, INDEX(data,,2) = monthName, INDEX(data,,3) = year),\n        INDEX(filteredData,,5)\n      )\n    ),\n  result\n)\n	1		
تعداد فیش هرشب بجز سالن	B492		LET(\n  inputDate, AN,\n  sheetName, "اهداف فروش",\n  dataRange, "A:G",\n  result,\n    IF(\n      ISBLANK(inputDate),\n      "",\n      LET(\n        date, GREG_TO_JALALI(inputDate),\n        monthName, GET_JALALI_MONTH_NAME(date),\n        year, GET_JALALI_YEAR(date),\n        data, IMPORT_FROM_SHEET(SheetsFileId_Accounting_Chalebagh, sheetName, dataRange),\n        filteredData, FILTER(data, INDEX(data,,2) = monthName, INDEX(data,,3) = year),\n        INDEX(filteredData,,5)\n      )\n    ),\n  result\n)\n	1		
تعداد فیش هرشب بجز سالن	B493		LET(\n  inputDate, AN,\n  sheetName, "اهداف فروش",\n  dataRange, "A:G",\n  result,\n    IF(\n      ISBLANK(inputDate),\n      "",\n      LET(\n        date, GREG_TO_JALALI(inputDate),\n        monthName, GET_JALALI_MONTH_NAME(date),\n        year, GET_JALALI_YEAR(date),\n        data, IMPORT_FROM_SHEET(SheetsFileId_Accounting_Chalebagh, sheetName, dataRange),\n        filteredData, FILTER(data, INDEX(data,,2) = monthName, INDEX(data,,3) = year),\n        INDEX(filteredData,,5)\n      )\n    ),\n  result\n)\n	1		
تعداد فیش هرشب بجز سالن	B494		LET(\n  inputDate, AN,\n  sheetName, "اهداف فروش",\n  dataRange, "A:G",\n  result,\n    IF(\n      ISBLANK(inputDate),\n      "",\n      LET(\n        date, GREG_TO_JALALI(inputDate),\n        monthName, GET_JALALI_MONTH_NAME(date),\n        year, GET_JALALI_YEAR(date),\n        data, IMPORT_FROM_SHEET(SheetsFileId_Accounting_Chalebagh, sheetName, dataRange),\n        filteredData, FILTER(data, INDEX(data,,2) = monthName, INDEX(data,,3) = year),\n        INDEX(filteredData,,5)\n      )\n    ),\n  result\n)\n	1		
تعداد فیش هرشب بجز سالن	B495		LET(\n  inputDate, AN,\n  sheetName, "اهداف فروش",\n  dataRange, "A:G",\n  result,\n    IF(\n      ISBLANK(inputDate),\n      "",\n      LET(\n        date, GREG_TO_JALALI(inputDate),\n        monthName, GET_JALALI_MONTH_NAME(date),\n        year, GET_JALALI_YEAR(date),\n        data, IMPORT_FROM_SHEET(SheetsFileId_Accounting_Chalebagh, sheetName, dataRange),\n        filteredData, FILTER(data, INDEX(data,,2) = monthName, INDEX(data,,3) = year),\n        INDEX(filteredData,,5)\n      )\n    ),\n  result\n)\n	1		
تعداد فیش هرشب بجز سالن	B496		LET(\n  inputDate, AN,\n  sheetName, "اهداف فروش",\n  dataRange, "A:G",\n  result,\n    IF(\n      ISBLANK(inputDate),\n      "",\n      LET(\n        date, GREG_TO_JALALI(inputDate),\n        monthName, GET_JALALI_MONTH_NAME(date),\n        year, GET_JALALI_YEAR(date),\n        data, IMPORT_FROM_SHEET(SheetsFileId_Accounting_Chalebagh, sheetName, dataRange),\n        filteredData, FILTER(data, INDEX(data,,2) = monthName, INDEX(data,,3) = year),\n        INDEX(filteredData,,5)\n      )\n    ),\n  result\n)\n	1		
تعداد فیش هرشب بجز سالن	B497		LET(\n  inputDate, AN,\n  sheetName, "اهداف فروش",\n  dataRange, "A:G",\n  result,\n    IF(\n      ISBLANK(inputDate),\n      "",\n      LET(\n        date, GREG_TO_JALALI(inputDate),\n        monthName, GET_JALALI_MONTH_NAME(date),\n        year, GET_JALALI_YEAR(date),\n        data, IMPORT_FROM_SHEET(SheetsFileId_Accounting_Chalebagh, sheetName, dataRange),\n        filteredData, FILTER(data, INDEX(data,,2) = monthName, INDEX(data,,3) = year),\n        INDEX(filteredData,,5)\n      )\n    ),\n  result\n)\n	1		
تعداد فیش هرشب بجز سالن	B498		LET(\n  inputDate, AN,\n  sheetName, "اهداف فروش",\n  dataRange, "A:G",\n  result,\n    IF(\n      ISBLANK(inputDate),\n      "",\n      LET(\n        date, GREG_TO_JALALI(inputDate),\n        monthName, GET_JALALI_MONTH_NAME(date),\n        year, GET_JALALI_YEAR(date),\n        data, IMPORT_FROM_SHEET(SheetsFileId_Accounting_Chalebagh, sheetName, dataRange),\n        filteredData, FILTER(data, INDEX(data,,2) = monthName, INDEX(data,,3) = year),\n        INDEX(filteredData,,5)\n      )\n    ),\n  result\n)\n	1		
تعداد فیش هرشب بجز سالن	B499		LET(\n  inputDate, AN,\n  sheetName, "اهداف فروش",\n  dataRange, "A:G",\n  result,\n    IF(\n      ISBLANK(inputDate),\n      "",\n      LET(\n        date, GREG_TO_JALALI(inputDate),\n        monthName, GET_JALALI_MONTH_NAME(date),\n        year, GET_JALALI_YEAR(date),\n        data, IMPORT_FROM_SHEET(SheetsFileId_Accounting_Chalebagh, sheetName, dataRange),\n        filteredData, FILTER(data, INDEX(data,,2) = monthName, INDEX(data,,3) = year),\n        INDEX(filteredData,,5)\n      )\n    ),\n  result\n)\n	1		
تعداد فیش هرشب بجز سالن	B500		LET(\n  inputDate, AN,\n  sheetName, "اهداف فروش",\n  dataRange, "A:G",\n  result,\n    IF(\n      ISBLANK(inputDate),\n      "",\n      LET(\n        date, GREG_TO_JALALI(inputDate),\n        monthName, GET_JALALI_MONTH_NAME(date),\n        year, GET_JALALI_YEAR(date),\n        data, IMPORT_FROM_SHEET(SheetsFileId_Accounting_Chalebagh, sheetName, dataRange),\n        filteredData, FILTER(data, INDEX(data,,2) = monthName, INDEX(data,,3) = year),\n        INDEX(filteredData,,5)\n      )\n    ),\n  result\n)\n	1		
تعداد فیش هرشب بجز سالن	B501		LET(\n  inputDate, AN,\n  sheetName, "اهداف فروش",\n  dataRange, "A:G",\n  result,\n    IF(\n      ISBLANK(inputDate),\n      "",\n      LET(\n        date, GREG_TO_JALALI(inputDate),\n        monthName, GET_JALALI_MONTH_NAME(date),\n        year, GET_JALALI_YEAR(date),\n        data, IMPORT_FROM_SHEET(SheetsFileId_Accounting_Chalebagh, sheetName, dataRange),\n        filteredData, FILTER(data, INDEX(data,,2) = monthName, INDEX(data,,3) = year),\n        INDEX(filteredData,,5)\n      )\n    ),\n  result\n)\n	1		
تعداد فیش هرشب بجز سالن	B502		LET(\n  inputDate, AN,\n  sheetName, "اهداف فروش",\n  dataRange, "A:G",\n  result,\n    IF(\n      ISBLANK(inputDate),\n      "",\n      LET(\n        date, GREG_TO_JALALI(inputDate),\n        monthName, GET_JALALI_MONTH_NAME(date),\n        year, GET_JALALI_YEAR(date),\n        data, IMPORT_FROM_SHEET(SheetsFileId_Accounting_Chalebagh, sheetName, dataRange),\n        filteredData, FILTER(data, INDEX(data,,2) = monthName, INDEX(data,,3) = year),\n        INDEX(filteredData,,5)\n      )\n    ),\n  result\n)\n	1		
تعداد فیش هرشب بجز سالن	B503		LET(\n  inputDate, AN,\n  sheetName, "اهداف فروش",\n  dataRange, "A:G",\n  result,\n    IF(\n      ISBLANK(inputDate),\n      "",\n      LET(\n        date, GREG_TO_JALALI(inputDate),\n        monthName, GET_JALALI_MONTH_NAME(date),\n        year, GET_JALALI_YEAR(date),\n        data, IMPORT_FROM_SHEET(SheetsFileId_Accounting_Chalebagh, sheetName, dataRange),\n        filteredData, FILTER(data, INDEX(data,,2) = monthName, INDEX(data,,3) = year),\n        INDEX(filteredData,,5)\n      )\n    ),\n  result\n)\n	1		
تعداد فیش هرشب بجز سالن	B504		LET(\n  inputDate, AN,\n  sheetName, "اهداف فروش",\n  dataRange, "A:G",\n  result,\n    IF(\n      ISBLANK(inputDate),\n      "",\n      LET(\n        date, GREG_TO_JALALI(inputDate),\n        monthName, GET_JALALI_MONTH_NAME(date),\n        year, GET_JALALI_YEAR(date),\n        data, IMPORT_FROM_SHEET(SheetsFileId_Accounting_Chalebagh, sheetName, dataRange),\n        filteredData, FILTER(data, INDEX(data,,2) = monthName, INDEX(data,,3) = year),\n        INDEX(filteredData,,5)\n      )\n    ),\n  result\n)\n	1		
تعداد فیش هرشب بجز سالن	B505		LET(\n  inputDate, AN,\n  sheetName, "اهداف فروش",\n  dataRange, "A:G",\n  result,\n    IF(\n      ISBLANK(inputDate),\n      "",\n      LET(\n        date, GREG_TO_JALALI(inputDate),\n        monthName, GET_JALALI_MONTH_NAME(date),\n        year, GET_JALALI_YEAR(date),\n        data, IMPORT_FROM_SHEET(SheetsFileId_Accounting_Chalebagh, sheetName, dataRange),\n        filteredData, FILTER(data, INDEX(data,,2) = monthName, INDEX(data,,3) = year),\n        INDEX(filteredData,,5)\n      )\n    ),\n  result\n)\n	1		
تعداد فیش هرشب بجز سالن	B506		LET(\n  inputDate, AN,\n  sheetName, "اهداف فروش",\n  dataRange, "A:G",\n  result,\n    IF(\n      ISBLANK(inputDate),\n      "",\n      LET(\n        date, GREG_TO_JALALI(inputDate),\n        monthName, GET_JALALI_MONTH_NAME(date),\n        year, GET_JALALI_YEAR(date),\n        data, IMPORT_FROM_SHEET(SheetsFileId_Accounting_Chalebagh, sheetName, dataRange),\n        filteredData, FILTER(data, INDEX(data,,2) = monthName, INDEX(data,,3) = year),\n        INDEX(filteredData,,5)\n      )\n    ),\n  result\n)\n	1		
تعداد فیش هرشب بجز سالن	B507		LET(\n  inputDate, AN,\n  sheetName, "اهداف فروش",\n  dataRange, "A:G",\n  result,\n    IF(\n      ISBLANK(inputDate),\n      "",\n      LET(\n        date, GREG_TO_JALALI(inputDate),\n        monthName, GET_JALALI_MONTH_NAME(date),\n        year, GET_JALALI_YEAR(date),\n        data, IMPORT_FROM_SHEET(SheetsFileId_Accounting_Chalebagh, sheetName, dataRange),\n        filteredData, FILTER(data, INDEX(data,,2) = monthName, INDEX(data,,3) = year),\n        INDEX(filteredData,,5)\n      )\n    ),\n  result\n)\n	1		
تعداد فیش هرشب بجز سالن	B508		LET(\n  inputDate, AN,\n  sheetName, "اهداف فروش",\n  dataRange, "A:G",\n  result,\n    IF(\n      ISBLANK(inputDate),\n      "",\n      LET(\n        date, GREG_TO_JALALI(inputDate),\n        monthName, GET_JALALI_MONTH_NAME(date),\n        year, GET_JALALI_YEAR(date),\n        data, IMPORT_FROM_SHEET(SheetsFileId_Accounting_Chalebagh, sheetName, dataRange),\n        filteredData, FILTER(data, INDEX(data,,2) = monthName, INDEX(data,,3) = year),\n        INDEX(filteredData,,5)\n      )\n    ),\n  result\n)\n	1		
تعداد فیش هرشب بجز سالن	B509		LET(\n  inputDate, AN,\n  sheetName, "اهداف فروش",\n  dataRange, "A:G",\n  result,\n    IF(\n      ISBLANK(inputDate),\n      "",\n      LET(\n        date, GREG_TO_JALALI(inputDate),\n        monthName, GET_JALALI_MONTH_NAME(date),\n        year, GET_JALALI_YEAR(date),\n        data, IMPORT_FROM_SHEET(SheetsFileId_Accounting_Chalebagh, sheetName, dataRange),\n        filteredData, FILTER(data, INDEX(data,,2) = monthName, INDEX(data,,3) = year),\n        INDEX(filteredData,,5)\n      )\n    ),\n  result\n)\n	1		
تعداد فیش هرشب بجز سالن	B510		LET(\n  inputDate, AN,\n  sheetName, "اهداف فروش",\n  dataRange, "A:G",\n  result,\n    IF(\n      ISBLANK(inputDate),\n      "",\n      LET(\n        date, GREG_TO_JALALI(inputDate),\n        monthName, GET_JALALI_MONTH_NAME(date),\n        year, GET_JALALI_YEAR(date),\n        data, IMPORT_FROM_SHEET(SheetsFileId_Accounting_Chalebagh, sheetName, dataRange),\n        filteredData, FILTER(data, INDEX(data,,2) = monthName, INDEX(data,,3) = year),\n        INDEX(filteredData,,5)\n      )\n    ),\n  result\n)\n	1		
تعداد فیش هرشب بجز سالن	B511		LET(\n  inputDate, AN,\n  sheetName, "اهداف فروش",\n  dataRange, "A:G",\n  result,\n    IF(\n      ISBLANK(inputDate),\n      "",\n      LET(\n        date, GREG_TO_JALALI(inputDate),\n        monthName, GET_JALALI_MONTH_NAME(date),\n        year, GET_JALALI_YEAR(date),\n        data, IMPORT_FROM_SHEET(SheetsFileId_Accounting_Chalebagh, sheetName, dataRange),\n        filteredData, FILTER(data, INDEX(data,,2) = monthName, INDEX(data,,3) = year),\n        INDEX(filteredData,,5)\n      )\n    ),\n  result\n)\n	1		
تعداد فیش هرشب بجز سالن	B512		LET(\n  inputDate, AN,\n  sheetName, "اهداف فروش",\n  dataRange, "A:G",\n  result,\n    IF(\n      ISBLANK(inputDate),\n      "",\n      LET(\n        date, GREG_TO_JALALI(inputDate),\n        monthName, GET_JALALI_MONTH_NAME(date),\n        year, GET_JALALI_YEAR(date),\n        data, IMPORT_FROM_SHEET(SheetsFileId_Accounting_Chalebagh, sheetName, dataRange),\n        filteredData, FILTER(data, INDEX(data,,2) = monthName, INDEX(data,,3) = year),\n        INDEX(filteredData,,5)\n      )\n    ),\n  result\n)\n	1		
تعداد فیش هرشب بجز سالن	B513		LET(\n  inputDate, AN,\n  sheetName, "اهداف فروش",\n  dataRange, "A:G",\n  result,\n    IF(\n      ISBLANK(inputDate),\n      "",\n      LET(\n        date, GREG_TO_JALALI(inputDate),\n        monthName, GET_JALALI_MONTH_NAME(date),\n        year, GET_JALALI_YEAR(date),\n        data, IMPORT_FROM_SHEET(SheetsFileId_Accounting_Chalebagh, sheetName, dataRange),\n        filteredData, FILTER(data, INDEX(data,,2) = monthName, INDEX(data,,3) = year),\n        INDEX(filteredData,,5)\n      )\n    ),\n  result\n)\n	1		
تعداد فیش هرشب بجز سالن	B514		LET(\n  inputDate, AN,\n  sheetName, "اهداف فروش",\n  dataRange, "A:G",\n  result,\n    IF(\n      ISBLANK(inputDate),\n      "",\n      LET(\n        date, GREG_TO_JALALI(inputDate),\n        monthName, GET_JALALI_MONTH_NAME(date),\n        year, GET_JALALI_YEAR(date),\n        data, IMPORT_FROM_SHEET(SheetsFileId_Accounting_Chalebagh, sheetName, dataRange),\n        filteredData, FILTER(data, INDEX(data,,2) = monthName, INDEX(data,,3) = year),\n        INDEX(filteredData,,5)\n      )\n    ),\n  result\n)\n	1		
تعداد فیش هرشب بجز سالن	B515		LET(\n  inputDate, AN,\n  sheetName, "اهداف فروش",\n  dataRange, "A:G",\n  result,\n    IF(\n      ISBLANK(inputDate),\n      "",\n      LET(\n        date, GREG_TO_JALALI(inputDate),\n        monthName, GET_JALALI_MONTH_NAME(date),\n        year, GET_JALALI_YEAR(date),\n        data, IMPORT_FROM_SHEET(SheetsFileId_Accounting_Chalebagh, sheetName, dataRange),\n        filteredData, FILTER(data, INDEX(data,,2) = monthName, INDEX(data,,3) = year),\n        INDEX(filteredData,,5)\n      )\n    ),\n  result\n)\n	1		
تعداد فیش هرشب بجز سالن	B516		LET(\n  inputDate, AN,\n  sheetName, "اهداف فروش",\n  dataRange, "A:G",\n  result,\n    IF(\n      ISBLANK(inputDate),\n      "",\n      LET(\n        date, GREG_TO_JALALI(inputDate),\n        monthName, GET_JALALI_MONTH_NAME(date),\n        year, GET_JALALI_YEAR(date),\n        data, IMPORT_FROM_SHEET(SheetsFileId_Accounting_Chalebagh, sheetName, dataRange),\n        filteredData, FILTER(data, INDEX(data,,2) = monthName, INDEX(data,,3) = year),\n        INDEX(filteredData,,5)\n      )\n    ),\n  result\n)\n	1		
تعداد فیش هرشب بجز سالن	B517		LET(\n  inputDate, AN,\n  sheetName, "اهداف فروش",\n  dataRange, "A:G",\n  result,\n    IF(\n      ISBLANK(inputDate),\n      "",\n      LET(\n        date, GREG_TO_JALALI(inputDate),\n        monthName, GET_JALALI_MONTH_NAME(date),\n        year, GET_JALALI_YEAR(date),\n        data, IMPORT_FROM_SHEET(SheetsFileId_Accounting_Chalebagh, sheetName, dataRange),\n        filteredData, FILTER(data, INDEX(data,,2) = monthName, INDEX(data,,3) = year),\n        INDEX(filteredData,,5)\n      )\n    ),\n  result\n)\n	1		
تعداد فیش هرشب بجز سالن	B518		LET(\n  inputDate, AN,\n  sheetName, "اهداف فروش",\n  dataRange, "A:G",\n  result,\n    IF(\n      ISBLANK(inputDate),\n      "",\n      LET(\n        date, GREG_TO_JALALI(inputDate),\n        monthName, GET_JALALI_MONTH_NAME(date),\n        year, GET_JALALI_YEAR(date),\n        data, IMPORT_FROM_SHEET(SheetsFileId_Accounting_Chalebagh, sheetName, dataRange),\n        filteredData, FILTER(data, INDEX(data,,2) = monthName, INDEX(data,,3) = year),\n        INDEX(filteredData,,5)\n      )\n    ),\n  result\n)\n	1		
تعداد فیش هرشب بجز سالن	B519		LET(\n  inputDate, AN,\n  sheetName, "اهداف فروش",\n  dataRange, "A:G",\n  result,\n    IF(\n      ISBLANK(inputDate),\n      "",\n      LET(\n        date, GREG_TO_JALALI(inputDate),\n        monthName, GET_JALALI_MONTH_NAME(date),\n        year, GET_JALALI_YEAR(date),\n        data, IMPORT_FROM_SHEET(SheetsFileId_Accounting_Chalebagh, sheetName, dataRange),\n        filteredData, FILTER(data, INDEX(data,,2) = monthName, INDEX(data,,3) = year),\n        INDEX(filteredData,,5)\n      )\n    ),\n  result\n)\n	1		
تعداد فیش هرشب بجز سالن	B520		LET(\n  inputDate, AN,\n  sheetName, "اهداف فروش",\n  dataRange, "A:G",\n  result,\n    IF(\n      ISBLANK(inputDate),\n      "",\n      LET(\n        date, GREG_TO_JALALI(inputDate),\n        monthName, GET_JALALI_MONTH_NAME(date),\n        year, GET_JALALI_YEAR(date),\n        data, IMPORT_FROM_SHEET(SheetsFileId_Accounting_Chalebagh, sheetName, dataRange),\n        filteredData, FILTER(data, INDEX(data,,2) = monthName, INDEX(data,,3) = year),\n        INDEX(filteredData,,5)\n      )\n    ),\n  result\n)\n	1		
تعداد فیش هرشب بجز سالن	B521		LET(\n  inputDate, AN,\n  sheetName, "اهداف فروش",\n  dataRange, "A:G",\n  result,\n    IF(\n      ISBLANK(inputDate),\n      "",\n      LET(\n        date, GREG_TO_JALALI(inputDate),\n        monthName, GET_JALALI_MONTH_NAME(date),\n        year, GET_JALALI_YEAR(date),\n        data, IMPORT_FROM_SHEET(SheetsFileId_Accounting_Chalebagh, sheetName, dataRange),\n        filteredData, FILTER(data, INDEX(data,,2) = monthName, INDEX(data,,3) = year),\n        INDEX(filteredData,,5)\n      )\n    ),\n  result\n)\n	1		
تعداد فیش هرشب بجز سالن	B522		LET(\n  inputDate, AN,\n  sheetName, "اهداف فروش",\n  dataRange, "A:G",\n  result,\n    IF(\n      ISBLANK(inputDate),\n      "",\n      LET(\n        date, GREG_TO_JALALI(inputDate),\n        monthName, GET_JALALI_MONTH_NAME(date),\n        year, GET_JALALI_YEAR(date),\n        data, IMPORT_FROM_SHEET(SheetsFileId_Accounting_Chalebagh, sheetName, dataRange),\n        filteredData, FILTER(data, INDEX(data,,2) = monthName, INDEX(data,,3) = year),\n        INDEX(filteredData,,5)\n      )\n    ),\n  result\n)\n	1		
تعداد فیش هرشب بجز سالن	B523		LET(\n  inputDate, AN,\n  sheetName, "اهداف فروش",\n  dataRange, "A:G",\n  result,\n    IF(\n      ISBLANK(inputDate),\n      "",\n      LET(\n        date, GREG_TO_JALALI(inputDate),\n        monthName, GET_JALALI_MONTH_NAME(date),\n        year, GET_JALALI_YEAR(date),\n        data, IMPORT_FROM_SHEET(SheetsFileId_Accounting_Chalebagh, sheetName, dataRange),\n        filteredData, FILTER(data, INDEX(data,,2) = monthName, INDEX(data,,3) = year),\n        INDEX(filteredData,,5)\n      )\n    ),\n  result\n)\n	1		
تعداد فیش هرشب بجز سالن	B524		LET(\n  inputDate, AN,\n  sheetName, "اهداف فروش",\n  dataRange, "A:G",\n  result,\n    IF(\n      ISBLANK(inputDate),\n      "",\n      LET(\n        date, GREG_TO_JALALI(inputDate),\n        monthName, GET_JALALI_MONTH_NAME(date),\n        year, GET_JALALI_YEAR(date),\n        data, IMPORT_FROM_SHEET(SheetsFileId_Accounting_Chalebagh, sheetName, dataRange),\n        filteredData, FILTER(data, INDEX(data,,2) = monthName, INDEX(data,,3) = year),\n        INDEX(filteredData,,5)\n      )\n    ),\n  result\n)\n	1		
تعداد فیش هرشب بجز سالن	B525		LET(\n  inputDate, AN,\n  sheetName, "اهداف فروش",\n  dataRange, "A:G",\n  result,\n    IF(\n      ISBLANK(inputDate),\n      "",\n      LET(\n        date, GREG_TO_JALALI(inputDate),\n        monthName, GET_JALALI_MONTH_NAME(date),\n        year, GET_JALALI_YEAR(date),\n        data, IMPORT_FROM_SHEET(SheetsFileId_Accounting_Chalebagh, sheetName, dataRange),\n        filteredData, FILTER(data, INDEX(data,,2) = monthName, INDEX(data,,3) = year),\n        INDEX(filteredData,,5)\n      )\n    ),\n  result\n)\n	1		
تعداد فیش هرشب بجز سالن	B526		LET(\n  inputDate, AN,\n  sheetName, "اهداف فروش",\n  dataRange, "A:G",\n  result,\n    IF(\n      ISBLANK(inputDate),\n      "",\n      LET(\n        date, GREG_TO_JALALI(inputDate),\n        monthName, GET_JALALI_MONTH_NAME(date),\n        year, GET_JALALI_YEAR(date),\n        data, IMPORT_FROM_SHEET(SheetsFileId_Accounting_Chalebagh, sheetName, dataRange),\n        filteredData, FILTER(data, INDEX(data,,2) = monthName, INDEX(data,,3) = year),\n        INDEX(filteredData,,5)\n      )\n    ),\n  result\n)\n	1		
تعداد فیش هرشب بجز سالن	B527		LET(\n  inputDate, AN,\n  sheetName, "اهداف فروش",\n  dataRange, "A:G",\n  result,\n    IF(\n      ISBLANK(inputDate),\n      "",\n      LET(\n        date, GREG_TO_JALALI(inputDate),\n        monthName, GET_JALALI_MONTH_NAME(date),\n        year, GET_JALALI_YEAR(date),\n        data, IMPORT_FROM_SHEET(SheetsFileId_Accounting_Chalebagh, sheetName, dataRange),\n        filteredData, FILTER(data, INDEX(data,,2) = monthName, INDEX(data,,3) = year),\n        INDEX(filteredData,,5)\n      )\n    ),\n  result\n)\n	1		
تعداد فیش هرشب بجز سالن	B528		LET(\n  inputDate, AN,\n  sheetName, "اهداف فروش",\n  dataRange, "A:G",\n  result,\n    IF(\n      ISBLANK(inputDate),\n      "",\n      LET(\n        date, GREG_TO_JALALI(inputDate),\n        monthName, GET_JALALI_MONTH_NAME(date),\n        year, GET_JALALI_YEAR(date),\n        data, IMPORT_FROM_SHEET(SheetsFileId_Accounting_Chalebagh, sheetName, dataRange),\n        filteredData, FILTER(data, INDEX(data,,2) = monthName, INDEX(data,,3) = year),\n        INDEX(filteredData,,5)\n      )\n    ),\n  result\n)\n	1		
تعداد فیش هرشب بجز سالن	B529		LET(\n  inputDate, AN,\n  sheetName, "اهداف فروش",\n  dataRange, "A:G",\n  result,\n    IF(\n      ISBLANK(inputDate),\n      "",\n      LET(\n        date, GREG_TO_JALALI(inputDate),\n        monthName, GET_JALALI_MONTH_NAME(date),\n        year, GET_JALALI_YEAR(date),\n        data, IMPORT_FROM_SHEET(SheetsFileId_Accounting_Chalebagh, sheetName, dataRange),\n        filteredData, FILTER(data, INDEX(data,,2) = monthName, INDEX(data,,3) = year),\n        INDEX(filteredData,,5)\n      )\n    ),\n  result\n)\n	1		
تعداد فیش هرشب بجز سالن	B530		LET(\n  inputDate, AN,\n  sheetName, "اهداف فروش",\n  dataRange, "A:G",\n  result,\n    IF(\n      ISBLANK(inputDate),\n      "",\n      LET(\n        date, GREG_TO_JALALI(inputDate),\n        monthName, GET_JALALI_MONTH_NAME(date),\n        year, GET_JALALI_YEAR(date),\n        data, IMPORT_FROM_SHEET(SheetsFileId_Accounting_Chalebagh, sheetName, dataRange),\n        filteredData, FILTER(data, INDEX(data,,2) = monthName, INDEX(data,,3) = year),\n        INDEX(filteredData,,5)\n      )\n    ),\n  result\n)\n	1		
تعداد فیش هرشب بجز سالن	B531		LET(\n  inputDate, AN,\n  sheetName, "اهداف فروش",\n  dataRange, "A:G",\n  result,\n    IF(\n      ISBLANK(inputDate),\n      "",\n      LET(\n        date, GREG_TO_JALALI(inputDate),\n        monthName, GET_JALALI_MONTH_NAME(date),\n        year, GET_JALALI_YEAR(date),\n        data, IMPORT_FROM_SHEET(SheetsFileId_Accounting_Chalebagh, sheetName, dataRange),\n        filteredData, FILTER(data, INDEX(data,,2) = monthName, INDEX(data,,3) = year),\n        INDEX(filteredData,,5)\n      )\n    ),\n  result\n)\n	1		
تعداد فیش هرشب بجز سالن	B532		LET(\n  inputDate, AN,\n  sheetName, "اهداف فروش",\n  dataRange, "A:G",\n  result,\n    IF(\n      ISBLANK(inputDate),\n      "",\n      LET(\n        date, GREG_TO_JALALI(inputDate),\n        monthName, GET_JALALI_MONTH_NAME(date),\n        year, GET_JALALI_YEAR(date),\n        data, IMPORT_FROM_SHEET(SheetsFileId_Accounting_Chalebagh, sheetName, dataRange),\n        filteredData, FILTER(data, INDEX(data,,2) = monthName, INDEX(data,,3) = year),\n        INDEX(filteredData,,5)\n      )\n    ),\n  result\n)\n	1		
تعداد فیش هرشب بجز سالن	B533		LET(\n  inputDate, AN,\n  sheetName, "اهداف فروش",\n  dataRange, "A:G",\n  result,\n    IF(\n      ISBLANK(inputDate),\n      "",\n      LET(\n        date, GREG_TO_JALALI(inputDate),\n        monthName, GET_JALALI_MONTH_NAME(date),\n        year, GET_JALALI_YEAR(date),\n        data, IMPORT_FROM_SHEET(SheetsFileId_Accounting_Chalebagh, sheetName, dataRange),\n        filteredData, FILTER(data, INDEX(data,,2) = monthName, INDEX(data,,3) = year),\n        INDEX(filteredData,,5)\n      )\n    ),\n  result\n)\n	1		
تعداد فیش هرشب بجز سالن	B534		LET(\n  inputDate, AN,\n  sheetName, "اهداف فروش",\n  dataRange, "A:G",\n  result,\n    IF(\n      ISBLANK(inputDate),\n      "",\n      LET(\n        date, GREG_TO_JALALI(inputDate),\n        monthName, GET_JALALI_MONTH_NAME(date),\n        year, GET_JALALI_YEAR(date),\n        data, IMPORT_FROM_SHEET(SheetsFileId_Accounting_Chalebagh, sheetName, dataRange),\n        filteredData, FILTER(data, INDEX(data,,2) = monthName, INDEX(data,,3) = year),\n        INDEX(filteredData,,5)\n      )\n    ),\n  result\n)\n	1		
تعداد فیش هرشب بجز سالن	B535		LET(\n  inputDate, AN,\n  sheetName, "اهداف فروش",\n  dataRange, "A:G",\n  result,\n    IF(\n      ISBLANK(inputDate),\n      "",\n      LET(\n        date, GREG_TO_JALALI(inputDate),\n        monthName, GET_JALALI_MONTH_NAME(date),\n        year, GET_JALALI_YEAR(date),\n        data, IMPORT_FROM_SHEET(SheetsFileId_Accounting_Chalebagh, sheetName, dataRange),\n        filteredData, FILTER(data, INDEX(data,,2) = monthName, INDEX(data,,3) = year),\n        INDEX(filteredData,,5)\n      )\n    ),\n  result\n)\n	1		
تعداد فیش هرشب بجز سالن	B536		LET(\n  inputDate, AN,\n  sheetName, "اهداف فروش",\n  dataRange, "A:G",\n  result,\n    IF(\n      ISBLANK(inputDate),\n      "",\n      LET(\n        date, GREG_TO_JALALI(inputDate),\n        monthName, GET_JALALI_MONTH_NAME(date),\n        year, GET_JALALI_YEAR(date),\n        data, IMPORT_FROM_SHEET(SheetsFileId_Accounting_Chalebagh, sheetName, dataRange),\n        filteredData, FILTER(data, INDEX(data,,2) = monthName, INDEX(data,,3) = year),\n        INDEX(filteredData,,5)\n      )\n    ),\n  result\n)\n	1		
تعداد فیش هرشب بجز سالن	B537		LET(\n  inputDate, AN,\n  sheetName, "اهداف فروش",\n  dataRange, "A:G",\n  result,\n    IF(\n      ISBLANK(inputDate),\n      "",\n      LET(\n        date, GREG_TO_JALALI(inputDate),\n        monthName, GET_JALALI_MONTH_NAME(date),\n        year, GET_JALALI_YEAR(date),\n        data, IMPORT_FROM_SHEET(SheetsFileId_Accounting_Chalebagh, sheetName, dataRange),\n        filteredData, FILTER(data, INDEX(data,,2) = monthName, INDEX(data,,3) = year),\n        INDEX(filteredData,,5)\n      )\n    ),\n  result\n)\n	1		
تعداد فیش هرشب بجز سالن	B538		LET(\n  inputDate, AN,\n  sheetName, "اهداف فروش",\n  dataRange, "A:G",\n  result,\n    IF(\n      ISBLANK(inputDate),\n      "",\n      LET(\n        date, GREG_TO_JALALI(inputDate),\n        monthName, GET_JALALI_MONTH_NAME(date),\n        year, GET_JALALI_YEAR(date),\n        data, IMPORT_FROM_SHEET(SheetsFileId_Accounting_Chalebagh, sheetName, dataRange),\n        filteredData, FILTER(data, INDEX(data,,2) = monthName, INDEX(data,,3) = year),\n        INDEX(filteredData,,5)\n      )\n    ),\n  result\n)\n	1		
تعداد فیش هرشب بجز سالن	B539		LET(\n  inputDate, AN,\n  sheetName, "اهداف فروش",\n  dataRange, "A:G",\n  result,\n    IF(\n      ISBLANK(inputDate),\n      "",\n      LET(\n        date, GREG_TO_JALALI(inputDate),\n        monthName, GET_JALALI_MONTH_NAME(date),\n        year, GET_JALALI_YEAR(date),\n        data, IMPORT_FROM_SHEET(SheetsFileId_Accounting_Chalebagh, sheetName, dataRange),\n        filteredData, FILTER(data, INDEX(data,,2) = monthName, INDEX(data,,3) = year),\n        INDEX(filteredData,,5)\n      )\n    ),\n  result\n)\n	1		
تعداد فیش هرشب بجز سالن	B540		LET(\n  inputDate, AN,\n  sheetName, "اهداف فروش",\n  dataRange, "A:G",\n  result,\n    IF(\n      ISBLANK(inputDate),\n      "",\n      LET(\n        date, GREG_TO_JALALI(inputDate),\n        monthName, GET_JALALI_MONTH_NAME(date),\n        year, GET_JALALI_YEAR(date),\n        data, IMPORT_FROM_SHEET(SheetsFileId_Accounting_Chalebagh, sheetName, dataRange),\n        filteredData, FILTER(data, INDEX(data,,2) = monthName, INDEX(data,,3) = year),\n        INDEX(filteredData,,5)\n      )\n    ),\n  result\n)\n	1		
تعداد فیش هرشب بجز سالن	B541		LET(\n  inputDate, AN,\n  sheetName, "اهداف فروش",\n  dataRange, "A:G",\n  result,\n    IF(\n      ISBLANK(inputDate),\n      "",\n      LET(\n        date, GREG_TO_JALALI(inputDate),\n        monthName, GET_JALALI_MONTH_NAME(date),\n        year, GET_JALALI_YEAR(date),\n        data, IMPORT_FROM_SHEET(SheetsFileId_Accounting_Chalebagh, sheetName, dataRange),\n        filteredData, FILTER(data, INDEX(data,,2) = monthName, INDEX(data,,3) = year),\n        INDEX(filteredData,,5)\n      )\n    ),\n  result\n)\n	1		
تعداد فیش هرشب بجز سالن	B542		LET(\n  inputDate, AN,\n  sheetName, "اهداف فروش",\n  dataRange, "A:G",\n  result,\n    IF(\n      ISBLANK(inputDate),\n      "",\n      LET(\n        date, GREG_TO_JALALI(inputDate),\n        monthName, GET_JALALI_MONTH_NAME(date),\n        year, GET_JALALI_YEAR(date),\n        data, IMPORT_FROM_SHEET(SheetsFileId_Accounting_Chalebagh, sheetName, dataRange),\n        filteredData, FILTER(data, INDEX(data,,2) = monthName, INDEX(data,,3) = year),\n        INDEX(filteredData,,5)\n      )\n    ),\n  result\n)\n	1		
تعداد فیش هرشب بجز سالن	B543		LET(\n  inputDate, AN,\n  sheetName, "اهداف فروش",\n  dataRange, "A:G",\n  result,\n    IF(\n      ISBLANK(inputDate),\n      "",\n      LET(\n        date, GREG_TO_JALALI(inputDate),\n        monthName, GET_JALALI_MONTH_NAME(date),\n        year, GET_JALALI_YEAR(date),\n        data, IMPORT_FROM_SHEET(SheetsFileId_Accounting_Chalebagh, sheetName, dataRange),\n        filteredData, FILTER(data, INDEX(data,,2) = monthName, INDEX(data,,3) = year),\n        INDEX(filteredData,,5)\n      )\n    ),\n  result\n)\n	1		
تعداد فیش هرشب بجز سالن	B544		LET(\n  inputDate, AN,\n  sheetName, "اهداف فروش",\n  dataRange, "A:G",\n  result,\n    IF(\n      ISBLANK(inputDate),\n      "",\n      LET(\n        date, GREG_TO_JALALI(inputDate),\n        monthName, GET_JALALI_MONTH_NAME(date),\n        year, GET_JALALI_YEAR(date),\n        data, IMPORT_FROM_SHEET(SheetsFileId_Accounting_Chalebagh, sheetName, dataRange),\n        filteredData, FILTER(data, INDEX(data,,2) = monthName, INDEX(data,,3) = year),\n        INDEX(filteredData,,5)\n      )\n    ),\n  result\n)\n	1		
تعداد فیش هرشب بجز سالن	B545		LET(\n  inputDate, AN,\n  sheetName, "اهداف فروش",\n  dataRange, "A:G",\n  result,\n    IF(\n      ISBLANK(inputDate),\n      "",\n      LET(\n        date, GREG_TO_JALALI(inputDate),\n        monthName, GET_JALALI_MONTH_NAME(date),\n        year, GET_JALALI_YEAR(date),\n        data, IMPORT_FROM_SHEET(SheetsFileId_Accounting_Chalebagh, sheetName, dataRange),\n        filteredData, FILTER(data, INDEX(data,,2) = monthName, INDEX(data,,3) = year),\n        INDEX(filteredData,,5)\n      )\n    ),\n  result\n)\n	1		
تعداد فیش هرشب بجز سالن	B546		LET(\n  inputDate, AN,\n  sheetName, "اهداف فروش",\n  dataRange, "A:G",\n  result,\n    IF(\n      ISBLANK(inputDate),\n      "",\n      LET(\n        date, GREG_TO_JALALI(inputDate),\n        monthName, GET_JALALI_MONTH_NAME(date),\n        year, GET_JALALI_YEAR(date),\n        data, IMPORT_FROM_SHEET(SheetsFileId_Accounting_Chalebagh, sheetName, dataRange),\n        filteredData, FILTER(data, INDEX(data,,2) = monthName, INDEX(data,,3) = year),\n        INDEX(filteredData,,5)\n      )\n    ),\n  result\n)\n	1		
تعداد فیش هرشب بجز سالن	B547		LET(\n  inputDate, AN,\n  sheetName, "اهداف فروش",\n  dataRange, "A:G",\n  result,\n    IF(\n      ISBLANK(inputDate),\n      "",\n      LET(\n        date, GREG_TO_JALALI(inputDate),\n        monthName, GET_JALALI_MONTH_NAME(date),\n        year, GET_JALALI_YEAR(date),\n        data, IMPORT_FROM_SHEET(SheetsFileId_Accounting_Chalebagh, sheetName, dataRange),\n        filteredData, FILTER(data, INDEX(data,,2) = monthName, INDEX(data,,3) = year),\n        INDEX(filteredData,,5)\n      )\n    ),\n  result\n)\n	1		
تعداد فیش هرشب بجز سالن	B548		LET(\n  inputDate, AN,\n  sheetName, "اهداف فروش",\n  dataRange, "A:G",\n  result,\n    IF(\n      ISBLANK(inputDate),\n      "",\n      LET(\n        date, GREG_TO_JALALI(inputDate),\n        monthName, GET_JALALI_MONTH_NAME(date),\n        year, GET_JALALI_YEAR(date),\n        data, IMPORT_FROM_SHEET(SheetsFileId_Accounting_Chalebagh, sheetName, dataRange),\n        filteredData, FILTER(data, INDEX(data,,2) = monthName, INDEX(data,,3) = year),\n        INDEX(filteredData,,5)\n      )\n    ),\n  result\n)\n	1		
تعداد فیش هرشب بجز سالن	B549		LET(\n  inputDate, AN,\n  sheetName, "اهداف فروش",\n  dataRange, "A:G",\n  result,\n    IF(\n      ISBLANK(inputDate),\n      "",\n      LET(\n        date, GREG_TO_JALALI(inputDate),\n        monthName, GET_JALALI_MONTH_NAME(date),\n        year, GET_JALALI_YEAR(date),\n        data, IMPORT_FROM_SHEET(SheetsFileId_Accounting_Chalebagh, sheetName, dataRange),\n        filteredData, FILTER(data, INDEX(data,,2) = monthName, INDEX(data,,3) = year),\n        INDEX(filteredData,,5)\n      )\n    ),\n  result\n)\n	1		
تعداد فیش هرشب بجز سالن	B550		LET(\n  inputDate, AN,\n  sheetName, "اهداف فروش",\n  dataRange, "A:G",\n  result,\n    IF(\n      ISBLANK(inputDate),\n      "",\n      LET(\n        date, GREG_TO_JALALI(inputDate),\n        monthName, GET_JALALI_MONTH_NAME(date),\n        year, GET_JALALI_YEAR(date),\n        data, IMPORT_FROM_SHEET(SheetsFileId_Accounting_Chalebagh, sheetName, dataRange),\n        filteredData, FILTER(data, INDEX(data,,2) = monthName, INDEX(data,,3) = year),\n        INDEX(filteredData,,5)\n      )\n    ),\n  result\n)\n	1		
تعداد فیش هرشب بجز سالن	B551		LET(\n  inputDate, AN,\n  sheetName, "اهداف فروش",\n  dataRange, "A:G",\n  result,\n    IF(\n      ISBLANK(inputDate),\n      "",\n      LET(\n        date, GREG_TO_JALALI(inputDate),\n        monthName, GET_JALALI_MONTH_NAME(date),\n        year, GET_JALALI_YEAR(date),\n        data, IMPORT_FROM_SHEET(SheetsFileId_Accounting_Chalebagh, sheetName, dataRange),\n        filteredData, FILTER(data, INDEX(data,,2) = monthName, INDEX(data,,3) = year),\n        INDEX(filteredData,,5)\n      )\n    ),\n  result\n)\n	1		
تعداد فیش هرشب بجز سالن	B552		LET(\n  inputDate, AN,\n  sheetName, "اهداف فروش",\n  dataRange, "A:G",\n  result,\n    IF(\n      ISBLANK(inputDate),\n      "",\n      LET(\n        date, GREG_TO_JALALI(inputDate),\n        monthName, GET_JALALI_MONTH_NAME(date),\n        year, GET_JALALI_YEAR(date),\n        data, IMPORT_FROM_SHEET(SheetsFileId_Accounting_Chalebagh, sheetName, dataRange),\n        filteredData, FILTER(data, INDEX(data,,2) = monthName, INDEX(data,,3) = year),\n        INDEX(filteredData,,5)\n      )\n    ),\n  result\n)\n	1		
تعداد فیش هرشب بجز سالن	B553		LET(\n  inputDate, AN,\n  sheetName, "اهداف فروش",\n  dataRange, "A:G",\n  result,\n    IF(\n      ISBLANK(inputDate),\n      "",\n      LET(\n        date, GREG_TO_JALALI(inputDate),\n        monthName, GET_JALALI_MONTH_NAME(date),\n        year, GET_JALALI_YEAR(date),\n        data, IMPORT_FROM_SHEET(SheetsFileId_Accounting_Chalebagh, sheetName, dataRange),\n        filteredData, FILTER(data, INDEX(data,,2) = monthName, INDEX(data,,3) = year),\n        INDEX(filteredData,,5)\n      )\n    ),\n  result\n)\n	1		
تعداد فیش هرشب بجز سالن	B554		LET(\n  inputDate, AN,\n  sheetName, "اهداف فروش",\n  dataRange, "A:G",\n  result,\n    IF(\n      ISBLANK(inputDate),\n      "",\n      LET(\n        date, GREG_TO_JALALI(inputDate),\n        monthName, GET_JALALI_MONTH_NAME(date),\n        year, GET_JALALI_YEAR(date),\n        data, IMPORT_FROM_SHEET(SheetsFileId_Accounting_Chalebagh, sheetName, dataRange),\n        filteredData, FILTER(data, INDEX(data,,2) = monthName, INDEX(data,,3) = year),\n        INDEX(filteredData,,5)\n      )\n    ),\n  result\n)\n	1		
تعداد فیش هرشب بجز سالن	B555		LET(\n  inputDate, AN,\n  sheetName, "اهداف فروش",\n  dataRange, "A:G",\n  result,\n    IF(\n      ISBLANK(inputDate),\n      "",\n      LET(\n        date, GREG_TO_JALALI(inputDate),\n        monthName, GET_JALALI_MONTH_NAME(date),\n        year, GET_JALALI_YEAR(date),\n        data, IMPORT_FROM_SHEET(SheetsFileId_Accounting_Chalebagh, sheetName, dataRange),\n        filteredData, FILTER(data, INDEX(data,,2) = monthName, INDEX(data,,3) = year),\n        INDEX(filteredData,,5)\n      )\n    ),\n  result\n)\n	1		
تعداد فیش هرشب بجز سالن	B556		LET(\n  inputDate, AN,\n  sheetName, "اهداف فروش",\n  dataRange, "A:G",\n  result,\n    IF(\n      ISBLANK(inputDate),\n      "",\n      LET(\n        date, GREG_TO_JALALI(inputDate),\n        monthName, GET_JALALI_MONTH_NAME(date),\n        year, GET_JALALI_YEAR(date),\n        data, IMPORT_FROM_SHEET(SheetsFileId_Accounting_Chalebagh, sheetName, dataRange),\n        filteredData, FILTER(data, INDEX(data,,2) = monthName, INDEX(data,,3) = year),\n        INDEX(filteredData,,5)\n      )\n    ),\n  result\n)\n	1		
تعداد فیش هرشب بجز سالن	B557		LET(\n  inputDate, AN,\n  sheetName, "اهداف فروش",\n  dataRange, "A:G",\n  result,\n    IF(\n      ISBLANK(inputDate),\n      "",\n      LET(\n        date, GREG_TO_JALALI(inputDate),\n        monthName, GET_JALALI_MONTH_NAME(date),\n        year, GET_JALALI_YEAR(date),\n        data, IMPORT_FROM_SHEET(SheetsFileId_Accounting_Chalebagh, sheetName, dataRange),\n        filteredData, FILTER(data, INDEX(data,,2) = monthName, INDEX(data,,3) = year),\n        INDEX(filteredData,,5)\n      )\n    ),\n  result\n)\n	1		
تعداد فیش هرشب بجز سالن	B558		LET(\n  inputDate, AN,\n  sheetName, "اهداف فروش",\n  dataRange, "A:G",\n  result,\n    IF(\n      ISBLANK(inputDate),\n      "",\n      LET(\n        date, GREG_TO_JALALI(inputDate),\n        monthName, GET_JALALI_MONTH_NAME(date),\n        year, GET_JALALI_YEAR(date),\n        data, IMPORT_FROM_SHEET(SheetsFileId_Accounting_Chalebagh, sheetName, dataRange),\n        filteredData, FILTER(data, INDEX(data,,2) = monthName, INDEX(data,,3) = year),\n        INDEX(filteredData,,5)\n      )\n    ),\n  result\n)\n	1		
تعداد فیش هرشب بجز سالن	B559		LET(\n  inputDate, AN,\n  sheetName, "اهداف فروش",\n  dataRange, "A:G",\n  result,\n    IF(\n      ISBLANK(inputDate),\n      "",\n      LET(\n        date, GREG_TO_JALALI(inputDate),\n        monthName, GET_JALALI_MONTH_NAME(date),\n        year, GET_JALALI_YEAR(date),\n        data, IMPORT_FROM_SHEET(SheetsFileId_Accounting_Chalebagh, sheetName, dataRange),\n        filteredData, FILTER(data, INDEX(data,,2) = monthName, INDEX(data,,3) = year),\n        INDEX(filteredData,,5)\n      )\n    ),\n  result\n)\n	1		
تعداد فیش هرشب بجز سالن	B560		LET(\n  inputDate, AN,\n  sheetName, "اهداف فروش",\n  dataRange, "A:G",\n  result,\n    IF(\n      ISBLANK(inputDate),\n      "",\n      LET(\n        date, GREG_TO_JALALI(inputDate),\n        monthName, GET_JALALI_MONTH_NAME(date),\n        year, GET_JALALI_YEAR(date),\n        data, IMPORT_FROM_SHEET(SheetsFileId_Accounting_Chalebagh, sheetName, dataRange),\n        filteredData, FILTER(data, INDEX(data,,2) = monthName, INDEX(data,,3) = year),\n        INDEX(filteredData,,5)\n      )\n    ),\n  result\n)\n	1		
تعداد فیش هرشب بجز سالن	B561		LET(\n  inputDate, AN,\n  sheetName, "اهداف فروش",\n  dataRange, "A:G",\n  result,\n    IF(\n      ISBLANK(inputDate),\n      "",\n      LET(\n        date, GREG_TO_JALALI(inputDate),\n        monthName, GET_JALALI_MONTH_NAME(date),\n        year, GET_JALALI_YEAR(date),\n        data, IMPORT_FROM_SHEET(SheetsFileId_Accounting_Chalebagh, sheetName, dataRange),\n        filteredData, FILTER(data, INDEX(data,,2) = monthName, INDEX(data,,3) = year),\n        INDEX(filteredData,,5)\n      )\n    ),\n  result\n)\n	1		
تعداد فیش هرشب بجز سالن	B562		LET(\n  inputDate, AN,\n  sheetName, "اهداف فروش",\n  dataRange, "A:G",\n  result,\n    IF(\n      ISBLANK(inputDate),\n      "",\n      LET(\n        date, GREG_TO_JALALI(inputDate),\n        monthName, GET_JALALI_MONTH_NAME(date),\n        year, GET_JALALI_YEAR(date),\n        data, IMPORT_FROM_SHEET(SheetsFileId_Accounting_Chalebagh, sheetName, dataRange),\n        filteredData, FILTER(data, INDEX(data,,2) = monthName, INDEX(data,,3) = year),\n        INDEX(filteredData,,5)\n      )\n    ),\n  result\n)\n	1		
تعداد فیش هرشب بجز سالن	B563		LET(\n  inputDate, AN,\n  sheetName, "اهداف فروش",\n  dataRange, "A:G",\n  result,\n    IF(\n      ISBLANK(inputDate),\n      "",\n      LET(\n        date, GREG_TO_JALALI(inputDate),\n        monthName, GET_JALALI_MONTH_NAME(date),\n        year, GET_JALALI_YEAR(date),\n        data, IMPORT_FROM_SHEET(SheetsFileId_Accounting_Chalebagh, sheetName, dataRange),\n        filteredData, FILTER(data, INDEX(data,,2) = monthName, INDEX(data,,3) = year),\n        INDEX(filteredData,,5)\n      )\n    ),\n  result\n)\n	1		
تعداد فیش هرشب بجز سالن	B564		LET(\n  inputDate, AN,\n  sheetName, "اهداف فروش",\n  dataRange, "A:G",\n  result,\n    IF(\n      ISBLANK(inputDate),\n      "",\n      LET(\n        date, GREG_TO_JALALI(inputDate),\n        monthName, GET_JALALI_MONTH_NAME(date),\n        year, GET_JALALI_YEAR(date),\n        data, IMPORT_FROM_SHEET(SheetsFileId_Accounting_Chalebagh, sheetName, dataRange),\n        filteredData, FILTER(data, INDEX(data,,2) = monthName, INDEX(data,,3) = year),\n        INDEX(filteredData,,5)\n      )\n    ),\n  result\n)\n	1		
تعداد فیش هرشب بجز سالن	B565		LET(\n  inputDate, AN,\n  sheetName, "اهداف فروش",\n  dataRange, "A:G",\n  result,\n    IF(\n      ISBLANK(inputDate),\n      "",\n      LET(\n        date, GREG_TO_JALALI(inputDate),\n        monthName, GET_JALALI_MONTH_NAME(date),\n        year, GET_JALALI_YEAR(date),\n        data, IMPORT_FROM_SHEET(SheetsFileId_Accounting_Chalebagh, sheetName, dataRange),\n        filteredData, FILTER(data, INDEX(data,,2) = monthName, INDEX(data,,3) = year),\n        INDEX(filteredData,,5)\n      )\n    ),\n  result\n)\n	1		
تعداد فیش هرشب بجز سالن	B566		LET(\n  inputDate, AN,\n  sheetName, "اهداف فروش",\n  dataRange, "A:G",\n  result,\n    IF(\n      ISBLANK(inputDate),\n      "",\n      LET(\n        date, GREG_TO_JALALI(inputDate),\n        monthName, GET_JALALI_MONTH_NAME(date),\n        year, GET_JALALI_YEAR(date),\n        data, IMPORT_FROM_SHEET(SheetsFileId_Accounting_Chalebagh, sheetName, dataRange),\n        filteredData, FILTER(data, INDEX(data,,2) = monthName, INDEX(data,,3) = year),\n        INDEX(filteredData,,5)\n      )\n    ),\n  result\n)\n	1		
تعداد فیش هرشب بجز سالن	B567		LET(\n  inputDate, AN,\n  sheetName, "اهداف فروش",\n  dataRange, "A:G",\n  result,\n    IF(\n      ISBLANK(inputDate),\n      "",\n      LET(\n        date, GREG_TO_JALALI(inputDate),\n        monthName, GET_JALALI_MONTH_NAME(date),\n        year, GET_JALALI_YEAR(date),\n        data, IMPORT_FROM_SHEET(SheetsFileId_Accounting_Chalebagh, sheetName, dataRange),\n        filteredData, FILTER(data, INDEX(data,,2) = monthName, INDEX(data,,3) = year),\n        INDEX(filteredData,,5)\n      )\n    ),\n  result\n)\n	1		
تعداد فیش هرشب بجز سالن	B568		LET(\n  inputDate, AN,\n  sheetName, "اهداف فروش",\n  dataRange, "A:G",\n  result,\n    IF(\n      ISBLANK(inputDate),\n      "",\n      LET(\n        date, GREG_TO_JALALI(inputDate),\n        monthName, GET_JALALI_MONTH_NAME(date),\n        year, GET_JALALI_YEAR(date),\n        data, IMPORT_FROM_SHEET(SheetsFileId_Accounting_Chalebagh, sheetName, dataRange),\n        filteredData, FILTER(data, INDEX(data,,2) = monthName, INDEX(data,,3) = year),\n        INDEX(filteredData,,5)\n      )\n    ),\n  result\n)\n	1		
تعداد فیش هرشب بجز سالن	B569		LET(\n  inputDate, AN,\n  sheetName, "اهداف فروش",\n  dataRange, "A:G",\n  result,\n    IF(\n      ISBLANK(inputDate),\n      "",\n      LET(\n        date, GREG_TO_JALALI(inputDate),\n        monthName, GET_JALALI_MONTH_NAME(date),\n        year, GET_JALALI_YEAR(date),\n        data, IMPORT_FROM_SHEET(SheetsFileId_Accounting_Chalebagh, sheetName, dataRange),\n        filteredData, FILTER(data, INDEX(data,,2) = monthName, INDEX(data,,3) = year),\n        INDEX(filteredData,,5)\n      )\n    ),\n  result\n)\n	1		
تعداد فیش هرشب بجز سالن	B570		LET(\n  inputDate, AN,\n  sheetName, "اهداف فروش",\n  dataRange, "A:G",\n  result,\n    IF(\n      ISBLANK(inputDate),\n      "",\n      LET(\n        date, GREG_TO_JALALI(inputDate),\n        monthName, GET_JALALI_MONTH_NAME(date),\n        year, GET_JALALI_YEAR(date),\n        data, IMPORT_FROM_SHEET(SheetsFileId_Accounting_Chalebagh, sheetName, dataRange),\n        filteredData, FILTER(data, INDEX(data,,2) = monthName, INDEX(data,,3) = year),\n        INDEX(filteredData,,5)\n      )\n    ),\n  result\n)\n	1		
تعداد فیش هرشب بجز سالن	B571		LET(\n  inputDate, AN,\n  sheetName, "اهداف فروش",\n  dataRange, "A:G",\n  result,\n    IF(\n      ISBLANK(inputDate),\n      "",\n      LET(\n        date, GREG_TO_JALALI(inputDate),\n        monthName, GET_JALALI_MONTH_NAME(date),\n        year, GET_JALALI_YEAR(date),\n        data, IMPORT_FROM_SHEET(SheetsFileId_Accounting_Chalebagh, sheetName, dataRange),\n        filteredData, FILTER(data, INDEX(data,,2) = monthName, INDEX(data,,3) = year),\n        INDEX(filteredData,,5)\n      )\n    ),\n  result\n)\n	1		
تعداد فیش هرشب بجز سالن	B572		LET(\n  inputDate, AN,\n  sheetName, "اهداف فروش",\n  dataRange, "A:G",\n  result,\n    IF(\n      ISBLANK(inputDate),\n      "",\n      LET(\n        date, GREG_TO_JALALI(inputDate),\n        monthName, GET_JALALI_MONTH_NAME(date),\n        year, GET_JALALI_YEAR(date),\n        data, IMPORT_FROM_SHEET(SheetsFileId_Accounting_Chalebagh, sheetName, dataRange),\n        filteredData, FILTER(data, INDEX(data,,2) = monthName, INDEX(data,,3) = year),\n        INDEX(filteredData,,5)\n      )\n    ),\n  result\n)\n	1		
تعداد فیش هرشب بجز سالن	B573		LET(\n  inputDate, AN,\n  sheetName, "اهداف فروش",\n  dataRange, "A:G",\n  result,\n    IF(\n      ISBLANK(inputDate),\n      "",\n      LET(\n        date, GREG_TO_JALALI(inputDate),\n        monthName, GET_JALALI_MONTH_NAME(date),\n        year, GET_JALALI_YEAR(date),\n        data, IMPORT_FROM_SHEET(SheetsFileId_Accounting_Chalebagh, sheetName, dataRange),\n        filteredData, FILTER(data, INDEX(data,,2) = monthName, INDEX(data,,3) = year),\n        INDEX(filteredData,,5)\n      )\n    ),\n  result\n)\n	1		
تعداد فیش هرشب بجز سالن	B574		LET(\n  inputDate, AN,\n  sheetName, "اهداف فروش",\n  dataRange, "A:G",\n  result,\n    IF(\n      ISBLANK(inputDate),\n      "",\n      LET(\n        date, GREG_TO_JALALI(inputDate),\n        monthName, GET_JALALI_MONTH_NAME(date),\n        year, GET_JALALI_YEAR(date),\n        data, IMPORT_FROM_SHEET(SheetsFileId_Accounting_Chalebagh, sheetName, dataRange),\n        filteredData, FILTER(data, INDEX(data,,2) = monthName, INDEX(data,,3) = year),\n        INDEX(filteredData,,5)\n      )\n    ),\n  result\n)\n	1		
تعداد فیش هرشب بجز سالن	B575		LET(\n  inputDate, AN,\n  sheetName, "اهداف فروش",\n  dataRange, "A:G",\n  result,\n    IF(\n      ISBLANK(inputDate),\n      "",\n      LET(\n        date, GREG_TO_JALALI(inputDate),\n        monthName, GET_JALALI_MONTH_NAME(date),\n        year, GET_JALALI_YEAR(date),\n        data, IMPORT_FROM_SHEET(SheetsFileId_Accounting_Chalebagh, sheetName, dataRange),\n        filteredData, FILTER(data, INDEX(data,,2) = monthName, INDEX(data,,3) = year),\n        INDEX(filteredData,,5)\n      )\n    ),\n  result\n)\n	1		
تعداد فیش هرشب بجز سالن	B576		LET(\n  inputDate, AN,\n  sheetName, "اهداف فروش",\n  dataRange, "A:G",\n  result,\n    IF(\n      ISBLANK(inputDate),\n      "",\n      LET(\n        date, GREG_TO_JALALI(inputDate),\n        monthName, GET_JALALI_MONTH_NAME(date),\n        year, GET_JALALI_YEAR(date),\n        data, IMPORT_FROM_SHEET(SheetsFileId_Accounting_Chalebagh, sheetName, dataRange),\n        filteredData, FILTER(data, INDEX(data,,2) = monthName, INDEX(data,,3) = year),\n        INDEX(filteredData,,5)\n      )\n    ),\n  result\n)\n	1		
تعداد فیش هرشب بجز سالن	B577		LET(\n  inputDate, AN,\n  sheetName, "اهداف فروش",\n  dataRange, "A:G",\n  result,\n    IF(\n      ISBLANK(inputDate),\n      "",\n      LET(\n        date, GREG_TO_JALALI(inputDate),\n        monthName, GET_JALALI_MONTH_NAME(date),\n        year, GET_JALALI_YEAR(date),\n        data, IMPORT_FROM_SHEET(SheetsFileId_Accounting_Chalebagh, sheetName, dataRange),\n        filteredData, FILTER(data, INDEX(data,,2) = monthName, INDEX(data,,3) = year),\n        INDEX(filteredData,,5)\n      )\n    ),\n  result\n)\n	1		
تعداد فیش هرشب بجز سالن	B578		LET(\n  inputDate, AN,\n  sheetName, "اهداف فروش",\n  dataRange, "A:G",\n  result,\n    IF(\n      ISBLANK(inputDate),\n      "",\n      LET(\n        date, GREG_TO_JALALI(inputDate),\n        monthName, GET_JALALI_MONTH_NAME(date),\n        year, GET_JALALI_YEAR(date),\n        data, IMPORT_FROM_SHEET(SheetsFileId_Accounting_Chalebagh, sheetName, dataRange),\n        filteredData, FILTER(data, INDEX(data,,2) = monthName, INDEX(data,,3) = year),\n        INDEX(filteredData,,5)\n      )\n    ),\n  result\n)\n	1		
تعداد فیش هرشب بجز سالن	B579		LET(\n  inputDate, AN,\n  sheetName, "اهداف فروش",\n  dataRange, "A:G",\n  result,\n    IF(\n      ISBLANK(inputDate),\n      "",\n      LET(\n        date, GREG_TO_JALALI(inputDate),\n        monthName, GET_JALALI_MONTH_NAME(date),\n        year, GET_JALALI_YEAR(date),\n        data, IMPORT_FROM_SHEET(SheetsFileId_Accounting_Chalebagh, sheetName, dataRange),\n        filteredData, FILTER(data, INDEX(data,,2) = monthName, INDEX(data,,3) = year),\n        INDEX(filteredData,,5)\n      )\n    ),\n  result\n)\n	1		
تعداد فیش هرشب بجز سالن	B580		LET(\n  inputDate, AN,\n  sheetName, "اهداف فروش",\n  dataRange, "A:G",\n  result,\n    IF(\n      ISBLANK(inputDate),\n      "",\n      LET(\n        date, GREG_TO_JALALI(inputDate),\n        monthName, GET_JALALI_MONTH_NAME(date),\n        year, GET_JALALI_YEAR(date),\n        data, IMPORT_FROM_SHEET(SheetsFileId_Accounting_Chalebagh, sheetName, dataRange),\n        filteredData, FILTER(data, INDEX(data,,2) = monthName, INDEX(data,,3) = year),\n        INDEX(filteredData,,5)\n      )\n    ),\n  result\n)\n	1		
تعداد فیش هرشب بجز سالن	B581		LET(\n  inputDate, AN,\n  sheetName, "اهداف فروش",\n  dataRange, "A:G",\n  result,\n    IF(\n      ISBLANK(inputDate),\n      "",\n      LET(\n        date, GREG_TO_JALALI(inputDate),\n        monthName, GET_JALALI_MONTH_NAME(date),\n        year, GET_JALALI_YEAR(date),\n        data, IMPORT_FROM_SHEET(SheetsFileId_Accounting_Chalebagh, sheetName, dataRange),\n        filteredData, FILTER(data, INDEX(data,,2) = monthName, INDEX(data,,3) = year),\n        INDEX(filteredData,,5)\n      )\n    ),\n  result\n)\n	1		
تعداد فیش هرشب بجز سالن	B582		LET(\n  inputDate, AN,\n  sheetName, "اهداف فروش",\n  dataRange, "A:G",\n  result,\n    IF(\n      ISBLANK(inputDate),\n      "",\n      LET(\n        date, GREG_TO_JALALI(inputDate),\n        monthName, GET_JALALI_MONTH_NAME(date),\n        year, GET_JALALI_YEAR(date),\n        data, IMPORT_FROM_SHEET(SheetsFileId_Accounting_Chalebagh, sheetName, dataRange),\n        filteredData, FILTER(data, INDEX(data,,2) = monthName, INDEX(data,,3) = year),\n        INDEX(filteredData,,5)\n      )\n    ),\n  result\n)\n	1		
تعداد فیش هرشب بجز سالن	B583		LET(\n  inputDate, AN,\n  sheetName, "اهداف فروش",\n  dataRange, "A:G",\n  result,\n    IF(\n      ISBLANK(inputDate),\n      "",\n      LET(\n        date, GREG_TO_JALALI(inputDate),\n        monthName, GET_JALALI_MONTH_NAME(date),\n        year, GET_JALALI_YEAR(date),\n        data, IMPORT_FROM_SHEET(SheetsFileId_Accounting_Chalebagh, sheetName, dataRange),\n        filteredData, FILTER(data, INDEX(data,,2) = monthName, INDEX(data,,3) = year),\n        INDEX(filteredData,,5)\n      )\n    ),\n  result\n)\n	1		
تعداد فیش هرشب بجز سالن	B584		LET(\n  inputDate, AN,\n  sheetName, "اهداف فروش",\n  dataRange, "A:G",\n  result,\n    IF(\n      ISBLANK(inputDate),\n      "",\n      LET(\n        date, GREG_TO_JALALI(inputDate),\n        monthName, GET_JALALI_MONTH_NAME(date),\n        year, GET_JALALI_YEAR(date),\n        data, IMPORT_FROM_SHEET(SheetsFileId_Accounting_Chalebagh, sheetName, dataRange),\n        filteredData, FILTER(data, INDEX(data,,2) = monthName, INDEX(data,,3) = year),\n        INDEX(filteredData,,5)\n      )\n    ),\n  result\n)\n	1		
تعداد فیش هرشب بجز سالن	B585		LET(\n  inputDate, AN,\n  sheetName, "اهداف فروش",\n  dataRange, "A:G",\n  result,\n    IF(\n      ISBLANK(inputDate),\n      "",\n      LET(\n        date, GREG_TO_JALALI(inputDate),\n        monthName, GET_JALALI_MONTH_NAME(date),\n        year, GET_JALALI_YEAR(date),\n        data, IMPORT_FROM_SHEET(SheetsFileId_Accounting_Chalebagh, sheetName, dataRange),\n        filteredData, FILTER(data, INDEX(data,,2) = monthName, INDEX(data,,3) = year),\n        INDEX(filteredData,,5)\n      )\n    ),\n  result\n)\n	1		
